S	SGEHEAPRUNMARKER	20	game
F	0	8	leListEntry
F	8	2	nElement
F	10	2	nLength
F	12	4	dwRefCount
F	12	4	fAllocated
F	16	4	pvBaseAddress
S	mmtime_tag	12	game
F	0	4	wType
F	4	8	u
S	PMD	12	game
F	0	4	mdisp
F	4	4	pdisp
F	8	4	vdisp
S	smplacement_t	212	game
F	0	32	name
F	32	4	libPartIndex
F	36	12	pos
F	48	12	rot
F	60	12	scale
F	72	48	matrix
F	120	48	invMatrix
F	168	4	flags
F	172	4	pPlcVerts
F	176	4	pSMTris
F	180	4	pPlcTris
F	184	4	pGeosets
F	188	4	pVertNormals
F	192	4	pVertColors
F	196	4	pPlanes
F	200	4	nPlanes
F	204	4	ppTriLists
F	208	4	nVerts
S	smcolor_t	12	game
F	0	4	r
F	4	4	g
F	8	4	b
S	smworld_t	336	game
F	0	128	name
F	128	1	fHasDevData
F	129	3	__align0
F	132	4	pPlacements
F	136	4	nPlacements
F	140	4	pLibParts
F	144	4	nLibParts
F	148	4	pTextures
F	152	4	nTextures
F	156	4	pLights
F	160	4	nLights
F	164	12	ambientColor
F	176	92	sky
F	268	4	pSMModels
F	272	4	nSMModels
F	276	4	nAI
F	280	4	apAI
F	284	4	nEmit
F	288	4	cEmit
F	292	4	nEmitMax
F	296	4	pEmit
F	300	12	cameraOffset
F	312	12	cameraStartPos
F	324	12	cameraTargetPos
S	smlibpart_t	112	game
F	0	32	name
F	32	4	pVerts
F	36	4	nVerts
F	40	4	pSMTris
F	44	4	nTris
F	48	4	pVertNormals
F	52	4	pTexCoords
F	56	12	min
F	68	12	max
F	80	4	nTexCoords
F	84	4	pGeosets
F	88	4	nGeosets
F	92	4	flags
F	96	4	listId
F	100	12	pad
S	smlight_t	104	game
F	0	32	name
F	32	12	pos
F	44	12	color
F	56	4	radius
F	60	4	type
F	64	12	dir
F	76	4	coneAngle
F	80	4	intensity
F	84	4	flags
F	88	4	pLightRays
F	92	4	nLightRays
F	96	4	maxLightRays
F	100	4	fallStart
S	smsky_t	92	game
F	0	4	cloud0
F	4	4	cloud1
F	8	4	east
F	12	4	west
F	16	4	north
F	20	4	south
F	24	4	up
F	28	4	down
F	32	12	dir0
F	44	4	speed0
F	48	4	scale0
F	52	4	alpha0
F	56	12	dir1
F	68	4	speed1
F	72	4	scale1
F	76	4	alpha1
F	80	12	ambientColor
S	smemitplace_t	152	game
F	0	32	name
F	32	4	num
F	36	4	handle
F	40	4	folder
F	44	4	used
F	48	12	location
F	60	4	activeRange
F	64	32	aTName
F	96	12	orient
F	108	12	up
F	120	4	multiplier
F	124	4	emitFlags
F	128	4	rate
F	132	4	flags
F	136	12	pad
F	148	4	activeID
S	smtrilink_s	16	game
F	0	4	pTri
F	4	4	pMap
F	8	4	pVerts
F	12	4	pNext
S	smtri_t	152	game
F	0	4	tex
F	4	12	vi
F	16	12	tc
F	28	4	flags
F	32	12	n
F	44	12	s
F	56	12	t
F	68	12	bp
F	80	8	stshift
F	88	36	edgeInnerNormals
F	124	12	min
F	136	12	max
F	148	4	backfaceConst
S	smtexture_t	32	game
F	0	4	pTexture
F	4	24	uv
F	28	4	pData
S	smlightray_t	20	game
F	0	12	end
F	12	4	placement
F	16	4	face
S	smplctri_t	8	game
F	0	4	flags
F	4	4	pMap
S	smgeoset_t	44	game
F	0	4	nTris
F	4	4	startTri
F	8	4	texture
F	12	4	envmap
F	16	4	flags
F	20	4	nStripStart
F	24	4	nStripLength
F	28	4	listId
F	32	12	pad
S	smplane_t	204	game
F	0	4	pTriList
F	4	12	n
F	16	12	s
F	28	12	t
F	40	12	bp
F	52	8	stshift
F	60	48	edgeInnerNormals
F	108	48	verts
F	156	32	uv
F	188	4	w
F	192	4	h
F	196	4	pData
F	200	4	pTexture
S	enemy	916	game
F	0	4	type
F	4	104	objgrp
F	108	72	atree
F	180	4	state
F	184	20	atts
F	204	4	action
F	208	4	daction
F	212	264	actionlist
F	476	4	shadow
F	480	4	specialfx
F	484	24	skinfx
F	508	2	gridnext
F	510	2	area
F	512	4	health
F	516	2	damage_count
F	518	2	org_lvl
F	520	4	attack_timer
F	524	4	stun_timer
F	528	12	trans
F	540	4	flooroffset
F	544	12	attn_offset
F	556	12	coll_offset
F	568	4	rad
F	572	4	hht
F	576	12	pyr
F	588	4	ang
F	592	4	angbak
F	596	4	anghit
F	600	4	genang_offset
F	604	12	pushed
F	616	4	pushang
F	620	4	pushmag2
F	624	4	push_cnt
F	628	2	closest
F	630	2	prev_closest
F	632	4	close_dist
F	636	4	actual_dist
F	640	2	moved
F	642	2	stopped
F	644	4	coll_pnum
F	648	4	coll_enenum
F	652	4	coll_ip
F	656	4	generator
F	660	4	floory
F	664	4	floor_wobj
F	668	4	floor_surf
F	672	4	damage
F	676	4	damagetype
F	680	12	damagedir
F	692	20	fxhittime
F	712	4	fxhitidx
F	716	2	attack_index
F	718	2	attack_count
F	720	4	attack_flag
F	724	2	endurance
F	726	2	watchdog
F	728	2	birth_style
F	730	2	visible
F	732	2	visactive
F	734	2	recognized
F	736	12	dest
F	748	12	birth_pos
F	760	4	sensor
F	764	4	view
F	768	4	sight
F	772	4	xspd
F	776	4	zspd
F	780	4	prev_dir
F	784	2	algorithm
F	786	2	old_ai
F	788	2	prev_ai
F	790	2	mode1
F	792	2	mode2
F	794	2	__align0
F	796	4	flag1
F	800	4	flag2
F	804	4	counter1
F	808	4	counter2
F	812	4	skip_itemcol
F	816	4	ai_flags
F	820	4	prev_enemy
F	824	4	next_enemy
F	828	4	guard_mode
F	832	4	guard_closest
F	836	4	guard_dist
F	840	4	plr_ms
F	844	4	ms_idx
F	848	4	max_msidx
F	852	4	route
F	856	4	dead_end
F	860	4	count
F	864	4	lost
F	868	2	collided
F	870	2	stuck_count
F	872	4	operation_speed
F	876	4	operation_count
F	880	4	lv
F	884	4	play
F	888	4	idle_time
F	892	4	idle_secs
F	896	4	idle_frac
F	900	4	gotitem
F	904	4	alpha
F	908	4	prev_frame
F	912	4	anim_done
S	enemy_data	24	game
F	0	4	type
F	4	4	subtype
F	8	8	audname
F	16	8	desc
S	enemydata	20	game
F	0	2	etype
F	2	1	strength
F	3	1	ai
F	4	4	ang
F	8	4	flags
F	12	4	rad
F	16	2	interval
F	18	2	pickup
S	enemyinfo	12	game
F	0	2	strength
F	2	2	ai
F	4	4	rad
F	8	2	interval
F	10	2	dummy
S	playermodelinfo	76	game
F	0	4	ptype
F	4	4	color
F	8	4	level
F	12	4	hidden
F	16	4	modelidx
F	20	4	atreeidx
F	24	4	maxmodelsize
F	28	4	maxanimsize
F	32	4	maxtexturesize
F	36	4	atreelist
F	40	4	maxgeoanimsize
F	44	4	geoatreeidx
F	48	4	geoatreelist
F	52	4	sfxmodelidx
F	56	4	sfxatreeidx
F	60	4	sfxmaxmodelsize
F	64	4	sfxmaxanimsize
F	68	4	sfxmaxtexturesize
F	72	4	sfxatreelist
S	smmodel_t	264	game
F	0	32	name
F	32	96	physics
F	128	4	scale
F	132	4	speed
F	136	4	dir
F	140	4	aiNum
F	144	4	nWay
F	148	4	pWay
F	152	4	pEnemy
F	156	4	anim
F	160	1	fPlayAnimBackwards
F	161	3	__align0
F	164	4	animStartTime
F	168	4	animFlags
F	172	4	prevAnim
F	176	4	animSpeed
F	180	24	groundTriIntersection
F	204	4	pGroundTriIntersection
F	208	1	fSlerping
F	209	3	__align1
F	212	4	slerpStartTime
F	216	4	slerpEndTime
F	220	4	slerpPrevAnim
F	224	4	pModel
F	228	1	fLoaded
F	229	3	__align2
F	232	4	flags
F	236	4	pExtra
F	240	12	ambientColor
F	252	12	startPos
S	smphysics_t	96	game
F	0	12	pos
F	12	12	prevPos
F	24	12	vel
F	36	4	yaw
F	40	4	pitch
F	44	4	flags
F	48	48	matrix
S	smwaypoint_t	16	game
F	0	12	pos
F	12	4	flags
S	smtexel_t	16	game
F	0	4	r
F	4	4	g
F	8	4	b
F	12	1	fWithin
S	smintersection_t	24	game
F	0	4	dist
F	4	12	p
F	16	4	pPlacement
F	20	4	triNum
S	IDirectXFileObjectVtbl	20	misc
S	__unnamed_150	8	misc
F	0	4	Offset
F	4	4	Length
S	__unnamed_151	8	misc
F	0	4	BA
F	4	4	Len
S	__unnamed_154	16	misc
F	0	4	hMem
F	4	12	dwReserved
S	__unnamed_155	16	misc
F	0	4	dwCommittedSize
F	4	4	dwUnCommittedSize
F	8	4	lpFirstBlock
F	12	4	lpLastBlock
S	_Wx86TIB	64	misc
F	0	4	Size
F	4	4	InitialPc
F	8	4	StackBase
F	12	4	StackLimit
F	16	4	DeallocationStack
F	20	4	LogFlags
F	24	4	InitialSp
F	28	1	SimulationCount
F	29	1	InCpuSimulation
F	30	1	EmulateInitialPc
F	31	1	Initialized
F	32	4	ExceptionList
F	36	4	CpuContext
F	40	4	InitialExceptionContext
F	44	4	pCallersRIID
F	48	4	pCallersUnknown
F	52	4	Flags
F	56	4	SelfRegDllName
F	60	4	SelfRegDllHandle
S	_EXCEPTION_RECORD	80	misc
F	0	4	ExceptionCode
F	4	4	ExceptionFlags
F	8	4	ExceptionRecord
F	12	4	ExceptionAddress
F	16	4	NumberParameters
F	20	60	ExceptionInformation
S	__unnamed_168	24	misc
F	0	4	Length
F	4	4	Alignment
F	8	8	MinimumAddress
F	16	8	MaximumAddress
S	__unnamed_169	8	misc
F	0	4	MinimumVector
F	4	4	MaximumVector
S	__unnamed_170	8	misc
F	0	4	MinimumChannel
F	4	4	MaximumChannel
S	__unnamed_171	12	misc
F	0	12	Data
S	__unnamed_172	16	misc
F	0	4	Length
F	4	4	MinBusNumber
F	8	4	MaxBusNumber
F	12	4	Reserved
S	__unnamed_173	4	misc
F	0	4	AssignedResource
S	__unnamed_174	16	misc
F	0	1	Type
F	1	3	Reserved
F	4	4	AssignedResource
F	8	8	Transformation
S	__unnamed_175	12	misc
F	0	4	Priority
F	4	4	Reserved1
F	8	4	Reserved2
S	__unnamed_176	24	misc
F	0	24	Port
F	0	24	Memory
F	0	8	Interrupt
F	0	8	Dma
F	0	24	Generic
F	0	12	DevicePrivate
F	0	16	BusNumber
F	0	4	AssignedResource
F	0	16	SubAllocateFrom
F	0	12	ConfigData
S	fd_set	260	misc
F	0	4	fd_count
F	4	256	fd_array
S	_NLSTABLEINFO	96	misc
F	0	44	OemTableInfo
F	44	44	AnsiTableInfo
F	88	4	UpperCaseTable
F	92	4	LowerCaseTable
S	__unnamed_203	4	misc
F	0	4	Register
F	0	4	Raw
S	__unnamed_204	8	misc
F	0	8	Bit64
F	0	8	Bit32
S	_PCI_MSI_CAPABILITY	16	misc
F	0	2	Header
F	2	2	MessageControl
F	4	4	MessageAddress
F	8	8	Data
S	__unnamed_208	8	misc
F	0	4	Settable
F	4	4	Tag
S	__unnamed_209	8	misc
F	0	4	CommittedSize
F	4	4	FirstBlock
S	__unnamed_210	8	misc
F	0	8	s1
F	0	8	s2
S	_FLOAT128	16	misc
F	0	8	LowPart
F	8	8	HighPart
S	__unnamed_216	4	misc
F	0	1	BaseMid
F	1	1	Flags1
F	2	1	Flags2
F	3	1	BaseHi
S	__unnamed_217	4	misc
F	0	4	BaseMid
F	0	4	Type
F	0	4	Dpl
F	0	4	Pres
F	0	4	LimitHi
F	0	4	Sys
F	0	4	Reserved_0
F	0	4	Default_Big
F	0	4	Granularity
F	0	4	BaseHi
S	__unnamed_218	4	misc
F	0	4	Bytes
F	0	4	Bits
S	_LDT_ENTRY	8	misc
F	0	2	LimitLow
F	2	2	BaseLow
F	4	4	HighWord
S	HKL__	4	misc
F	0	4	unused
S	_POINTL	8	misc
F	0	4	x
F	4	4	y
S	_DRIVER_VERIFIER_THUNK_PAIRS	8	misc
S	__unnamed_230	4	misc
F	0	2	Linenumber
F	2	2	Size
S	__unnamed_231	4	misc
F	0	4	LnSz
F	0	4	TotalSize
S	__unnamed_232	8	misc
F	0	4	PointerToLinenumber
F	4	4	PointerToNextFunction
S	__unnamed_233	8	misc
F	0	8	Dimension
S	__unnamed_234	8	misc
F	0	8	Function
F	0	8	Array
S	__unnamed_235	18	misc
F	0	4	TagIndex
F	4	4	Misc
F	8	8	FcnAry
F	16	2	TvIndex
S	__unnamed_236	18	misc
F	0	18	Name
S	__unnamed_237	16	misc
F	0	4	Length
F	4	2	NumberOfRelocations
F	6	2	NumberOfLinenumbers
F	8	4	CheckSum
F	12	2	Number
F	14	1	Selection
S	_BY_HANDLE_FILE_INFORMATION	52	misc
F	0	4	dwFileAttributes
F	4	8	ftCreationTime
F	12	8	ftLastAccessTime
F	20	8	ftLastWriteTime
F	28	4	dwVolumeSerialNumber
F	32	4	nFileSizeHigh
F	36	4	nFileSizeLow
F	40	4	nNumberOfLinks
F	44	4	nFileIndexHigh
F	48	4	nFileIndexLow
S	AIFFINSTRUMENT	20	misc
F	0	1	bBaseNote
F	1	1	bDetune
F	2	1	bLowNote
F	3	1	bHighNote
F	4	1	bLowVelocity
F	5	1	bHighVelocity
F	6	2	nGain
F	8	6	SustainLoop
F	14	6	ReleaseLoop
S	_OBJECT_DIRECTORY_INFORMATION	12	misc
F	0	8	Name
F	8	4	Type
S	sockaddr	16	misc
F	0	2	sa_family
F	2	14	sa_data
S	WAVESAMPLE	20	misc
F	0	4	dwSize
F	4	2	wUnityNote
F	6	2	nFineTune
F	8	4	lGain
F	12	4	dwOptions
F	16	4	dwSampleLoops
S	_FX_STATE_PARAMETERS	860	misc
F	0	255	EffectName
F	255	1	__align0
F	256	4	dwNumParams
F	260	600	aParamDescriptions
S	R_GP_RESET	4	misc
F	0	4	Global
F	0	4	DSP
F	0	4	NMI
F	0	4	Abort
F	0	4	uValue
S	AIFFMARKERHDR	2	misc
F	0	2	wMarkerCount
S	_CONTEXT	568	misc
F	0	4	ContextFlags
F	4	516	FloatSave
F	520	4	Edi
F	524	4	Esi
F	528	4	Ebx
F	532	4	Edx
F	536	4	Ecx
F	540	4	Eax
F	544	4	Ebp
F	548	4	Eip
F	552	4	SegCs
F	556	4	EFlags
F	560	4	Esp
F	564	4	SegSs
S	PROCESSOR_STATE_HANDLER	36	misc
F	0	1	ThrottleScale
F	1	1	ThrottleOnIdle
F	2	2	__align0
F	8	4	NumIdleHandlers
F	12	24	IdleHandler
S	_XMEDIAPACKET	24	misc
F	0	4	pvBuffer
F	4	4	dwMaxSize
F	8	4	pdwCompletedSize
F	12	4	pdwStatus
F	16	4	hCompletionEvent
F	16	4	pContext
F	20	4	prtTimestamp
S	_OBJECT_HEADER_NAME_INFO	16	misc
F	0	4	ChainLink
F	4	4	Directory
F	8	8	Name
S	XAc97MediaObject	4	misc
F	0	4	lpVtbl
S	SYSTEM_POWER_LEVEL	24	misc
F	0	1	Enable
F	1	3	Spare
F	4	4	BatteryLevel
F	8	12	PowerPolicy
F	20	4	MinSystemState
S	_ACCESS_ALLOWED_OBJECT_ACE	48	misc
F	0	4	Header
F	4	4	Mask
F	8	4	Flags
F	12	16	ObjectType
F	28	16	InheritedObjectType
F	44	4	SidStart
S	IDirectXFileSaveObjectVtbl	24	misc
S	AIFFMARKER	8	misc
F	0	2	wMarkerId
F	2	4	dwPosition
F	6	1	bNameLength
F	7	1	szMarkerName
S	LIST_ENTRY32	8	misc
F	0	4	Flink
F	4	4	Blink
S	XWmaFileMediaObject	4	misc
F	0	4	lpVtbl
S	_COMPOUND_ACCESS_ALLOWED_ACE	16	misc
F	0	4	Header
F	4	4	Mask
F	8	2	CompoundAceType
F	10	2	Reserved
F	12	4	SidStart
S	_QUOTA_LIMITS	32	misc
F	0	4	PagedPoolLimit
F	4	4	NonPagedPoolLimit
F	8	4	MinimumWorkingSetSize
F	12	4	MaximumWorkingSetSize
F	16	4	PagefileLimit
F	20	4	__align0
F	24	8	TimeLimit
S	_XGAME_FIND_DATA	836	misc
F	0	320	wfd
F	320	260	szSaveGameDirectory
F	580	256	szSaveGameName
S	IUnknownVtbl	12	misc
S	SLOPMEMENTRY	12	misc
F	0	8	leListEntry
F	8	4	pvBaseAddress
S	_XPP_DEVICE_TYPE	12	misc
F	0	12	Reserved
S	_MESSAGE_RESOURCE_BLOCK	12	misc
F	0	4	LowId
F	4	4	HighId
F	8	4	OffsetToEntries
S	_FSCACHE_ELEMENT	20	misc
F	0	4	BlockNumber
F	4	4	CacheExtension
F	8	4	UsageCount
F	8	4	ReadInProgress
F	8	4	ReadWaiters
F	8	4	DeletePending
F	8	4	Reserved
F	8	4	CacheBufferBits
F	8	4	CacheBuffer
F	12	8	ListEntry
S	_MEMORY_BASIC_INFORMATION	28	misc
F	0	4	BaseAddress
F	4	4	AllocationBase
F	8	4	AllocationProtect
F	12	4	RegionSize
F	16	4	State
F	20	4	Protect
F	24	4	Type
S	__unnamed_312	4	misc
F	0	4	Reserved1
F	0	4	RegisterNumber
F	0	4	FunctionNumber
F	0	4	Reserved2
S	__unnamed_313	4	misc
F	0	4	bits
F	0	4	AsULONG
S	_PCI_TYPE0_CFG_CYCLE_BITS	4	misc
F	0	4	u
S	sockaddr_in	16	misc
F	0	2	sin_family
F	2	2	sin_port
F	4	4	sin_addr
F	8	8	sin_zero
S	AIFFFORMAT	20	misc
F	0	2	nChannels
F	2	4	dwSampleCount
F	6	2	wBitsPerSample
F	8	2	wFrequencyExponent
F	10	4	dwFrequencyMantissa
F	14	2	wReserved
F	16	4	dwCompression
S	_PCI_PMCSR	2	misc
F	0	2	PowerState
F	0	2	Rsvd1
F	0	2	PMEEnable
F	0	2	DataSelect
F	0	2	DataScale
F	0	2	PMEStatus
S	_FIBER	592	misc
F	0	4	FiberData
F	4	4	ExceptionList
F	8	4	StackBase
F	12	4	StackLimit
F	16	4	DeallocationStack
F	20	568	FiberContext
F	588	4	Wx86Tib
S	_EISA_MEMORY_TYPE	1	misc
F	0	1	ReadWrite
F	0	1	Cached
F	0	1	Reserved0
F	0	1	Type
F	0	1	Shared
F	0	1	Reserved1
F	0	1	MoreEntries
S	_SHARE_ACCESS	7	misc
F	0	1	OpenCount
F	1	1	Readers
F	2	1	Writers
F	3	1	Deleters
F	4	1	SharedRead
F	5	1	SharedWrite
F	6	1	SharedDelete
S	_DMA_CONFIGURATION_BYTE1	1	misc
F	0	1	Reserved0
F	0	1	TransferSize
F	0	1	Timing
F	0	1	Reserved1
S	__unnamed_337	48	misc
F	0	48	type0
F	0	48	type1
F	0	48	type2
S	_PCI_COMMON_CONFIG	256	misc
F	0	2	VendorID
F	2	2	DeviceID
F	4	2	Command
F	6	2	Status
F	8	1	RevisionID
F	9	1	ProgIf
F	10	1	SubClass
F	11	1	BaseClass
F	12	1	CacheLineSize
F	13	1	LatencyTimer
F	14	1	HeaderType
F	15	1	BIST
F	16	48	u
F	64	192	DeviceSpecific
S	_LDR_DATA_TABLE_ENTRY32	72	misc
F	0	8	InLoadOrderLinks
F	8	8	InMemoryOrderLinks
F	16	8	InInitializationOrderLinks
F	24	4	DllBase
F	28	4	EntryPoint
F	32	4	SizeOfImage
F	36	8	FullDllName
F	44	8	BaseDllName
F	52	4	Flags
F	56	2	LoadCount
F	58	2	TlsIndex
F	60	8	HashLinks
F	60	4	SectionPointer
F	64	4	CheckSum
F	68	4	TimeDateStamp
F	68	4	LoadedImports
S	_SINGLE_LIST_ENTRY	4	misc
F	0	4	Next
S	__unnamed_346	8	misc
F	0	4	OldStackBase
F	4	4	OldStackLimit
S	_INITIAL_TEB	20	misc
F	0	8	OldInitialTeb
F	8	4	StackBase
F	12	4	StackLimit
F	16	4	StackAllocationBase
S	R_GPDMA_CONFIG	4	misc
F	0	4	Start
F	0	4	Ready
F	0	4	ReqIOC
F	0	4	ReqEOL
F	0	4	ReqErr
F	0	4	uValue
S	DSWAVEFORMAT	12	misc
F	0	2	wFormatTag
F	2	1	nChannels
F	3	1	wBitsPerSample
F	4	4	nSamplesPerSec
F	8	4	nBlockAlign
S	_FILETIME	8	misc
F	0	4	dwLowDateTime
F	4	4	dwHighDateTime
S	__unnamed_357	4	misc
F	0	4	NameOrId
F	0	4	Name
F	0	2	Id
F	2	2	NameIsPresent
S	_LDR_ENUM_RESOURCE_ENTRY	24	misc
F	0	12	Path
F	12	4	Data
F	16	4	Size
F	20	4	Reserved
S	_VM_COUNTERS	44	misc
F	0	4	PeakVirtualSize
F	4	4	VirtualSize
F	8	4	PageFaultCount
F	12	4	PeakWorkingSetSize
F	16	4	WorkingSetSize
F	20	4	QuotaPeakPagedPoolUsage
F	24	4	QuotaPagedPoolUsage
F	28	4	QuotaPeakNonPagedPoolUsage
F	32	4	QuotaNonPagedPoolUsage
F	36	4	PagefileUsage
F	40	4	PeakPagefileUsage
S	_OBJECT_SYMBOLIC_LINK	12	misc
F	0	4	LinkTargetObject
F	4	8	LinkTarget
S	_ACCESS_DENIED_ACE	12	misc
F	0	4	Header
F	4	4	Mask
F	8	4	SidStart
S	__unnamed_367	4	misc
F	0	4	SymbolTableIndex
F	0	4	VirtualAddress
S	_OBJECT_DIRECTORY	44	misc
F	0	44	HashBuckets
S	_OBJECT_HANDLE_TABLE	48	misc
F	0	4	HandleCount
F	4	4	FirstFreeTableEntry
F	8	4	NextHandleNeedingPool
F	12	4	RootTable
F	16	32	BuiltinRootTable
S	IUnknown	4	misc
F	0	4	lpVtbl
S	_FP_64	8	misc
F	0	8	W
S	__unnamed_375	4	misc
F	0	4	Reserved1
F	0	4	RegisterNumber
F	0	4	FunctionNumber
F	0	4	DeviceNumber
F	0	4	BusNumber
F	0	4	Reserved2
S	__unnamed_376	4	misc
F	0	4	bits
F	0	4	AsULONG
S	_PCI_TYPE1_CFG_CYCLE_BITS	4	misc
F	0	4	u
S	HENHMETAFILE__	4	misc
F	0	4	unused
S	_EISA_IRQ_CONFIGURATION	2	misc
F	0	1	ConfigurationByte
F	1	1	Reserved
S	_PCI_PMC	2	misc
F	0	1	Version
F	0	1	PMEClock
F	0	1	Rsvd1
F	0	1	DeviceSpecificInitialization
F	0	1	Rsvd2
F	1	1	Support
S	_OSVERSIONINFOW	276	misc
F	0	4	dwOSVersionInfoSize
F	4	4	dwMajorVersion
F	8	4	dwMinorVersion
F	12	4	dwBuildNumber
F	16	4	dwPlatformId
F	20	256	szCSDVersion
S	_MICROCODE_UPDATE_DATA_BLOCK	2048	misc
F	0	4	HeaderVersion
F	4	4	UpdateRevision
F	8	2	Year
F	10	1	Day
F	11	1	Month
F	12	4	Processor
F	16	4	Checksum
F	20	4	LoaderRevision
F	24	4	ProcessorFlags
F	28	20	Reserved
F	48	2000	UpdateData
S	__unnamed_385	8	misc
F	0	4	LowPart
F	4	4	HighPart
S	_LARGE_INTEGER	8	misc
F	0	4	LowPart
F	4	4	HighPart
F	0	8	u
F	0	8	QuadPart
S	__unnamed_396	4	misc
F	0	4	count0
F	0	4	count1
S	WORD2	4	misc
F	0	4	field
F	0	4	uValue
S	__unnamed_399	9	misc
F	0	4	Vector
F	4	4	Affinity
F	8	1	Irql
S	__unnamed_400	21	misc
F	0	12	Address
F	12	9	Interrupt
S	_PCI_DEVICE_DESCRIPTOR	37	misc
F	0	4	Bus
F	4	4	Slot
F	8	2	VendorID
F	10	2	DeviceID
F	12	1	BaseClass
F	13	1	SubClass
F	14	1	ProgIf
F	15	1	Reserved
F	16	21	ResourceData
S	_OBJECT_HEADER	24	misc
F	0	4	PointerCount
F	4	4	HandleCount
F	8	4	Type
F	12	4	Flags
F	16	8	Body
S	_PEB_LDR_DATA	36	misc
F	0	4	Length
F	4	1	Initialized
F	5	3	__align0
F	8	4	SsHandle
F	12	8	InLoadOrderModuleList
F	20	8	InMemoryOrderModuleList
F	28	8	InInitializationOrderModuleList
S	RIFFHEADER	8	misc
F	0	4	dwChunkId
F	4	4	dwDataSize
S	_LPCSVR_INITIALIZE	20	misc
F	0	4	ContextSize
S	_DIRECTORY_ENUM_CONTEXT	12	misc
F	0	4	QueryOffset
F	4	8	TemplateFileName
S	WAVEFORMATEXTENSIBLE	40	misc
F	0	18	Format
F	18	2	Samples
F	20	4	dwChannelMask
F	24	16	SubFormat
S	ANON_OBJECT_HEADER	32	misc
F	0	2	Sig1
F	2	2	Sig2
F	4	2	Version
F	6	2	Machine
F	8	4	TimeDateStamp
F	12	16	ClassID
F	28	4	SizeOfData
S	_WIN32_FILE_ATTRIBUTE_DATA	36	misc
F	0	4	dwFileAttributes
F	4	8	ftCreationTime
F	12	8	ftLastAccessTime
F	20	8	ftLastWriteTime
F	28	4	nFileSizeHigh
F	32	4	nFileSizeLow
S	_OSVERSIONINFOEXA	156	misc
F	0	4	dwOSVersionInfoSize
F	4	4	dwMajorVersion
F	8	4	dwMinorVersion
F	12	4	dwBuildNumber
F	16	4	dwPlatformId
F	20	128	szCSDVersion
F	148	2	wServicePackMajor
F	150	2	wServicePackMinor
F	152	2	wSuiteMask
F	154	1	wProductType
F	155	1	wReserved
S	_PCI_MSI_MESSAGE_ADDRESS	4	misc
F	0	4	Reserved
F	0	4	Address
S	__unnamed_430	8	misc
F	0	4	Short
F	4	4	Long
S	__unnamed_431	8	misc
F	0	8	ShortName
F	0	8	Name
F	0	8	LongName
S	DSP_CONTROL	16	misc
F	0	4	w0
F	4	4	w1
F	8	4	w2
F	12	4	w3
S	_CLIENT_ID	8	misc
F	0	4	UniqueProcess
F	4	4	UniqueThread
S	_WSABUF	8	misc
F	0	4	len
F	4	4	buf
S	_OBJECT_ATTRIBUTES	12	misc
F	0	4	RootDirectory
F	4	4	ObjectName
F	8	4	Attributes
S	_DMA_CONFIGURATION_BYTE0	1	misc
F	0	1	Channel
F	0	1	Reserved
F	0	1	Shared
F	0	1	MoreEntries
S	IDirectXFileEnumObjectVtbl	24	misc
S	_ACCESS_ALLOWED_ACE	12	misc
F	0	4	Header
F	4	4	Mask
F	8	4	SidStart
S	_HAL_SHUTDOWN_REGISTRATION	16	misc
F	4	4	Priority
F	8	8	ListEntry
S	IDirectXFile	4	misc
F	0	4	lpVtbl
S	RTL_ACE_DATA	12	misc
F	0	1	AceType
F	1	1	InheritFlags
F	2	1	AceFlags
F	3	1	__align0
F	4	4	Mask
F	8	4	Sid
S	__unnamed_451	4	misc
F	0	4	ForwarderString
F	0	4	Function
F	0	4	Ordinal
F	0	4	AddressOfData
S	_LDR_DATA_TABLE_ENTRY	72	misc
F	0	8	InLoadOrderLinks
F	8	8	InMemoryOrderLinks
F	16	8	InInitializationOrderLinks
F	24	4	DllBase
F	28	4	EntryPoint
F	32	4	SizeOfImage
F	36	8	FullDllName
F	44	8	BaseDllName
F	52	4	Flags
F	56	2	LoadCount
F	58	2	TlsIndex
F	60	8	HashLinks
F	60	4	SectionPointer
F	64	4	CheckSum
F	68	4	TimeDateStamp
F	68	4	LoadedImports
S	IDirectXFileEnumObject	4	misc
F	0	4	lpVtbl
S	_LPC_CLIENT_DIED_MSG	32	misc
F	0	24	PortMsg
F	24	8	CreateTime
S	WSAData	400	misc
F	0	2	wVersion
F	2	2	wHighVersion
F	4	257	szDescription
F	261	129	szSystemStatus
F	390	2	iMaxSockets
F	392	2	iMaxUdpDg
F	394	2	__align0
F	396	4	lpVendorInfo
S	PROCESSOR_IDLE_HANDLER_INFO	8	misc
F	0	4	HardwareLatency
S	__unnamed_467	8	misc
F	0	4	TranslatedAddress
F	4	4	Length
S	__unnamed_468	8	misc
F	0	8	Port
F	0	8	Memory
S	_PCI_DEVICE_ADDRESS	12	misc
F	0	1	Type
F	1	1	Valid
F	2	2	Reserved
F	4	8	u
S	HWINEVENTHOOK__	4	misc
F	0	4	unused
S	_DBGKD_CONTROL_SET	16	misc
F	0	4	TraceFlag
F	4	4	Dr7
F	8	4	CurrentSymbolStart
F	12	4	CurrentSymbolEnd
S	_ETHREAD	320	misc
F	0	272	Tcb
F	272	8	CreateTime
F	280	8	ExitTime
F	288	4	ExitStatus
F	288	4	OfsChain
F	292	8	ReaperListEntry
F	292	8	ActiveTimerListHead
F	300	4	UniqueThread
F	304	4	StartAddress
F	308	8	IrpList
F	316	4	DebugData
S	tWAVEFORMATEX	18	misc
F	0	2	wFormatTag
F	2	2	nChannels
F	4	4	nSamplesPerSec
F	8	4	nAvgBytesPerSec
F	12	2	nBlockAlign
F	14	2	wBitsPerSample
F	16	2	cbSize
S	_MESSAGE_RESOURCE_ENTRY	6	misc
F	0	2	Length
F	2	2	Flags
F	4	1	Text
S	SYSTEM_BATTERY_STATE	32	misc
F	0	1	AcOnLine
F	1	1	BatteryPresent
F	2	1	Charging
F	3	1	Discharging
F	4	4	Spare1
F	8	4	MaxCapacity
F	12	4	RemainingCapacity
F	16	4	Rate
F	20	4	EstimatedTime
F	24	4	DefaultAlert1
F	28	4	DefaultAlert2
S	DS3DSOURCEPARAMS	116	misc
F	0	76	HrtfParams
F	76	36	I3dl2Params
F	112	4	dwParameterMask
S	_EISA_IRQ_DESCRIPTOR	1	misc
F	0	1	Interrupt
F	0	1	Reserved
F	0	1	LevelTriggered
F	0	1	Shared
F	0	1	MoreEntries
S	DS3DLISTENERPARAMS	116	misc
F	0	64	HrtfParams
F	64	48	I3dl2Params
F	112	4	dwParameterMask
S	_ImageArchitectureEntry	8	misc
F	0	4	FixupInstRVA
F	4	4	NewInst
S	_SEMAPHORE_BASIC_INFORMATION	8	misc
F	0	4	CurrentCount
F	4	4	MaximumCount
S	_PCI_MSI_MESSAGE_CONTROL	2	misc
F	0	2	MSIEnable
F	0	2	MultipleMessageCapable
F	0	2	MultipleMessageEnable
F	0	2	CapableOf64Bits
F	0	2	Reserved
S	WAVESAMPLE_LOOP	16	misc
F	0	4	dwSize
F	4	4	dwLoopType
F	8	4	dwLoopStart
F	12	4	dwLoopLength
S	HTASK__	4	misc
F	0	4	unused
S	DPFCONTEXT	24	misc
F	0	4	dwFlags
F	4	4	dwLevel
F	8	4	pszFile
F	12	4	nLine
F	16	4	pszFunction
F	20	4	pszLibrary
S	__unnamed_506	2	misc
F	0	2	Capabilities
F	0	2	AsUSHORT
S	__unnamed_507	2	misc
F	0	2	ControlStatus
F	0	2	AsUSHORT
S	__unnamed_508	1	misc
F	0	1	BridgeSupport
F	0	1	AsUCHAR
S	_PCI_PM_CAPABILITY	8	misc
F	0	2	Header
F	2	2	PMC
F	4	2	PMCSR
F	6	1	PMCSR_BSE
F	7	1	Data
S	HWINSTA__	4	misc
F	0	4	unused
S	__unnamed_511	18	misc
F	0	18	Gamepad
S	__unnamed_512	4	misc
F	0	4	Rumble
S	HMENU__	4	misc
F	0	4	unused
S	_EXCEPTION_RECORD32	80	misc
F	0	4	ExceptionCode
F	4	4	ExceptionFlags
F	8	4	ExceptionRecord
F	12	4	ExceptionAddress
F	16	4	NumberParameters
F	20	60	ExceptionInformation
S	XNKID	8	misc
F	0	8	ab
S	_LIST_ENTRY	8	misc
F	0	4	Flink
F	4	4	Blink
S	_FLOATING_SAVE_AREA	516	misc
F	0	2	ControlWord
F	2	2	StatusWord
F	4	2	TagWord
F	6	2	ErrorOpcode
F	8	4	ErrorOffset
F	12	4	ErrorSelector
F	16	4	DataOffset
F	20	4	DataSelector
F	24	4	MXCsr
F	28	4	Reserved2
F	32	128	RegisterArea
F	160	128	XmmRegisterArea
F	288	224	Reserved4
F	512	4	Cr0NpxState
S	__unnamed_535	4	misc
F	0	4	nextCommand
F	0	4	EOL
S	WORD0	4	misc
F	0	4	field
F	0	4	uValue
S	_OSVERSIONINFOA	148	misc
F	0	4	dwOSVersionInfoSize
F	4	4	dwMajorVersion
F	8	4	dwMinorVersion
F	12	4	dwBuildNumber
F	16	4	dwPlatformId
F	20	128	szCSDVersion
S	_DEBUG_PARAMETERS	8	misc
F	0	4	CommunicationPort
F	4	4	BaudRate
S	_GDI_TEB_BATCH	1248	misc
F	0	4	Offset
F	4	4	HDC
F	8	1240	Buffer
S	_SYSTEMTIME	16	misc
F	0	2	wYear
F	2	2	wMonth
F	4	2	wDayOfWeek
F	6	2	wDay
F	8	2	wHour
F	10	2	wMinute
F	12	2	wSecond
F	14	2	wMilliseconds
S	__unnamed_545	8	misc
F	0	1	hour
F	1	1	min
F	2	1	sec
F	3	1	frame
F	4	1	fps
F	5	1	dummy
F	6	2	pad
S	__unnamed_546	4	misc
F	0	4	songptrpos
S	__unnamed_547	8	misc
F	0	4	ms
F	0	4	sample
F	0	4	cb
F	0	4	ticks
F	0	8	smpte
F	0	4	midi
S	_EXCEPTION_POINTERS	8	misc
F	0	4	ExceptionRecord
F	4	4	ContextRecord
S	HMONITOR__	4	misc
F	0	4	unused
S	_DEVICE_FLAGS	4	misc
F	0	4	Failed
F	0	4	ReadOnly
F	0	4	Removable
F	0	4	ConsoleIn
F	0	4	ConsoleOut
F	0	4	Input
F	0	4	Output
S	_SCRATCH_IMAGE_DESCRIPTOR	8	misc
F	0	4	dwNumFX
F	4	4	dwTotalScratchSize
S	_MEMORYSTATUS	32	misc
F	0	4	dwLength
F	4	4	dwMemoryLoad
F	8	4	dwTotalPhys
F	12	4	dwAvailPhys
F	16	4	dwTotalPageFile
F	20	4	dwAvailPageFile
F	24	4	dwTotalVirtual
F	28	4	dwAvailVirtual
S	IDirectXFileSaveObject	4	misc
F	0	4	lpVtbl
S	_XTHREAD_NOTIFICATION	12	misc
F	0	8	ListEntry
S	_OBJECT_NAME_INFORMATION	8	misc
F	0	8	Name
S	_REG_NOTIFY_INFORMATION	16	misc
F	0	4	NextEntryOffset
F	4	4	Action
F	8	4	KeyLength
F	12	2	Key
S	STDB_HDR	416	misc
F	0	4	Version
F	4	4	StCount
F	8	4	NextStId
F	12	400	StBlocks
F	412	4	NextSongId
S	IDirectXFileData	4	misc
F	0	4	lpVtbl
S	_FSCACHE_EXTENSION	16	misc
F	0	4	TargetDeviceObject
F	4	8	PartitionLength
F	12	4	SectorSize
S	_ACL	8	misc
F	0	1	AclRevision
F	1	1	Sbz1
F	2	2	AclSize
F	4	2	AceCount
F	6	2	Sbz2
S	IMAGE_LOAD_CONFIG_DIRECTORY32	64	misc
F	0	4	Characteristics
F	4	4	TimeDateStamp
F	8	2	MajorVersion
F	10	2	MinorVersion
F	12	4	GlobalFlagsClear
F	16	4	GlobalFlagsSet
F	20	4	CriticalSectionDefaultTimeout
F	24	4	DeCommitFreeBlockThreshold
F	28	4	DeCommitTotalFreeThreshold
F	32	4	LockPrefixTable
F	36	4	MaximumAllocationSize
F	40	4	VirtualMemoryThreshold
F	44	4	ProcessHeapFlags
F	48	4	ProcessAffinityMask
F	52	2	CSDVersion
F	54	2	Reserved1
F	56	4	EditList
F	60	4	Reserved
S	_CLIENT_ID64	16	misc
F	0	8	UniqueProcess
F	8	8	UniqueThread
S	__unnamed_577	16	misc
F	0	2	I16Value
F	0	2	U16Value
F	0	4	I32Value
F	0	4	U32Value
F	0	4	StringValue
F	0	4	CompareValue
F	0	4	Fp32Value
F	0	8	I64Value
F	0	8	U64Value
F	0	8	Fp64Value
F	0	12	Fp80Value
F	0	16	Fp128Value
S	__unnamed_578	4	misc
F	0	4	RoundingMode
F	0	4	Inexact
F	0	4	Underflow
F	0	4	Overflow
F	0	4	ZeroDivide
F	0	4	InvalidOperation
F	0	4	OperandValid
F	0	4	Format
F	0	4	Precision
F	0	4	Operation
F	0	4	Spare
F	0	4	HardwareException
S	_FP_IEEE_VALUE	24	misc
F	0	16	Value
F	16	4	Control
S	PROCESSOR_IDLE_TIMES	32	misc
F	0	8	StartTime
F	8	8	EndTime
F	16	16	IdleHandlerReserved
S	_div_t	8	misc
F	0	4	quot
F	4	4	rem
S	_LD_LAUNCH_DASHBOARD	3072	misc
F	0	4	dwReason
F	4	4	dwContext
F	8	4	dwParameter1
F	12	4	dwParameter2
F	16	3056	Reserved
S	XWaveFileMediaObjectVtbl	44	misc
S	__unnamed_593	4	misc
F	0	4	smOffset
S	WORD4	4	misc
F	0	4	field
F	0	4	uValue
S	_OSVERSIONINFOEXW	284	misc
F	0	4	dwOSVersionInfoSize
F	4	4	dwMajorVersion
F	8	4	dwMinorVersion
F	12	4	dwBuildNumber
F	16	4	dwPlatformId
F	20	256	szCSDVersion
F	276	2	wServicePackMajor
F	278	2	wServicePackMinor
F	280	2	wSuiteMask
F	282	1	wProductType
F	283	1	wReserved
S	__unnamed_598	4	misc
F	0	1	s_b1
F	1	1	s_b2
F	2	1	s_b3
F	3	1	s_b4
S	__unnamed_599	4	misc
F	0	2	s_w1
F	2	2	s_w2
S	__unnamed_600	4	misc
F	0	4	S_un_b
F	0	4	S_un_w
F	0	4	S_addr
S	in_addr	4	misc
F	0	4	S_un
S	_HARDWARE_PTE	4	misc
F	0	4	Valid
F	0	4	Write
F	0	4	Owner
F	0	4	WriteThrough
F	0	4	CacheDisable
F	0	4	Accessed
F	0	4	Dirty
F	0	4	LargePage
F	0	4	Global
F	0	4	GuardOrEndOfAllocation
F	0	4	PersistAllocation
F	0	4	reserved
F	0	4	PageFrameNumber
S	_PRIVILEGE_SET	20	misc
F	0	4	PrivilegeCount
F	4	4	Control
F	8	12	Privilege
S	_TEB	3876	misc
F	0	28	NtTib
F	28	4	EnvironmentPointer
F	32	8	ClientId
F	40	4	ActiveRpcHandle
F	44	4	ThreadLocalStoragePointer
F	48	4	ProcessEnvironmentBlock
F	52	4	LastErrorValue
F	56	4	CountOfOwnedCriticalSections
F	60	4	CsrClientThread
F	64	4	Win32ThreadInfo
F	68	104	User32Reserved
F	172	20	UserReserved
F	192	4	WOW32Reserved
F	196	4	CurrentLocale
F	200	4	FpSoftwareStatusRegister
F	204	216	SystemReserved1
F	420	4	ExceptionCode
F	424	44	SpareBytes1
F	468	1248	GdiTebBatch
F	1716	8	RealClientId
F	1724	4	GdiCachedProcessHandle
F	1728	4	GdiClientPID
F	1732	4	GdiClientTID
F	1736	4	GdiThreadLocalInfo
F	1740	248	Win32ClientInfo
F	1988	932	glDispatchTable
F	2920	116	glReserved1
F	3036	4	glReserved2
F	3040	4	glSectionInfo
F	3044	4	glSection
F	3048	4	glTable
F	3052	4	glCurrentRC
F	3056	4	glContext
F	3060	4	LastStatusValue
F	3064	8	StaticUnicodeString
F	3072	522	StaticUnicodeBuffer
F	3594	2	__align0
F	3596	4	DeallocationStack
F	3600	128	TlsSlots
F	3728	8	TlsLinks
F	3736	4	Vdm
F	3740	4	ReservedForNtRpc
F	3744	8	DbgSsReserved
F	3752	4	HardErrorsAreDisabled
F	3756	64	Instrumentation
F	3820	4	WinSockData
F	3824	4	GdiBatchCount
F	3828	1	InDbgPrint
F	3829	1	SpareB1
F	3830	1	SpareB2
F	3831	1	SpareB3
F	3832	4	Spare3
F	3836	4	ReservedForPerf
F	3840	4	ReservedForOle
F	3844	4	WaitingOnLoaderLock
F	3848	12	Wx86Thread
F	3860	4	TlsExpansionSlots
F	3864	4	ImpersonationLocale
F	3868	4	IsImpersonating
F	3872	4	NlsCache
S	_TIME_FIELDS	16	misc
F	0	2	Year
F	2	2	Month
F	4	2	Day
F	6	2	Hour
F	8	2	Minute
F	10	2	Second
F	12	2	Milliseconds
F	14	2	Weekday
S	_Wx86ThreadState	12	misc
F	0	4	CallBx86Eip
F	4	4	DeallocationCpu
F	8	1	UseKnownWx86Dll
F	9	1	OleStubInvoked
S	_ADMINISTRATOR_POWER_POLICY	24	misc
F	0	4	MinSleep
F	4	4	MaxSleep
F	8	4	MinVideoTimeout
F	12	4	MaxVideoTimeout
F	16	4	MinSpindownTimeout
F	20	4	MaxSpindownTimeout
S	_EISA_PORT_DESCRIPTOR	1	misc
F	0	1	NumberPorts
F	0	1	Reserved
F	0	1	Shared
F	0	1	MoreEntries
S	_FP_80	12	misc
F	0	12	W
S	SLOPRUNMARKER	16	misc
F	0	8	leListEntry
F	8	4	nLength
F	12	4	dwSignature
F	12	4	fAllocated
S	__unnamed_639	8	misc
F	0	4	LowPart
F	4	4	HighPart
S	_ULARGE_INTEGER	8	misc
F	0	4	LowPart
F	4	4	HighPart
F	0	8	u
F	0	8	QuadPart
S	ISequentialStream	4	misc
F	0	4	lpVtbl
S	_PEB	488	misc
F	0	1	InheritedAddressSpace
F	1	1	ReadImageFileExecOptions
F	2	1	BeingDebugged
F	3	1	SpareBool
F	4	4	Mutant
F	8	4	ImageBaseAddress
F	12	4	Ldr
F	16	4	ProcessParameters
F	20	4	SubSystemData
F	24	4	ProcessHeap
F	28	4	FastPebLock
F	32	4	FastPebLockRoutine
F	36	4	FastPebUnlockRoutine
F	40	4	EnvironmentUpdateCount
F	44	4	KernelCallbackTable
F	48	8	SystemReserved
F	56	4	FreeList
F	60	4	TlsExpansionCounter
F	64	4	TlsBitmap
F	68	8	TlsBitmapBits
F	76	4	ReadOnlySharedMemoryBase
F	80	4	ReadOnlySharedMemoryHeap
F	84	4	ReadOnlyStaticServerData
F	88	4	AnsiCodePageData
F	92	4	OemCodePageData
F	96	4	UnicodeCaseTableData
F	100	4	NumberOfProcessors
F	104	4	NtGlobalFlag
F	108	4	__align0
F	112	8	CriticalSectionTimeout
F	120	4	HeapSegmentReserve
F	124	4	HeapSegmentCommit
F	128	4	HeapDeCommitTotalFreeThreshold
F	132	4	HeapDeCommitFreeBlockThreshold
F	136	4	NumberOfHeaps
F	140	4	MaximumNumberOfHeaps
F	144	4	ProcessHeaps
F	148	4	GdiSharedHandleTable
F	152	4	ProcessStarterHelper
F	156	4	GdiDCAttributeList
F	160	4	LoaderLock
F	164	4	OSMajorVersion
F	168	4	OSMinorVersion
F	172	2	OSBuildNumber
F	174	2	OSCSDVersion
F	176	4	OSPlatformId
F	180	4	ImageSubsystem
F	184	4	ImageSubsystemMajorVersion
F	188	4	ImageSubsystemMinorVersion
F	192	4	ImageProcessAffinityMask
F	196	136	GdiHandleBuffer
F	336	4	TlsExpansionBitmap
F	340	128	TlsExpansionBitmapBits
F	468	4	SessionId
F	472	4	AppCompatInfo
F	476	8	CSDVersion
S	_LDT_SIZE	4	misc
F	0	4	Length
S	_FX_PARAM_DESCRIPTION	600	misc
F	0	255	ParameterName
F	255	255	ParameterDesc
F	510	64	UnitsName
F	574	2	__align0
F	576	4	dwOffset
F	580	4	dwDefaultValue
F	584	4	dwParameterType
F	588	4	dwParameterMin
F	592	4	dwParameterMax
F	596	4	bIsAtomic
S	_OBJECTID	20	misc
F	0	16	Lineage
F	16	4	Uniquifier
S	IMAGE_LOAD_CONFIG_DIRECTORY64	72	misc
F	0	4	Characteristics
F	4	4	TimeDateStamp
F	8	2	MajorVersion
F	10	2	MinorVersion
F	12	4	GlobalFlagsClear
F	16	4	GlobalFlagsSet
F	20	4	CriticalSectionDefaultTimeout
F	24	4	DeCommitFreeBlockThreshold
F	28	4	DeCommitTotalFreeThreshold
F	32	8	LockPrefixTable
F	40	4	MaximumAllocationSize
F	44	4	VirtualMemoryThreshold
F	48	4	ProcessHeapFlags
F	52	4	ProcessAffinityMask
F	56	2	CSDVersion
F	58	2	Reserved1
F	60	8	EditList
F	68	4	Reserved
S	XNDNS	40	misc
F	0	4	iStatus
F	4	4	cina
F	8	32	aina
S	_PCI_HEADER_TYPE_1	48	misc
F	0	8	BaseAddresses
F	8	1	PrimaryBus
F	9	1	SecondaryBus
F	10	1	SubordinateBus
F	11	1	SecondaryLatency
F	12	1	IOBase
F	13	1	IOLimit
F	14	2	SecondaryStatus
F	16	2	MemoryBase
F	18	2	MemoryLimit
F	20	2	PrefetchBase
F	22	2	PrefetchLimit
F	24	4	PrefetchBaseUpper32
F	28	4	PrefetchLimitUpper32
F	32	2	IOBaseUpper16
F	34	2	IOLimitUpper16
F	36	1	CapabilitiesPtr
F	37	3	Reserved1
F	40	4	ROMBaseAddress
F	44	1	InterruptLine
F	45	1	InterruptPin
F	46	2	BridgeControl
S	AIFFLOOP	6	misc
F	0	2	wPlayMode
F	2	2	wStartMarker
F	4	2	wEndMarker
S	R_GP_CONTROL	4	misc
F	0	4	Idle
F	0	4	Stopped
F	0	4	EnableStop
F	0	4	IntrNotify
F	0	4	uValue
S	_ACCESS_DENIED_OBJECT_ACE	48	misc
F	0	4	Header
F	4	4	Mask
F	8	4	Flags
F	12	16	ObjectType
F	28	16	InheritedObjectType
F	44	4	SidStart
S	XFileMediaObjectVtbl	36	misc
S	_FP_IEEE_RECORD	72	misc
F	0	24	Operand1
F	24	24	Operand2
F	48	24	Result
S	ACIPRD	8	misc
F	0	4	dwPhysicalAddress
F	4	4	wLength
F	4	4	wReserved
F	4	4	fBufferUnderrunPolicy
F	4	4	fInterruptOnCompletion
S	_XMEDIAINFO	16	misc
F	0	4	dwFlags
F	4	4	dwInputSize
F	8	4	dwOutputSize
F	12	4	dwMaxLookahead
S	_LAST_EXCEPTION_LOG	676	misc
F	0	80	ExceptionRecord
F	80	568	ContextRecord
F	648	4	ControlPc
F	652	4	Disposition
F	656	20	HandlerData
S	_DXFILELOADRESOURCE	12	misc
F	0	4	hModule
F	4	4	lpName
F	8	4	lpType
S	_FPO_DATA	16	misc
F	0	4	ulOffStart
F	4	4	cbProcSize
F	8	4	cdwLocals
F	12	2	cdwParams
F	14	2	cbProlog
F	14	2	cbRegs
F	14	2	fHasSEH
F	14	2	fUseBP
F	14	2	reserved
F	14	2	cbFrame
S	_CSTRING	8	misc
F	0	2	Length
F	2	2	MaximumLength
F	4	4	Buffer
S	__unnamed_698	4	misc
F	0	4	smBaseAddr
S	WORD5	4	misc
F	0	4	field
F	0	4	uValue
S	_DISPATCHER_HEADER	16	misc
F	0	1	Type
F	1	1	Absolute
F	2	1	Size
F	3	1	Inserted
F	4	4	SignalState
F	8	8	WaitListHead
S	__unnamed_702	2	misc
F	0	2	RegisterNumber
F	0	2	Agent
F	0	2	AddressBase
S	__unnamed_703	2	misc
F	0	2	bits
F	0	2	AsUSHORT
S	_PCI_TYPE2_ADDRESS_BITS	2	misc
F	0	2	u
S	_FX_SAVE_AREA	528	misc
F	0	516	FloatSave
F	516	12	Align16Byte
S	__unnamed_709	1	misc
F	0	1	Enable
F	0	1	FunctionNumber
F	0	1	Key
S	__unnamed_710	1	misc
F	0	1	bits
F	0	1	AsUCHAR
S	_PCI_TYPE2_CSE_BITS	1	misc
F	0	1	u
S	__unnamed_713	16	misc
F	0	1	Type
F	1	1	Absolute
F	2	1	Size
F	3	1	Inserted
F	4	4	SignalState
F	8	8	WaitListHead
S	__unnamed_714	16	misc
F	0	16	Event
F	0	16	RawEvent
S	__unnamed_717	16	misc
F	0	4	Settable
F	4	2	TagIndex
F	6	2	AllocatorBackTraceIndex
F	8	8	Reserved
S	__unnamed_718	16	misc
F	0	4	CommittedSize
F	4	4	UnCommittedSize
F	8	4	FirstEntry
F	12	4	LastEntry
S	XFileMediaObject	4	misc
F	0	4	lpVtbl
S	_QUAD	8	misc
F	0	8	DoNotUseThisField
S	XAc97MediaObjectVtbl	36	misc
S	_POOLED_USAGE_AND_LIMITS	36	misc
F	0	4	PeakPagedPoolUsage
F	4	4	PagedPoolUsage
F	8	4	PagedPoolLimit
F	12	4	PeakNonPagedPoolUsage
F	16	4	NonPagedPoolUsage
F	20	4	NonPagedPoolLimit
F	24	4	PeakPagefileUsage
F	28	4	PagefileUsage
F	32	4	PagefileLimit
S	_complex	16	misc
F	0	8	x
F	8	8	y
S	_DESCRIPTOR_TABLE_ENTRY	12	misc
F	0	4	Selector
F	4	8	Descriptor
S	_PREFIX_TABLE	8	misc
F	0	2	NodeTypeCode
F	2	2	NameLength
F	4	4	NextPrefixTree
S	HACCEL__	4	misc
F	0	4	unused
S	_exception	32	misc
F	0	4	type
F	4	4	name
F	8	8	arg1
F	16	8	arg2
F	24	8	retval
S	voicecodecwaveformat_tag	22	misc
F	0	18	wfx
F	18	2	dwReserved
F	20	1	dwTrailFrames
F	21	1	dwMilliSecPerFrame
S	__unnamed_744	4	misc
F	0	4	dspStart
F	0	4	nul
S	WORD3	4	misc
F	0	4	field
F	0	4	uValue
S	_FP_32	4	misc
F	0	4	W
S	_SLIST_HEADER	8	misc
F	0	8	Alignment
F	0	4	Next
F	4	2	Depth
F	6	2	Sequence
S	__unnamed_755	8	misc
F	4	4	UserApcContext
S	__unnamed_756	8	misc
F	0	8	AsynchronousParameters
F	0	8	AllocationSize
S	__unnamed_757	40	misc
F	0	16	DeviceQueueEntry
F	0	20	DriverContext
F	20	4	Thread
F	24	8	ListEntry
F	32	4	CurrentStackLocation
F	32	4	PacketType
F	36	4	OriginalFileObject
S	__unnamed_758	40	misc
F	0	40	Overlay
F	0	40	Apc
F	0	4	CompletionKey
S	_IRP	104	misc
F	0	2	Type
F	2	2	Size
F	4	4	Flags
F	8	8	ThreadListEntry
F	16	8	IoStatus
F	24	1	StackCount
F	25	1	CurrentLocation
F	26	1	PendingReturned
F	27	1	Cancel
F	28	4	UserIosb
F	32	4	UserEvent
F	36	4	__align0
F	40	8	Overlay
F	48	4	UserBuffer
F	52	4	SegmentArray
F	56	4	LockedBufferLength
F	60	40	Tail
S	__unnamed_760	4	misc
F	0	4	Reserved1
F	0	4	RegisterNumber
F	0	4	FunctionNumber
F	0	4	DeviceNumber
F	0	4	BusNumber
F	0	4	Reserved2
F	0	4	Enable
S	__unnamed_761	4	misc
F	0	4	bits
F	0	4	AsULONG
S	_PCI_TYPE1_CFG_BITS	4	misc
F	0	4	u
S	HKEY__	4	misc
F	0	4	unused
S	_DBGKD_CONTROL_REPORT	40	misc
F	0	4	Dr6
F	4	4	Dr7
F	8	2	InstructionCount
F	10	2	ReportFlags
F	12	16	InstructionStream
F	28	2	SegCs
F	30	2	SegDs
F	32	2	SegEs
F	34	2	SegFs
F	36	4	EFlags
S	__unnamed_770	8	misc
F	0	4	Base
F	4	4	Limit
S	_PCI_HEADER_TYPE_2	48	misc
F	0	4	SocketRegistersBaseAddress
F	4	1	CapabilitiesPtr
F	5	1	Reserved
F	6	2	SecondaryStatus
F	8	1	PrimaryBus
F	9	1	SecondaryBus
F	10	1	SubordinateBus
F	11	1	SecondaryLatency
F	12	32	Range
F	44	1	InterruptLine
F	45	1	InterruptPin
F	46	2	BridgeControl
S	_WIN32_FIND_DATAA	320	misc
F	0	4	dwFileAttributes
F	4	8	ftCreationTime
F	12	8	ftLastAccessTime
F	20	8	ftLastWriteTime
F	28	4	nFileSizeHigh
F	32	4	nFileSizeLow
F	36	4	dwReserved0
F	40	4	dwReserved1
F	44	260	cFileName
F	304	14	cAlternateFileName
S	HICON__	4	misc
F	0	4	unused
S	IPersistStreamVtbl	32	misc
S	_LD_FROM_DASHBOARD	3072	misc
F	0	4	dwContext
F	4	3068	Reserved
S	PAN3DSPEAKER	20	misc
F	0	12	vSpeakerPos
F	0	16	v4SpeakerPos
F	16	4	dwMixBin
S	XNKEY	16	misc
F	0	16	ab
S	__unnamed_786	4	misc
F	0	4	PhysicalAddress
F	0	4	VirtualSize
S	__unnamed_789	12	misc
F	0	8	Start
F	8	4	Length
S	__unnamed_790	12	misc
F	0	4	Level
F	4	4	Vector
F	8	4	Affinity
S	__unnamed_791	12	misc
F	0	4	Channel
F	4	4	Port
F	8	4	Reserved1
S	__unnamed_792	12	misc
F	0	4	Start
F	4	4	Length
F	8	4	Reserved
S	__unnamed_793	12	misc
F	0	4	DataSize
F	4	4	Reserved1
F	8	4	Reserved2
S	__unnamed_794	12	misc
F	0	12	Generic
F	0	12	Port
F	0	12	Interrupt
F	0	12	Memory
F	0	12	Dma
F	0	12	DevicePrivate
F	0	12	BusNumber
F	0	12	DeviceSpecificData
S	ISequentialStreamVtbl	20	misc
S	_DESCRIPTOR	8	misc
F	0	2	Pad
F	2	2	Limit
F	4	4	Base
S	_EISA_MEMORY_CONFIGURATION	7	misc
F	0	1	ConfigurationByte
F	1	1	DataSize
F	2	2	AddressLowWord
F	4	1	AddressHighByte
F	5	2	MemorySize
S	_OBJECT_TYPE	28	misc
F	20	4	DefaultObject
F	24	4	PoolTag
S	_LAUNCH_DATA	3072	misc
F	0	3072	Data
S	_ldiv_t	8	misc
F	0	4	quot
F	4	4	rem
S	_iobuf	32	misc
F	0	4	_ptr
F	4	4	_cnt
F	8	4	_base
F	12	4	_flag
F	16	4	_file
F	20	4	_charbuf
F	24	4	_bufsiz
F	28	4	_tmpfname
S	_WMAXMOFileHeader	20	misc
F	0	4	dwVersion
F	4	4	dwSampleRate
F	8	4	dwNumChannels
F	12	4	dwDuration
F	16	4	dwBitrate
S	__unnamed_822	4	misc
F	0	4	smSizeMinus1
S	WORD6	4	misc
F	0	4	field
F	0	4	uValue
S	DSPERFCOUNTER	12	misc
F	0	4	pszName
F	4	4	dwFlags
F	8	4	pvData
S	__unnamed_825	4	misc
F	0	4	interleave
F	0	4	dspToSys
F	0	4	IOC
F	0	4	smOffWrBack
F	0	4	smBufId
F	0	4	iso
F	0	4	smDataFormat
F	0	4	increment
S	WORD1	4	misc
F	0	4	field
F	0	4	uValue
S	HRGN__	4	misc
F	0	4	unused
S	R_SE_CONTROL	4	misc
F	0	4	ReadISO
F	0	4	WriteISO
F	0	4	SampleReadISO
F	0	4	GSCUpdate
F	0	4	DeltaWarn
F	0	4	Retriggered
F	0	4	DeltaPanic
F	0	4	uValue
S	XNADDR	24	misc
F	0	1	bSizeOfStruct
F	1	1	bFlags
F	2	6	abEnet
F	8	4	ina
F	12	4	inaOnline
F	16	2	wPortOnline
F	18	6	abIdOnline
S	_PCI_HEADER_TYPE_0	48	misc
F	0	24	BaseAddresses
F	24	4	CIS
F	28	2	SubVendorID
F	30	2	SubSystemID
F	32	4	ROMBaseAddress
F	36	1	CapabilitiesPtr
F	37	3	Reserved1
F	40	4	Reserved2
F	44	1	InterruptLine
F	45	1	InterruptPin
F	46	1	MinimumGrant
F	47	1	MaximumLatency
S	__unnamed_838	4	misc
F	0	4	DirectoryHandle
S	__unnamed_839	36	misc
F	0	4	DriveMap
F	4	32	DriveType
S	_RANGE_LIST_ITERATOR	16	misc
F	0	4	RangeListHead
F	4	4	MergedHead
F	8	4	Current
F	12	4	Stamp
S	HPEN__	4	misc
F	0	4	unused
S	_CURDIR	12	misc
F	0	8	DosPath
F	8	4	Handle
S	_PCI_PMCSR_BSE	1	misc
F	0	1	Rsvd1
F	0	1	D3HotSupportsStopClock
F	0	1	BusPowerClockControlEnabled
S	_PS_STATISTICS	12	misc
F	0	4	Length
F	4	4	ThreadCount
F	8	4	HandleCount
S	_DEVICE_OBJECT	72	misc
F	0	2	Type
F	2	2	Size
F	4	4	ReferenceCount
F	8	4	DriverObject
F	12	4	MountedOrSelfDevice
F	16	4	CurrentIrp
F	20	4	Flags
F	24	4	DeviceExtension
F	28	1	DeviceType
F	29	1	StartIoFlags
F	30	1	StackSize
F	31	1	DeletePending
F	32	4	SectorSize
F	36	4	AlignmentRequirement
F	40	12	DeviceQueue
F	52	16	DeviceLock
F	68	4	StartIoKey
S	_LUID	8	misc
F	0	4	LowPart
F	4	4	HighPart
S	_EXCEPTION_REGISTRATION_RECORD	8	misc
F	0	4	Next
S	_PEB_FREE_BLOCK	8	misc
F	0	4	Next
F	4	4	Size
S	_ERWLOCK	52	misc
F	0	4	LockCount
F	4	4	WritersWaitingCount
F	8	4	ReadersWaitingCount
F	12	4	ReadersEntryCount
F	16	16	WriterEvent
F	32	20	ReaderSemaphore
S	_GENERIC_MAPPING	16	misc
F	0	4	GenericRead
F	4	4	GenericWrite
F	8	4	GenericExecute
F	12	4	GenericAll
S	__unnamed_873	4	misc
F	0	2	DataLength
F	2	2	TotalLength
S	__unnamed_874	4	misc
F	0	4	s1
F	0	4	Length
S	__unnamed_875	4	misc
F	0	2	Type
F	2	2	DataInfoOffset
S	__unnamed_876	4	misc
F	0	4	s2
F	0	4	ZeroInit
S	__unnamed_880	16	misc
F	0	4	DesiredAccess
F	4	4	Options
F	8	2	FileAttributes
F	10	2	ShareAccess
F	12	4	RemainingName
S	__unnamed_881	16	misc
F	0	4	Length
F	4	4	BufferOffset
F	4	4	CacheBuffer
F	8	8	ByteOffset
S	__unnamed_882	12	misc
F	0	4	Length
F	4	4	FileName
F	8	4	FileInformationClass
S	__unnamed_883	8	misc
F	0	4	Length
F	4	4	FileInformationClass
S	__unnamed_884	12	misc
F	0	4	Length
F	4	4	FileInformationClass
F	8	4	FileObject
S	__unnamed_885	8	misc
F	0	4	Length
F	4	4	FsInformationClass
S	__unnamed_886	16	misc
F	0	4	OutputBufferLength
F	4	4	InputBuffer
F	8	4	InputBufferLength
F	12	4	FsControlCode
S	__unnamed_887	16	misc
F	0	4	OutputBufferLength
F	4	4	InputBuffer
F	8	4	InputBufferLength
F	12	4	IoControlCode
S	_SCSI_REQUEST_BLOCK	0	misc
S	__unnamed_889	4	misc
F	0	4	Srb
S	__unnamed_890	16	misc
F	0	4	Length
F	4	4	Buffer
F	8	4	SectorNumber
F	12	4	BufferOffset
S	__unnamed_891	16	misc
F	0	4	Argument1
F	4	4	Argument2
F	8	4	Argument3
F	12	4	Argument4
S	__unnamed_892	16	misc
F	0	16	Create
F	0	16	Read
F	0	16	Write
F	0	12	QueryDirectory
F	0	8	QueryFile
F	0	12	SetFile
F	0	8	QueryVolume
F	0	8	SetVolume
F	0	16	FileSystemControl
F	0	16	DeviceIoControl
F	0	4	Scsi
F	0	16	IdexReadWrite
F	0	16	Others
S	BATTERY_REPORTING_SCALE	8	misc
F	0	4	Granularity
F	4	4	Capacity
S	R_FE_CONTROL	4	misc
F	0	4	NotifyISO
F	0	4	ReadISO
F	0	4	WriteISO
F	0	4	TrapOnNotifier
F	0	4	Lock
F	0	4	Mode
F	0	4	TrapReason
F	0	4	PIOClass
F	0	4	EnableLock
F	0	4	MethodOrigin
F	0	4	ValidSESSL
F	0	4	ValidSESGE
F	0	4	ValidGPSGE
F	0	4	uValue
S	_EISA_DMA_CONFIGURATION	2	misc
F	0	1	ConfigurationByte0
F	1	1	ConfigurationByte1
S	_MUTANT_BASIC_INFORMATION	8	misc
F	0	4	CurrentCount
F	4	1	OwnedByCaller
F	5	1	AbandonedState
S	_PCI_CAPABILITIES_HEADER	2	misc
F	0	1	CapabilityID
F	1	1	Next
S	_MM_STATISTICS	36	misc
F	0	4	Length
F	4	4	TotalPhysicalPages
F	8	4	AvailablePages
F	12	4	VirtualMemoryBytesCommitted
F	16	4	VirtualMemoryBytesReserved
F	20	4	CachePagesCommitted
F	24	4	PoolPagesCommitted
F	28	4	StackPagesCommitted
F	32	4	ImagePagesCommitted
S	FIRFILTER8	32	misc
F	0	31	Coeff
F	31	1	Delay
S	_EXCEPTION_RECORD64	152	misc
F	0	4	ExceptionCode
F	4	4	ExceptionFlags
F	8	8	ExceptionRecord
F	16	8	ExceptionAddress
F	24	4	NumberParameters
F	28	4	__unusedAlignment
F	32	120	ExceptionInformation
S	IDirectXFileDataReference	4	misc
F	0	4	lpVtbl
S	_FP_128	16	misc
F	0	16	W
S	_LUID_AND_ATTRIBUTES	12	misc
F	0	8	Luid
F	8	4	Attributes
S	_SID	12	misc
F	0	1	Revision
F	1	1	SubAuthorityCount
F	2	6	IdentifierAuthority
F	8	4	SubAuthority
S	_OBJECT_TYPE_LIST	8	misc
F	0	2	Level
F	2	2	Sbz
F	4	4	ObjectType
S	_TIME_ZONE_INFORMATION	172	misc
F	0	4	Bias
F	4	64	StandardName
F	68	16	StandardDate
F	84	4	StandardBias
F	88	64	DaylightName
F	152	16	DaylightDate
F	168	4	DaylightBias
S	_LD_FROM_DEBUGGER_CMDLINE	3072	misc
F	0	3072	szCmdLine
S	_SCRATCH_IMAGE_FX_DESCRIPTION	32	misc
F	0	4	dwCodeOffset
F	4	4	dwCodeSize
F	8	4	dwStateOffset
F	12	4	dwStateSize
F	16	4	dwYMemOffset
F	20	4	dwYMemSize
F	24	4	dwScratchOffset
F	28	4	dwScratchSize
S	HOST_TO_DSP_COMMANDBLOCK	24	misc
F	0	4	dwOffset
F	4	4	dwCodeLength
F	8	4	dwStateOffset
F	12	4	dwStateLength
F	16	4	dwCommandFlags
F	20	4	dwDspStatus
S	_DRIVER_OBJECT	68	misc
S	_PREFIX_TABLE_ENTRY	24	misc
F	0	2	NodeTypeCode
F	2	2	NameLength
F	4	4	NextPrefixTree
F	8	12	Links
F	20	4	Prefix
S	HRSRC__	4	misc
F	0	4	unused
S	IPersistVtbl	16	misc
S	_LDT_INFORMATION	16	misc
F	0	4	Start
F	4	4	Length
F	8	8	LdtEntries
S	IDirectXFileVtbl	24	misc
S	linger	4	misc
F	0	2	l_onoff
F	2	2	l_linger
S	IDirectXFileBinary	4	misc
F	0	4	lpVtbl
S	_PCI_AGP_COMMAND	4	misc
F	0	4	Rate
F	0	4	Rsvd1
F	0	4	FastWriteEnable
F	0	4	FourGBEnable
F	0	4	Rsvd2
F	0	4	AGPEnable
F	0	4	SBAEnable
F	0	4	Rsvd3
F	0	4	RequestQueueDepth
S	_REMOTE_PORT_VIEW	12	misc
F	0	4	Length
F	4	4	ViewSize
F	8	4	ViewBase
S	HFONT__	4	misc
F	0	4	unused
S	_OVERLAPPED	20	misc
F	0	4	Internal
F	4	4	InternalHigh
F	8	4	Offset
F	12	4	OffsetHigh
F	16	4	hEvent
S	HDESK__	4	misc
F	0	4	unused
S	POWER_STATE_HANDLER	16	misc
F	0	4	Type
F	4	1	RtcWake
F	5	3	Spare
F	12	4	Context
S	POWER_ACTION_POLICY	12	misc
F	0	4	Action
F	4	4	Flags
F	8	4	EventCode
S	SYSTEM_POWER_CAPABILITIES	76	misc
F	0	1	PowerButtonPresent
F	1	1	SleepButtonPresent
F	2	1	LidPresent
F	3	1	SystemS1
F	4	1	SystemS2
F	5	1	SystemS3
F	6	1	SystemS4
F	7	1	SystemS5
F	8	1	HiberFilePresent
F	9	1	FullWake
F	10	1	VideoDimPresent
F	11	1	ApmPresent
F	12	1	UpsPresent
F	13	1	ThermalControl
F	14	1	ProcessorThrottle
F	15	1	ProcessorMinThrottle
F	16	1	ProcessorThrottleScale
F	17	4	spare2
F	21	1	DiskSpinDown
F	22	8	spare3
F	30	1	SystemBatteriesPresent
F	31	1	BatteriesAreShortTerm
F	32	24	BatteryScale
F	56	4	AcOnLineWake
F	60	4	SoftLidWake
F	64	4	RtcWake
F	68	4	MinDeviceWakeState
F	72	4	DefaultLowLatencyWake
S	STDB_STDESC	416	misc
F	0	4	Signature
F	4	4	Id
F	8	4	SongCount
F	12	336	ListBlocks
F	348	4	SoundtrackLength
F	352	64	Name
S	STDB_LIST	448	misc
F	0	4	Signature
F	4	4	StId
F	8	4	ListIndex
F	12	4	InUse
F	16	24	SongIds
F	40	24	SongLengths
F	64	384	SongNames
S	__unnamed_981	2	misc
F	0	2	wValidBitsPerSample
F	0	2	wSamplesPerBlock
F	0	2	wReserved
S	I3DL2SOURCE	20	misc
F	0	4	dwChangeMask
F	4	4	lDirect
F	8	4	lSource
F	12	4	nDirectIir
F	16	4	nReverbIir
S	R_INTR	8	misc
F	0	4	General
F	0	4	DeltaWarning
F	0	4	RetriggerEvent
F	0	4	DeltaPanic
F	0	4	FETrap
F	0	4	FENotify
F	0	4	FEVoice
F	0	4	FEMethodOverFlow
F	0	4	GPMailbox
F	0	4	GPNotify
F	0	4	EPMailbox
F	0	4	EPNotify
F	0	4	uValue
S	__unnamed_996	4	misc
F	0	4	Length
F	0	4	ContSize
F	0	4	Samples
F	0	4	Stereo
F	0	4	Owner
F	0	4	Intr
F	0	4	uValue
S	MCP1_PRD	8	misc
F	0	4	uAddr
F	4	4	Control
S	HMETAFILE__	4	misc
F	0	4	unused
S	_WMAXMOFileContDesc	30	misc
F	0	2	wTitleLength
F	2	2	wAuthorLength
F	4	2	wCopyrightLength
F	6	2	wDescriptionLength
F	8	2	wRatingLength
F	10	4	pTitle
F	14	4	pAuthor
F	18	4	pCopyright
F	22	4	pDescription
F	26	4	pRating
S	_SE_IMPERSONATION_STATE	12	misc
F	0	4	Token
F	4	1	CopyOnOpen
F	5	1	EffectiveOnly
F	6	2	__align0
F	8	4	Level
S	HBITMAP__	4	misc
F	0	4	unused
S	_FSCTL_VOLUME_METADATA	12	misc
F	0	4	ByteOffset
F	4	4	TransferLength
F	8	4	TransferBuffer
S	XWmaFileMediaObjectVtbl	44	misc
S	_PCI_MSI_64BIT_DATA	8	misc
F	0	4	MessageUpperAddress
F	4	2	MessageData
S	IStream	4	misc
F	0	4	lpVtbl
S	IClassFactoryVtbl	20	misc
S	_PCI_MSI_32BIT_DATA	8	misc
F	0	2	MessageData
F	2	2	__align0
F	4	4	Unused
S	_PCI_AGP_STATUS	4	misc
F	0	4	Rate
F	0	4	Rsvd1
F	0	4	FastWrite
F	0	4	FourGB
F	0	4	Rsvd2
F	0	4	SideBandAddressing
F	0	4	Rsvd3
F	0	4	RequestQueueDepthMaximum
S	IDirectXFileBinaryVtbl	32	misc
S	_MCPX_HW_NOTIFICATION	16	misc
F	0	4	GSCNT
F	4	4	CurrentOffset
F	8	4	Zero
F	12	1	Res0
F	13	1	SamplesAvailable
F	14	1	EnvelopeActive
F	15	1	Status
S	_DXFILELOADMEMORY	8	misc
F	0	4	lpMemory
F	4	4	dSize
S	timeval	8	misc
F	0	4	tv_sec
F	4	4	tv_usec
S	HCOLORSPACE__	4	misc
F	0	4	unused
S	DSP_STATE_FIXED	28	misc
F	0	4	dwScratchBase
F	4	4	dwScratchLength
F	8	4	dwYMemBase
F	12	4	dwYMemLength
F	16	4	dwFlags
F	20	8	dwIoPtrs
S	_MESSAGE_RESOURCE_DATA	16	misc
F	0	4	NumberOfBlocks
F	4	12	Blocks
S	_NAPDATA	48	misc
F	0	4	NapLock
F	4	4	Calls
F	8	4	TimingErrors
F	12	4	__align0
F	16	8	TotalTime
F	24	8	FirstTime
F	32	8	MaxTime
F	40	8	MinTime
S	__unnamed_1048	4	misc
F	0	4	DeviceNumber
F	0	4	FunctionNumber
F	0	4	Reserved
S	__unnamed_1049	4	misc
F	0	4	bits
F	0	4	AsULONG
S	_PCI_SLOT_NUMBER	4	misc
F	0	4	u
S	IClassFactory	4	misc
F	0	4	lpVtbl
S	_PM_SUPPORT	1	misc
F	0	1	Rsvd2
F	0	1	D1
F	0	1	D2
F	0	1	PMED0
F	0	1	PMED1
F	0	1	PMED2
F	0	1	PMED3Hot
F	0	1	PMED3Cold
S	__unnamed_1054	8	misc
F	0	8	ForwarderString
F	0	8	Function
F	0	8	Ordinal
F	0	8	AddressOfData
S	_PCI_AGP_CAPABILITY	12	misc
F	0	2	Header
F	2	2	Minor
F	2	2	Major
F	2	2	Rsvd1
F	4	4	AGPStatus
F	8	4	AGPCommand
S	HBRUSH__	4	misc
F	0	4	unused
S	XWaveFileMediaObject	4	misc
F	0	4	lpVtbl
S	IStreamVtbl	56	misc
S	LIST_ENTRY64	16	misc
F	0	8	Flink
F	8	8	Blink
S	_XCALCSIG_SIGNATURE	20	misc
F	0	20	Signature
S	_ImageArchitectureHeader	8	misc
F	0	4	AmaskValue
F	0	4	AmaskShift
F	4	4	FirstEntryRVA
S	HSTR__	4	misc
F	0	4	unused
S	IDirectXFileObject	4	misc
F	0	4	lpVtbl
S	_COMPRESSED_DATA_INFO	12	misc
F	0	2	CompressionFormatAndEngine
F	2	1	CompressionUnitShift
F	3	1	ChunkShift
F	4	1	ClusterShift
F	5	1	Reserved
F	6	2	NumberOfChunks
F	8	4	CompressedChunkSizes
S	HINSTANCE__	4	misc
F	0	4	unused
S	IDirectXFileDataReferenceVtbl	24	misc
S	_EISA_PORT_CONFIGURATION	3	misc
F	0	1	Configuration
F	1	2	PortAddress
S	HHOOK__	4	misc
F	0	4	unused
S	_LDR_DATA_TABLE_ENTRY64	136	misc
F	0	16	InLoadOrderLinks
F	16	16	InMemoryOrderLinks
F	32	16	InInitializationOrderLinks
F	48	8	DllBase
F	56	8	EntryPoint
F	64	4	SizeOfImage
F	68	4	__align0
F	72	16	FullDllName
F	88	16	BaseDllName
F	104	4	Flags
F	108	2	LoadCount
F	110	2	TlsIndex
F	112	16	HashLinks
F	112	8	SectionPointer
F	120	4	CheckSum
F	124	4	__align1
F	128	4	TimeDateStamp
F	128	8	LoadedImports
S	IPersistStream	4	misc
F	0	4	lpVtbl
S	IPersist	4	misc
F	0	4	lpVtbl
S	_DBGKD_DEBUG_DATA_HEADER64	0	misc
S	HPALETTE__	4	misc
F	0	4	unused
S	IDirectXFileDataVtbl	44	misc
S	S3TCBlockAlpha4	16	misc
F	0	8	alphabm
F	8	8	rgb
S	_s__CatchableType	28	misc
F	0	4	properties
F	4	4	pType
F	8	12	thisDisplacement
F	20	4	sizeOrOffset
S	_s__CatchableTypeArray	4	misc
F	0	4	nCatchableTypes
S	_s__RTTIClassHierarchyDescriptor	16	misc
F	0	4	signature
F	4	4	attributes
F	8	4	numBaseClasses
F	12	4	pBaseClassArray
S	_s__RTTICompleteObjectLocator	20	misc
F	0	4	signature
F	4	4	offset
F	8	4	cdOffset
F	12	4	pTypeDescriptor
F	16	4	pClassDescriptor
S	_s__RTTIBaseClassDescriptor	24	misc
F	0	4	pTypeDescriptor
F	4	4	numContainedBases
F	8	12	where
F	20	4	attributes
S	_s__RTTIBaseClassArray	1	misc
S	S3TCBlockRGB	8	misc
F	0	2	rgb0
F	2	2	rgb1
F	4	4	pixbm
S	_s__ThrowInfo	16	misc
F	0	4	attributes
F	12	4	pCatchableTypeArray
S	S3TCBlockAlpha3	16	misc
F	0	1	alpha0
F	1	1	alpha1
F	2	6	alphabm
F	8	8	rgb
S	_XGPOINT3D	12	misc
F	0	4	u
F	4	4	v
F	8	4	w
S	S3TC_COLOR	4	misc
F	0	4	rgba
S	__JUMP_BUFFER	64	misc
F	0	4	Ebp
F	4	4	Ebx
F	8	4	Edi
F	12	4	Esi
F	16	4	Esp
F	20	4	Eip
F	24	4	Registration
F	28	4	TryLevel
F	32	4	Cookie
F	36	4	UnwindFunc
F	40	24	UnwindData
S	XPR_HEADER	12	misc
F	0	4	dwMagic
F	4	4	dwTotalSize
F	8	4	dwHeaderSize
S	_TypeDescriptor	8	misc
F	0	4	pVFTable
F	4	4	spare
S	__s_GUID	16	misc
F	0	4	Data1
F	4	2	Data2
F	6	2	Data3
F	8	8	Data4
S	Direct3D	1	misc
S	_PMD	12	misc
F	0	4	mdisp
F	4	4	pdisp
F	8	4	vdisp
S	XGBuffer	12	misc
F	0	4	refCount
F	4	4	pData
F	8	4	size
S	_heapinfo	12	misc
F	0	4	_pentry
F	4	4	_size
F	8	4	_useflag
S	__unnamed_1423	64	misc
F	0	4	size
F	4	60	monochrome
S	Nv04eTypedef	7936	misc
F	0	4	NoOperation
F	4	4	Notify
F	8	4	StopTransfer
F	12	116	Reserved00
F	128	4	SetContextDmaNotifies
F	132	8	SetContextDmaData
F	140	8	SetContextDmaImage
F	148	364	Reserved01
F	512	24	SetData
F	536	40	SetImage
F	576	7360	Reserved02
S	Nv048Typedef	7936	misc
F	0	4	NoOperation
F	4	4	Notify
F	8	120	Reserved00
F	128	4	SetContextDmaNotifies
F	132	4	SetContextDmaTexture
F	136	4	SetContextClipRectangle
F	140	4	SetContextSurfaceColor
F	144	4	SetContextSurfaceZeta
F	148	368	Reserved01
F	516	4	TextureOffset
F	520	4	TextureFormat
F	524	4	TextureFilter
F	528	4	FogColor
F	532	4	Control0
F	536	4	Control1
F	540	3300	Reserved02
F	3840	4096	Tlvertex
S	Nv061Typedef	7936	misc
F	0	4	NoOperation
F	4	4	Notify
F	8	120	Reserved00
F	128	4	SetContextDmaNotifies
F	132	4	SetContextColorKey
F	136	4	SetContextClipRectangle
F	140	4	SetContextPattern
F	144	4	SetContextRop
F	148	4	SetContextBeta1
F	152	4	SetContextBeta4
F	156	4	SetContextSurface
F	160	348	Reserved01
F	508	4	SetOperation
F	512	4	SetColorFormat
F	516	4	Point
F	520	4	SizeOut
F	524	4	SizeIn
F	528	240	Reserved02
F	768	7168	Color
S	NVDE_READ_MEMORY_PARAMETERS	12	misc
F	0	4	Address
F	4	4	Size
F	8	4	Data
S	Nv09eTypedef	7936	misc
F	0	4	NoOperation
F	4	4	Notify
F	8	120	Reserved00
F	128	4	SetContextDmaNotifies
F	132	4	SetContextDmaImage
F	136	376	Reserved01
F	512	4	SetFormat
F	516	4	SetOffset
F	520	7416	Reserved02
S	Nv07aTypedef	7936	misc
F	0	4	NoOperation
F	4	4	Notify
F	8	24	Reserved00
F	32	8	StopOverlay
F	40	88	Reserved01
F	128	4	SetContextDmaNotifies
F	132	24	Reserved02
F	156	8	SetContextDmaOverlay
F	164	604	Reserved03
F	768	256	SetOverlay
F	1024	4	SetOverlayPointOutA
F	1028	4	SetOverlayLuminanceA
F	1032	4	SetOverlayChrominanceA
F	1036	6900	Reserved04
S	Nv052Typedef	7936	misc
F	0	4	NoOperation
F	4	4	Notify
F	8	120	Reserved00
F	128	4	SetContextDmaNotifies
F	132	4	SetContextDmaImage
F	136	376	Reserved01
F	512	4	SetFormat
F	516	4	SetOffset
F	520	7416	Reserved02
S	Nv053Typedef	7936	misc
F	0	4	NoOperation
F	4	4	Notify
F	8	120	Reserved00
F	128	4	SetContextDmaNotifies
F	132	4	SetContextDmaColor
F	136	4	SetContextDmaZeta
F	140	364	Reserved01
F	504	4	SetClipHorizontal
F	508	4	SetClipVertical
F	512	4	SetFormat
F	516	4	SetClipSize
F	520	4	SetPitch
F	524	4	SetOffsetColor
F	528	4	SetOffsetZeta
F	532	7404	Reserved02
S	Nv083Typedef	7936	misc
F	0	7936	Reserved00
S	_XMETAL_PushBuffer	8	misc
F	0	4	m_pPut
F	4	4	m_pThreshold
S	Nv04bTypedef	7936	misc
F	0	4	NoOperation
F	4	4	Notify
F	8	120	Reserved00
F	128	4	SetContextDmaNotifies
F	132	4	SetContextPattern
F	136	4	SetContextRop
F	140	4	SetContextBeta1
F	144	4	SetContextSurface
F	148	360	Reserved01
F	508	4	SetOperation
F	512	4	SetColorFormat
F	516	4	SetMonochromeFormat
F	520	244	Reserved02
F	764	4	Color1A
F	768	512	UnclippedRectangle
F	1280	500	Reserved03
F	1780	4	ClipPoint0B
F	1784	4	ClipPoint1B
F	1788	4	Color1B
F	1792	512	ClippedRectangle
F	2304	492	Reserved04
F	2796	4	ClipPoint0C
F	2800	4	ClipPoint1C
F	2804	4	Color1C
F	2808	4	SizeC
F	2812	4	PointC
F	2816	512	MonochromeColor1C
F	3328	488	Reserved05
F	3816	4	ClipPoint0D
F	3820	4	ClipPoint1D
F	3824	4	Color1D
F	3828	4	SizeInD
F	3832	4	SizeOutD
F	3836	4	PointD
F	3840	512	MonochromeColor1D
F	4352	484	Reserved06
F	4836	4	ClipPoint0E
F	4840	4	ClipPoint1E
F	4844	4	Color0E
F	4848	4	Color1E
F	4852	4	SizeInE
F	4856	4	SizeOutE
F	4860	4	PointE
F	4864	512	MonochromeColor01E
F	5376	2560	Reserved07
S	Nv04SubchannelPio	8192	misc
F	0	4	SetObject
F	4	252	control
F	256	7936	Nv01Root
F	256	7936	Nv01Class
F	256	7936	Nv01ContextDmaFromMemory
F	256	7936	Nv01ContextDmaToMemory
F	256	7936	Nv01Timer
F	256	7936	Nv01Event
F	256	4	NV006_TYPEDEF
F	256	4	NV007_TYPEDEF
F	256	4	NV008_TYPEDEF
F	256	4	NV009_TYPEDEF
F	256	4	NV00A_TYPEDEF
F	256	4	NV00B_TYPEDEF
F	256	4	NV00C_TYPEDEF
F	256	4	NV00D_TYPEDEF
F	256	4	NV00E_TYPEDEF
F	256	4	NV00F_TYPEDEF
F	256	4	NV010_TYPEDEF
F	256	4	NV011_TYPEDEF
F	256	7936	Nv01ContextBeta
F	256	4	NV013_TYPEDEF
F	256	4	NV014_TYPEDEF
F	256	4	NV015_TYPEDEF
F	256	4	NV016_TYPEDEF
F	256	7936	Nv01ContextColorKey
F	256	7936	Nv01ContextPattern
F	256	7936	Nv01ContextClipRectangle
F	256	4	NV01A_TYPEDEF
F	256	4	NV01B_TYPEDEF
F	256	7936	Nv01RenderSolidLin
F	256	7936	Nv01RenderSolidTriangle
F	256	7936	Nv01RenderSolidRectangle
F	256	7936	Nv01ImageBlit
F	256	4	NV020_TYPEDEF
F	256	7936	Nv01ImageFromCpu
F	256	4	NV022_TYPEDEF
F	256	4	NV023_TYPEDEF
F	256	4	NV024_TYPEDEF
F	256	4	NV025_TYPEDEF
F	256	4	NV026_TYPEDEF
F	256	4	NV027_TYPEDEF
F	256	4	NV028_TYPEDEF
F	256	4	NV029_TYPEDEF
F	256	4	NV02A_TYPEDEF
F	256	4	NV02B_TYPEDEF
F	256	4	NV02C_TYPEDEF
F	256	4	NV02D_TYPEDEF
F	256	4	NV02E_TYPEDEF
F	256	4	NV02F_TYPEDEF
F	256	7936	Nv01Null
F	256	4	NV031_TYPEDEF
F	256	4	NV032_TYPEDEF
F	256	4	NV033_TYPEDEF
F	256	4	NV034_TYPEDEF
F	256	4	NV035_TYPEDEF
F	256	7936	Nv03StretchedImageFromCpu
F	256	7936	Nv03ScaledImageFromMemory
F	256	7936	Nv04DvdSubpicture
F	256	7936	Nv03MemoryToMemoryFormat
F	256	4	NV03A_TYPEDEF
F	256	4	NV03B_TYPEDEF
F	256	4	NV03C_TYPEDEF
F	256	7936	Nv01ContextDmaInMemory
F	256	7936	Nv01ContextErrorToMemory
F	256	7936	Nv01MemoryLocalPrivileged
F	256	7936	Nv01MemoryLocalUser
F	256	7936	Nv03VideoLutCursorPal
F	256	7936	Nv04ContextSurfaces2d
F	256	7936	Nv03ContextRop
F	256	7936	Nv04ContextPattern
F	256	7936	Nv03VideoLutCursorNtsc
F	256	7936	Nv04VideoLutCursorDac
F	256	7936	Nv04VideoOverlay
F	256	7936	Nv03Dx3TexturedTriangle
F	256	7936	NV05VideoLutCursorDac
F	256	7936	Nv04GdiRectangleText
F	256	7936	Nv03GdiRectangleText
F	256	4	NV04C_TYPEDEF
F	256	7936	Nv03ExternalVideoDecoder
F	256	7936	Nv03ExternalVideoDecompressor
F	256	7936	Nv01ExternalParallelBus
F	256	7936	Nv03ExternalMonitorBus
F	256	7936	Nv04ExternalSerialBus
F	256	7936	Nv04ContextSurfaceSwizzled
F	256	7936	Nv04ContextSurfaces3d
F	256	7936	Nv04Dx5TexturedTriangle
F	256	7936	Nv04Dx6MultiTextureTriangle
F	256	4	Nv12CelsiusPrimitive
F	256	7936	Nv04ContextColorKey
F	256	7936	Nv03ContextSurface2dDestination
F	256	7936	Nv03ContextSurface2dSource
F	256	7936	Nv03ContextSurface3dColor
F	256	7936	Nv03ContextSurface3dDepth
F	256	7936	Nv04RenderSolidLin
F	256	7936	Nv04RenderSolidTriangle
F	256	7936	Nv04RenderSolidRectangle
F	256	7936	Nv04ImageBlit
F	256	7936	Nv04IndexedImageFromCpu
F	256	7936	Nv04ImageFromCpu
F	256	7936	Nv10ContextSurfaces2d
F	256	7936	Nv05ScaledImageFromMemory
F	256	7936	Nv05IndexedImageFromCpu
F	256	7936	Nv05ImageFromCpu
F	256	7936	Nv05StretchedImageFromCpu
F	256	7936	Nv10VideoLutCursorDac
F	256	7936	Nv04HeapOwner
F	256	4	NV070_TYPEDEF
F	256	4	NV071_TYPEDEF
F	256	7936	Nv04ContextBeta
F	256	4	NV073_TYPEDEF
F	256	4	NV074_TYPEDEF
F	256	4	NV075_TYPEDEF
F	256	7936	Nv04StretchedImageFromCpu
F	256	7936	Nv04ScaledImageFromMemory
F	256	4	NV078_TYPEDEF
F	256	4	NV079_TYPEDEF
F	256	7936	Nv10VideoOverlay
F	256	7936	Nv10TextureFromCpu
F	256	7936	Nv12VideoLutCursorDac
F	256	4	NV07D_TYPEDEF
F	256	4	NV07E_TYPEDEF
F	256	4	NV07F_TYPEDEF
F	256	7936	Nv01Device0
F	256	7936	Nv01Device1
F	256	7936	Nv01Device2
F	256	7936	Nv01Device3
F	256	7936	Nv01Device4
F	256	7936	Nv01Device5
F	256	7936	Nv01Device6
F	256	7936	Nv01Device7
F	256	7936	Nv10DvdSubpicture
F	256	7936	Nv10ScaledImageFromMemory
F	256	7936	Nv10ContextSurfaces3d
F	256	7936	Nv10Dx5TexturedTriangle
F	256	7936	Nv10Dx6MultiTextureTriangle
F	256	4	Nv20KelvinPrimitive
F	256	7936	Nv11ScaledImageFromMemory
F	256	7936	Nv20ImageBlit
F	256	4	NVFF0_TYPEDEF
F	256	4	NVFF1_TYPEDEF
F	256	4	NVFF2_TYPEDEF
F	256	4	NVFF3_TYPEDEF
F	256	4	NVFF4_TYPEDEF
F	256	7936	NvContextErrorToMemory
F	256	7936	NvVideoColorKey
F	256	7936	NvVideoScaler
F	256	7936	NvVideoFromMemory
F	256	7936	NvVideoColormap
F	256	7936	NvVideoSink
F	256	7936	NvPatchcordVideo
F	256	7936	NvContextDmaInMemory
F	256	7936	NvContextDmaToMemory
F	256	7936	NvContextDmaFromMemory
F	256	7936	NvClass
S	Nv04ChannelPio	65536	misc
F	0	65536	subchannel
S	NvffbTypedef	7936	misc
F	0	7936	Reserved00
S	Nv05eTypedef	7936	misc
F	0	4	NoOperation
F	4	4	Notify
F	8	120	Reserved00
F	128	4	SetContextDmaNotifies
F	132	4	SetContextClipRectangle
F	136	4	SetContextPattern
F	140	4	SetContextRop
F	144	4	SetContextBeta1
F	148	4	SetContextBeta4
F	152	4	SetContextSurface
F	156	352	Reserved01
F	508	4	SetOperation
F	512	4	SetColorFormat
F	516	4	Color
F	520	248	Reserved02
F	768	128	Rectangle
F	896	7040	Reserved03
S	Nv082Typedef	7936	misc
F	0	7936	Reserved00
S	Nv088Typedef	7936	misc
F	0	4	NoOperation
F	4	4	Notify
F	8	120	Reserved00
F	128	4	SetContextDmaNotifies
F	132	4	SetContextDmaOverlay
F	136	4	SetContextDmaImageIn
F	140	4	SetContextDmaImageOut
F	144	368	Reserved01
F	512	4	ImageOutPoint
F	516	4	ImageOutSize
F	520	4	ImageOutFormat
F	524	4	ImageOutOffset
F	528	4	ImageInDsDx
F	532	4	ImageInDtDy
F	536	4	ImageInSize
F	540	4	ImageInFormat
F	544	4	ImageInOffset
F	548	4	ImageInPoint
F	552	4	OverlayDsDx
F	556	4	OverlayDtDy
F	560	4	OverlaySize
F	564	4	OverlayFormat
F	568	4	OverlayOffset
F	572	4	OverlayPoint
F	576	7360	Reserved02
S	Nv03eTypedef	7936	misc
F	0	7936	Reserved00
S	Nv045Typedef	7936	misc
F	0	4	NoOperation
F	4	4	Notify
F	8	4	StopTransfer
F	12	116	Reserved00
F	128	4	SetContextDmaNotifies
F	132	8	SetContextDmaImage
F	140	4	SetContextDmaLut
F	144	4	SetContextDmaCursor
F	148	364	Reserved01
F	512	24	SetImage
F	536	8	GetImageOffsetNotify
F	544	8	SetLut
F	552	8	SetCursorImage
F	560	8	SetCursorPoint
F	568	8	SetEncoder
F	576	7360	Reserved02
S	_Nv005Typedef	7936	misc
F	0	7936	Reserved00
S	NvfffTypedef	7936	misc
F	0	4	NoOperation
F	4	4	Notify
F	8	120	Reserved00
F	128	4	SetContextDmaNotifies
F	132	380	Reserved01
F	512	4	Create
F	516	4	Destroy
F	520	7416	Reserved02
S	Nv067Typedef	7936	misc
F	0	4	NoOperation
F	4	4	Notify
F	8	8	StopImage
F	16	8	StopLut
F	24	8	StopCursorImage
F	32	8	StopDac
F	40	88	Reserved00
F	128	4	SetContextDmaNotifies
F	132	8	SetContextDmaImage
F	140	8	SetContextDmaLut
F	148	8	SetContextDmaCursor
F	156	352	Reserved01
F	508	4	GetOffset
F	512	16	SetImage
F	528	16	SetLut
F	544	16	SetCursorImage
F	560	4	SetCursorPoint
F	564	12	Reserved03
F	576	64	SetDac
F	640	7296	Reserved04
S	NvU64	8	misc
F	0	4	low
F	4	4	high
S	Nv06fTypedef	7936	misc
F	0	7936	Reserved00
S	Nv04ControlPio	252	misc
F	0	12	Reserved00
F	12	2	Free
F	14	6	Zero
F	20	232	Reserved01
S	Nv05cTypedef	7936	misc
F	0	4	NoOperation
F	4	4	Notify
F	8	120	Reserved00
F	128	4	SetContextDmaNotifies
F	132	4	SetContextClipRectangle
F	136	4	SetContextPattern
F	140	4	SetContextRop
F	144	4	SetContextBeta1
F	148	4	SetContextBeta4
F	152	4	SetContextSurface
F	156	352	Reserved01
F	508	4	SetOperation
F	512	4	SetColorFormat
F	516	4	Color
F	520	248	Reserved02
F	768	128	Lin
F	896	128	Lin32
F	1024	128	PolyLin
F	1152	128	PolyLin32
F	1280	128	ColorPolyLin
F	1408	6528	Reserved03
S	Nv047Typedef	7936	misc
F	0	4	NoOperation
F	4	4	Notify
F	8	24	Reserved00
F	32	8	StopOverlay
F	40	88	Reserved01
F	128	4	SetContextDmaNotifies
F	132	24	Reserved02
F	156	8	SetContextDmaOverlay
F	164	344	Reserved03
F	508	4	GetOffset
F	512	256	Reserved04
F	768	256	SetOverlay
F	1024	4	SetOverlayPointOutA
F	1028	6908	Reserved06
S	Nv072Typedef	7936	misc
F	0	4	NoOperation
F	4	4	Notify
F	8	120	Reserved00
F	128	4	SetContextDmaNotifies
F	132	380	Reserved01
F	512	4	SetBetaFactor
F	516	7420	Reserved02
S	Nv043Typedef	7936	misc
F	0	4	NoOperation
F	4	4	Notify
F	8	120	Reserved00
F	128	4	SetContextDmaNotifies
F	132	380	Reserved01
F	512	4	SetRop5
F	516	7420	Reserved02
S	Nv003Typedef	7936	misc
F	0	7936	Reserved00
S	Nv09fTypedef	7936	misc
F	0	4	NoOperation
F	4	4	Notify
F	8	24	Reserved00
F	32	4	SyncSetRead
F	36	4	SyncSetWrite
F	40	4	SyncSetModulo
F	44	4	SyncIncrementWrite
F	48	4	SyncStall
F	52	4	SyncIncrementReadRange
F	56	72	Reserved02
F	128	4	SetContextDmaNotifies
F	132	4	SetContextColorKey
F	136	4	SetContextClipRectangle
F	140	4	SetContextPattern
F	144	4	SetContextRop
F	148	4	SetContextBeta1
F	152	4	SetContextBeta4
F	156	4	SetContextSurfaces
F	160	348	Reserved03
F	508	4	SetOperation
F	512	4	ControlPointIn
F	516	4	ControlPointOut
F	520	4	Size
F	524	7412	Reserved04
S	Nv085Typedef	7936	misc
F	0	7936	Reserved00
S	Nv058Typedef	7936	misc
F	0	4	NoOperation
F	4	4	Notify
F	8	120	Reserved00
F	128	4	SetContextDmaNotifies
F	132	4	SetContextDmaImage
F	136	376	Reserved01
F	512	4	SetColorFormat
F	516	4	Reserved02
F	520	4	SetImagePitch
F	524	4	SetImageOffset
F	528	7408	Reserved03
S	Nv1189Typedef	7936	misc
F	0	4	NoOperation
F	4	4	Notify
F	8	120	Reserved00
F	128	4	SetContextDmaNotifies
F	132	4	SetContextDmaImage
F	136	4	SetContextPattern
F	140	4	SetContextRop
F	144	4	SetContextBeta1
F	148	4	SetContextBeta4
F	152	4	SetContextSurface
F	156	352	Reserved01
F	508	4	SetColorConversion
F	512	4	SetColorFormat
F	516	4	SetOperation
F	520	4	ClipPoint
F	524	4	ClipSize
F	528	4	ImageOutPoint
F	532	4	ImageOutSize
F	536	4	DsDx
F	540	4	DtDy
F	544	224	Reserved02
F	768	4	ImageInSize
F	772	4	ImageInFormat
F	776	4	ImageInOffset
F	780	4	ImageInPoint
F	784	7152	Reserved03
S	Nv01cTypedef	7936	misc
F	0	4	NoOperation
F	4	4	Notify
F	8	120	Reserved00
F	128	4	SetContextDmaNotifies
F	132	4	SetContextClipRectangle
F	136	4	SetContextPattern
F	140	4	SetContextRop
F	144	4	SetContextBeta1
F	148	4	SetContextSurface
F	152	356	Reserved01
F	508	4	SetOperation
F	512	4	SetColorFormat
F	516	4	Color
F	520	248	Reserved02
F	768	128	Lin
F	896	128	Lin32
F	1024	128	PolyLin
F	1152	128	PolyLin32
F	1280	128	ColorPolyLin
F	1408	6528	Reserved03
S	NvffcTypedef	7936	misc
F	0	4	NoOperation
F	4	4	Notify
F	8	120	Reserved00
F	128	4	SetContextDmaNotifies
F	132	380	Reserved01
F	512	12	SetDmaSpecifier
F	524	7412	Reserved02
S	NvffeTypedef	7936	misc
F	0	4	NoOperation
F	4	4	Notify
F	8	120	Reserved00
F	128	4	SetContextDmaNotifies
F	132	380	Reserved01
F	512	12	SetDmaSpecifier
F	524	7412	Reserved02
S	Nv004Typedef	7936	misc
F	0	4	NoOperation
F	4	4	Notify
F	8	4	StopTransfer
F	12	116	Reserved00
F	128	4	SetContextDmaNotifies
F	132	380	Reserved01
F	512	8	SetAlarmTime
F	520	4	Reserved02
F	524	4	SetAlarmNotify
F	528	7408	Reserved03
S	Nvff5Typedef	7936	misc
F	0	4	NoOperation
F	4	4	Notify
F	8	120	Reserved00
F	128	4	SetContextDmaNotifies
F	132	380	Reserved01
F	512	12	SetDmaSpecifier
F	524	7412	Reserved02
S	Nv037Typedef	7936	misc
F	0	4	NoOperation
F	4	4	Notify
F	8	120	Reserved00
F	128	4	SetContextDmaNotifies
F	132	4	SetContextDmaImage
F	136	4	SetContextPattern
F	140	4	SetContextRop
F	144	4	SetContextBeta1
F	148	4	SetContextSurface
F	152	360	Reserved01
F	512	4	SetColorFormat
F	516	4	SetOperation
F	520	4	ClipPoint
F	524	4	ClipSize
F	528	4	ImageOutPoint
F	532	4	ImageOutSize
F	536	4	DeltaDuDx
F	540	4	DeltaDvDy
F	544	224	Reserved02
F	768	4	ImageInSize
F	772	4	ImageInPitch
F	776	4	ImageInOffset
F	780	4	ImageInPoint
F	784	7152	Reserved03
S	Nvff7Typedef	7936	misc
F	0	4	NoOperation
F	4	4	Notify
F	8	120	Reserved00
F	128	4	SetContextDmaNotifies
F	132	124	Reserved01
F	256	4	SetVideoOutput
F	260	4	SetVideoInput
F	264	248	Reserved02
F	512	4	SetDeltaDuDx
F	516	4	SetDeltaDvDy
F	520	4	SetPoint
F	524	7412	Reserved03
S	NvffaTypedef	7936	misc
F	0	4	NoOperation
F	4	4	Notify
F	8	120	Reserved00
F	128	4	SetContextDmaNotifies
F	132	124	Reserved01
F	256	256	SetVideoInput
F	512	7424	Reserved02
S	Nv06cTypedef	7936	misc
F	0	7936	Reserved00
S	Nv021Typedef	7936	misc
F	0	4	NoOperation
F	4	4	Notify
F	8	120	Reserved00
F	128	4	SetContextDmaNotifies
F	132	4	SetContextColorKey
F	136	4	SetContextClipRectangle
F	140	4	SetContextPattern
F	144	4	SetContextRop
F	148	4	SetContextBeta1
F	152	4	SetContextSurface
F	156	352	Reserved01
F	508	4	SetOperation
F	512	4	SetColorFormat
F	516	4	Point
F	520	4	SizeOut
F	524	4	SizeIn
F	528	240	Reserved02
F	768	128	Color
F	896	7040	Reserved03
S	Nv080Typedef	7936	misc
F	0	7936	Reserved00
S	Nv042Typedef	7936	misc
F	0	4	NoOperation
F	4	4	Notify
F	8	120	Reserved00
F	128	4	SetContextDmaNotifies
F	132	4	SetContextDmaImageSource
F	136	4	SetContextDmaImageDestin
F	140	372	Reserved01
F	512	4	SetColorFormat
F	516	4	SetPitch
F	520	4	SetOffsetSource
F	524	4	SetOffsetDestin
F	528	7408	Reserved02
S	Nv094Typedef	7936	misc
F	0	4	NoOperation
F	4	4	Notify
F	8	120	Reserved00
F	128	4	SetContextDmaNotifies
F	132	4	SetContextDmaA
F	136	4	SetContextDmaB
F	140	4	SetContextSurfaces
F	144	368	Reserved01
F	512	4	ColorKeyValue
F	516	4	Offset
F	520	4	Format
F	524	4	Filter
F	528	4	Blend
F	532	4	Control
F	536	4	FogColor
F	540	228	Reserved02
F	768	512	Tlvertex
F	1280	256	DrawPrimitive
F	1536	6400	Reserved03
S	Nv057Typedef	7936	misc
F	0	4	NoOperation
F	4	4	Notify
F	8	120	Reserved00
F	128	4	SetContextDmaNotifies
F	132	380	Reserved01
F	512	4	SetColorFormat
F	516	4	SetColor
F	520	7416	Reserved02
S	Nv206eTypedef	7936	misc
F	0	7936	Reserved00
S	Nv001Typedef	7936	misc
F	0	7936	Reserved00
S	Nv06eControl	8192	misc
F	0	64	Ignored00
F	64	4	Put
F	68	4	Get
F	72	4	Reference
F	76	8116	Ignored01
S	Nv000Typedef	7936	misc
F	0	7936	Reserved00
S	Nv059Typedef	7936	misc
F	0	4	NoOperation
F	4	4	Notify
F	8	120	Reserved00
F	128	4	SetContextDmaNotifies
F	132	4	SetContextDmaImage
F	136	376	Reserved01
F	512	4	SetColorFormat
F	516	4	Reserved02
F	520	4	SetImagePitch
F	524	4	SetImageOffset
F	528	7408	Reserved03
S	Nv206eControl	8192	misc
F	0	64	Ignored00
F	64	4	Put
F	68	4	Get
F	72	4	Reference
F	76	8116	Ignored01
S	Nv018Typedef	7936	misc
F	0	4	NoOperation
F	4	4	Notify
F	8	120	Reserved00
F	128	4	SetContextDmaNotifies
F	132	380	Reserved01
F	512	4	SetColorFormat
F	516	4	SetMonochromeFormat
F	520	4	SetMonochromeShape
F	524	4	Reserved02
F	528	4	SetMonochromeColor0
F	532	4	SetMonochromeColor1
F	536	4	SetMonochromePattern0
F	540	4	SetMonochromePattern1
F	544	7392	Reserved03
S	Nv01dTypedef	7936	misc
F	0	4	NoOperation
F	4	4	Notify
F	8	120	Reserved00
F	128	4	SetContextDmaNotifies
F	132	4	SetContextClipRectangle
F	136	4	SetContextPattern
F	140	4	SetContextRop
F	144	4	SetContextBeta1
F	148	4	SetContextSurface
F	152	356	Reserved01
F	508	4	SetOperation
F	512	4	SetColorFormat
F	516	4	Color
F	520	8	Reserved02
F	528	4	TrianglePoint0
F	532	4	TrianglePoint1
F	536	4	TrianglePoint2
F	540	4	Reserved03
F	544	4	Triangle32Point0X
F	548	4	Triangle32Point0Y
F	552	4	Triangle32Point1X
F	556	4	Triangle32Point1Y
F	560	4	Triangle32Point2X
F	564	4	Triangle32Point2Y
F	568	200	Reserved04
F	768	128	Trimesh
F	896	128	Trimesh32
F	1024	128	ColorTriangle
F	1152	128	ColorTrimesh
F	1280	6656	Reserved05
S	Nv05aTypedef	7936	misc
F	0	4	NoOperation
F	4	4	Notify
F	8	120	Reserved00
F	128	4	SetContextDmaNotifies
F	132	4	SetContextDmaImage
F	136	376	Reserved01
F	512	4	SetColorFormat
F	516	4	Reserved02
F	520	4	SetImagePitch
F	524	4	SetImageOffset
F	528	7408	Reserved03
S	Nv049Typedef	7936	misc
F	0	4	NoOperation
F	4	4	Notify
F	8	8	StopImage
F	16	8	StopLut
F	24	8	StopCursorImage
F	32	8	StopDac
F	40	88	Reserved00
F	128	4	SetContextDmaNotifies
F	132	8	SetContextDmaImage
F	140	8	SetContextDmaLut
F	148	8	SetContextDmaCursor
F	156	352	Reserved01
F	508	4	GetOffset
F	512	16	SetImage
F	528	16	SetLut
F	544	16	SetCursorImage
F	560	4	SetCursorPoint
F	564	12	Reserved03
F	576	48	SetDac
F	624	7312	Reserved04
S	Nv06eTypedef	7936	misc
F	0	7936	Reserved00
S	Nv093Typedef	7936	misc
F	0	4	NoOperation
F	4	4	Notify
F	8	120	Reserved00
F	128	4	SetContextDmaNotifies
F	132	4	SetContextDmaColor
F	136	4	SetContextDmaZeta
F	140	364	Reserved01
F	504	4	SetClipHorizontal
F	508	4	SetClipVertical
F	512	4	SetFormat
F	516	4	SetClipSize
F	520	4	SetPitch
F	524	4	SetOffsetColor
F	528	4	SetOffsetZeta
F	532	7404	Reserved02
S	Nv089Typedef	7936	misc
F	0	4	NoOperation
F	4	4	Notify
F	8	120	Reserved00
F	128	4	SetContextDmaNotifies
F	132	4	SetContextDmaImage
F	136	4	SetContextPattern
F	140	4	SetContextRop
F	144	4	SetContextBeta1
F	148	4	SetContextBeta4
F	152	4	SetContextSurface
F	156	352	Reserved01
F	508	4	SetColorConversion
F	512	4	SetColorFormat
F	516	4	SetOperation
F	520	4	ClipPoint
F	524	4	ClipSize
F	528	4	ImageOutPoint
F	532	4	ImageOutSize
F	536	4	DsDx
F	540	4	DtDy
F	544	224	Reserved02
F	768	4	ImageInSize
F	772	4	ImageInFormat
F	776	4	ImageInOffset
F	780	4	ImageInPoint
F	784	7152	Reserved03
S	Nv03dTypedef	7936	misc
F	0	7936	Reserved00
S	Nv087Typedef	7936	misc
F	0	7936	Reserved00
S	Nv03ControlPio	252	misc
F	0	12	Reserved00
F	12	2	Free
F	14	6	Zero
F	20	232	Reserved01
S	NvP64	8	misc
F	0	4	offset
F	4	2	selector
F	6	2	reserved
S	Nv054Typedef	7936	misc
F	0	4	NoOperation
F	4	4	Notify
F	8	120	Reserved00
F	128	4	SetContextDmaNotifies
F	132	4	SetContextDmaA
F	136	4	SetContextDmaB
F	140	4	SetContextSurfaces
F	144	368	Reserved01
F	512	4	ColorKey
F	516	4	Offset
F	520	4	Format
F	524	4	Filter
F	528	4	Blend
F	532	4	Control
F	536	4	FogColor
F	540	228	Reserved02
F	768	512	Tlvertex
F	1280	256	DrawPrimitive
F	1536	6400	Reserved03
S	APU_EP_CREATE	4	misc
F	0	4	pioBase
S	Nv017Typedef	7936	misc
F	0	4	NoOperation
F	4	4	Notify
F	8	120	Reserved00
F	128	4	SetContextDmaNotifies
F	132	380	Reserved01
F	512	4	SetColorFormat
F	516	4	SetColor
F	520	7416	Reserved02
S	Nv030Typedef	7936	misc
F	0	7936	Reserved00
S	Nv086Typedef	7936	misc
F	0	7936	Reserved00
S	Nv041Typedef	7936	misc
F	0	4	NoOperation
F	4	4	Notify
F	8	4	StopTransfer
F	12	116	Reserved00
F	128	4	SetContextDmaNotifies
F	132	8	SetContextDmaImage
F	140	4	SetContextDmaLut
F	144	4	SetContextDmaCursor
F	148	364	Reserved01
F	512	24	SetImage
F	536	8	GetImageOffsetNotify
F	544	8	SetLut
F	552	8	SetCursorImage
F	560	8	SetCursorPoint
F	568	8	SetEncoder
F	576	7360	Reserved02
S	CODEC_ACCESS_PARAMS	20	misc
F	0	4	uDeviceRef
F	4	4	BaseAddr
F	8	4	Offset
F	12	4	AccessType
F	16	4	Val
S	Nv0FFTypedef	7936	misc
F	0	7936	Reserved00
S	Nv077Typedef	7936	misc
F	0	4	NoOperation
F	4	4	Notify
F	8	120	Reserved00
F	128	4	SetContextDmaNotifies
F	132	4	SetContextDmaImage
F	136	4	SetContextPattern
F	140	4	SetContextRop
F	144	4	SetContextBeta1
F	148	4	SetContextBeta4
F	152	4	SetContextSurface
F	156	356	Reserved01
F	512	4	SetColorFormat
F	516	4	SetOperation
F	520	4	ClipPoint
F	524	4	ClipSize
F	528	4	ImageOutPoint
F	532	4	ImageOutSize
F	536	4	DeltaDuDx
F	540	4	DeltaDvDy
F	544	224	Reserved02
F	768	4	ImageInSize
F	772	4	ImageInFormat
F	776	4	ImageInOffset
F	780	4	ImageInPoint
F	784	7152	Reserved03
S	NVDE_REGISTER_DEBUGGER_PARAMETERS	4	misc
F	0	4	TrapEvent
S	Nv0A0Typedef	7936	misc
F	0	7936	Reserved00
S	Nv044Typedef	7936	misc
F	0	4	NoOperation
F	4	4	Notify
F	8	120	Reserved00
F	128	4	SetContextDmaNotifies
F	132	380	Reserved01
F	512	4	SetColorFormat
F	516	4	SetMonochromeFormat
F	520	4	SetMonochromeShape
F	524	4	SetPatternSelect
F	528	4	SetMonochromeColor0
F	532	4	SetMonochromeColor1
F	536	4	SetMonochromePattern0
F	540	4	SetMonochromePattern1
F	544	224	Reserved02
F	768	64	SetPatternY8
F	832	192	Reserved03
F	1024	128	SetPatternR5G6B5
F	1152	128	Reserved04
F	1280	128	SetPatternX1R5G5B5
F	1408	128	Reserved05
F	1536	256	SetPatternX8R8G8B8
F	1792	6144	Reserved06
S	Nv062Typedef	7936	misc
F	0	4	NoOperation
F	4	4	Notify
F	8	120	Reserved00
F	128	4	SetContextDmaNotifies
F	132	4	SetContextDmaImageSource
F	136	4	SetContextDmaImageDestin
F	140	372	Reserved01
F	512	4	SetColorFormat
F	516	4	SetPitch
F	520	4	SetOffsetSource
F	524	4	SetOffsetDestin
F	528	7408	Reserved02
S	NvV64	8	misc
F	0	4	low
F	4	4	high
S	Nv076Typedef	7936	misc
F	0	4	NoOperation
F	4	4	Notify
F	8	120	Reserved00
F	128	4	SetContextDmaNotifies
F	132	4	SetContextColorKey
F	136	4	SetContextPattern
F	140	4	SetContextRop
F	144	4	SetContextBeta1
F	148	4	SetContextBeta4
F	152	4	SetContextSurface
F	156	352	Reserved01
F	508	4	SetOperation
F	512	4	SetColorFormat
F	516	4	SizeIn
F	520	4	DeltaDxDu
F	524	4	DeltaDyDv
F	528	4	ClipPoint
F	532	4	ClipSize
F	536	4	Point12d4
F	540	228	Reserved02
F	768	7168	Color
S	Nv081Typedef	7936	misc
F	0	7936	Reserved00
S	__unnamed_1566	128	misc
F	0	4	size
F	4	124	monochrome
S	Nv12CelsiusPrimitive	8192	misc
F	0	4	ctx_Switch
F	4	252	Reserved00
F	256	4	NoOperation
F	260	4	Notify
F	264	4	SetWarningEnable
F	268	4	GetState
F	272	4	WaitForIdle
F	276	12	Reserved01
F	288	4	SyncSetRead
F	292	4	SyncSetWrite
F	296	4	SyncSetModulo
F	300	4	SyncIncrementWrite
F	304	4	SyncStall
F	308	12	Reserved17
F	320	4	PmTrigger
F	324	60	Reserved02
F	384	4	SetContextDmaNotifies
F	388	4	SetContextDmaA
F	392	4	SetContextDmaB
F	396	4	SetContextDmaVertex
F	400	4	SetContextDmaState
F	404	4	SetContextDmaColor
F	408	4	SetContextDmaZeta
F	412	100	Reserved03
F	512	4	SetSurfaceClipHorizontal
F	516	4	SetSurfaceClipVertical
F	520	4	SetSurfaceFormat
F	524	4	SetSurfacePitch
F	528	4	SetSurfaceColorOffset
F	532	4	SetSurfaceZetaOffset
F	536	8	SetTextureOffset
F	544	8	SetTextureFormat
F	552	8	SetTextureControl0
F	560	8	SetTextureControl1
F	568	8	SetTextureControl2
F	576	8	SetTextureImageRect
F	584	8	SetTextureFilter
F	592	8	SetTexturePalette
F	600	8	Reserved04
F	608	8	SetCombinerAlphaICW
F	616	8	SetCombinerColorICW
F	624	8	SetCombineFactor
F	632	8	SetCombinerAlphaOCW
F	640	4	SetCombiner0ColorOCW
F	644	4	SetCombiner1ColorOCW
F	648	4	SetCombinerSpecularFogCW0
F	652	4	SetCombinerSpecularFogCW1
F	656	4	SetControl0
F	660	4	SetLightControl
F	664	4	SetColorMaterial
F	668	4	SetFogMode
F	672	4	SetFogGenMode
F	676	4	SetFogEnable
F	680	4	SetFogColor
F	684	8	SetColorKeyColor
F	692	4	SetWindowClipType
F	696	8	Reserved05
F	704	32	SetWindowClipHorizontal
F	736	32	SetWindowClipVertical
F	768	4	SetAlphaTestEnable
F	772	4	SetBlendEnable
F	776	4	SetCullFaceEnable
F	780	4	SetDepthTestEnable
F	784	4	SetDitherEnable
F	788	4	SetLightingEnable
F	792	4	SetPointParamsEnable
F	796	4	SetPointSmoothEnable
F	800	4	SetLineSmoothEnable
F	804	4	SetPolySmoothEnable
F	808	4	SetSkinEnable
F	812	4	SetStencilTestEnable
F	816	4	SetPolyOffsetPointEnable
F	820	4	SetPolyOffsetLineEnable
F	824	4	SetPolyOffsetFillEnable
F	828	4	SetAlphaFunc
F	832	4	SetAlphaRef
F	836	4	SetBlendFuncSfactor
F	840	4	SetBlendFuncDfactor
F	844	4	SetBlendColor
F	848	4	SetBlendEquation
F	852	4	SetDepthFunc
F	856	4	SetColorMask
F	860	4	SetDepthMask
F	864	4	SetStencilMask
F	868	4	SetStencilFunc
F	872	4	SetStencilFuncRef
F	876	4	SetStencilFuncMask
F	880	4	SetStencilOpFail
F	884	4	SetStencilOpZfail
F	888	4	SetStencilOpZpass
F	892	4	SetShadeMode
F	896	4	SetLineWidth
F	900	4	SetPolygonOffsetScaleFactor
F	904	4	SetPolygonOffsetBias
F	908	4	SetFrontPolygonMode
F	912	4	SetBackPolygonMode
F	916	4	SetClipMin
F	920	4	SetClipMax
F	924	4	SetCullFace
F	928	4	SetFrontFace
F	932	4	SetNormalizationEnable
F	936	12	SetMaterialEmission
F	948	4	SetMaterialAlpha
F	952	4	SetSpecularEnable
F	956	4	SetLightEnableMask
F	960	32	SetTexgen
F	992	4	SetTextureMatrix0Enable
F	996	4	SetTextureMatrix1Enable
F	1000	4	SetTLMode
F	1004	4	SetPointSize
F	1008	4	SetSwathWidth
F	1012	4	SetFlatShadeOp
F	1016	8	Reserved06
F	1024	64	SetModelViewMatrix0
F	1088	64	SetModelViewMatrix1
F	1152	64	SetInverseModelViewMatrix0
F	1216	64	SetInverseModelViewMatrix1
F	1280	64	SetCompositeMatrix
F	1344	64	SetTextureMatrix0
F	1408	64	SetTextureMatrix1
F	1472	64	Reserved07
F	1536	16	SetTexgenSPlane0
F	1552	16	SetTexgenTPlane0
F	1568	16	SetTexgenRPlane0
F	1584	16	SetTexgenQPlane0
F	1600	16	SetTexgenSPlane1
F	1616	16	SetTexgenTPlane1
F	1632	16	SetTexgenRPlane1
F	1648	16	SetTexgenQPlane1
F	1664	12	SetFogParams
F	1676	16	SetFogPlane
F	1692	4	Reserved08
F	1696	24	SetSpecularParams
F	1720	12	Reserved09
F	1732	12	SetSceneAmbientColor
F	1744	24	Reserved0a
F	1768	16	SetViewportOffset
F	1784	32	SetPointParams
F	1816	16	SetEyePosition
F	1832	4	Flush
F	1836	12	SetEyeDirectionSW
F	1848	200	Reserved0b
F	2048	1024	SetLight
F	3072	12	SetVertex3f
F	3084	12	Reserved0d
F	3096	16	SetVertex4f
F	3112	8	SetVertex4s
F	3120	12	SetNormal3f
F	3132	4	Reserved0e
F	3136	6	SetNormal3s
F	3142	10	Reserved0f
F	3152	16	SetDiffuseColor4f
F	3168	12	SetDiffuseColor3f
F	3180	4	SetDiffuseColor4ub
F	3184	16	SetSpecularColor4f
F	3200	12	SetSpecularColor3f
F	3212	4	SetSpecularColor4ub
F	3216	8	SetTexcoord0_2f
F	3224	4	SetTexcoord0_2s
F	3228	4	Reserved10
F	3232	16	SetTexcoord0_4f
F	3248	8	SetTexcoord0_4s
F	3256	8	SetTexcoord1_2f
F	3264	4	SetTexcoord1_2s
F	3268	4	Reserved11
F	3272	16	SetTexcoord1_4f
F	3288	8	SetTexcoord1_4s
F	3296	4	SetFog1f
F	3300	4	SetWeight1f
F	3304	4	Reserved12
F	3308	4	SetEdgeFlag
F	3312	4	InvalidateVertexCacheFile
F	3316	4	InvalidateVertexFile
F	3320	4	TlNop
F	3324	4	TlSync
F	3328	4	SetVertexArrayOffset
F	3332	4	SetVertexArrayFormat
F	3336	4	SetDiffuseArrayOffset
F	3340	4	SetDiffuseArrayFormat
F	3344	4	SetSpecularArrayOffset
F	3348	4	SetSpecularArrayFormat
F	3352	4	SetTexCoord0ArrayOffset
F	3356	4	SetTexCoord0ArrayFormat
F	3360	4	SetTexCoord1ArrayOffset
F	3364	4	SetTexCoord1ArrayFormat
F	3368	4	SetNormalArrayOffset
F	3372	4	SetNormalArrayFormat
F	3376	4	SetWeightArrayOffset
F	3380	4	SetWeightArrayFormat
F	3384	4	SetFogArrayOffset
F	3388	4	SetFogArrayFormat
F	3392	188	Reserved13
F	3580	4	SetBeginEnd
F	3584	512	ArrayElement16
F	4096	252	Reserved14
F	4348	4	SetBeginEnd2
F	4352	256	ArrayElement32
F	4608	508	Reserved15
F	5116	4	SetBeginEnd3
F	5120	512	DrawArrays
F	5632	40	DebugInit
F	5672	468	Reserved1628
F	6140	4	SetBeginEnd4
F	6144	2048	InlineArray
S	Nv11CelsiusPrimitive	8192	misc
F	0	4	ctx_Switch
F	4	252	Reserved0004
F	256	4	NoOperation
F	260	4	Notify
F	264	4	SetWarningEnable
F	268	4	GetState
F	272	4	WaitForIdle
F	276	12	Reserved0114
F	288	4	SetFlipRead
F	292	4	SetFlipWrite
F	296	4	SetFlipModulo
F	300	4	FlipIncrementWrite
F	304	4	FlipStall
F	308	12	Reserved0134
F	320	4	PmTrigger
F	324	60	Reserved0144
F	384	4	SetContextDmaNotifies
F	388	4	SetContextDmaA
F	392	4	SetContextDmaB
F	396	4	SetContextDmaVertex
F	400	4	SetContextDmaState
F	404	4	SetContextDmaColor
F	408	4	SetContextDmaZeta
F	412	100	Reserved019c
F	512	4	SetSurfaceClipHorizontal
F	516	4	SetSurfaceClipVertical
F	520	4	SetSurfaceFormat
F	524	4	SetSurfacePitch
F	528	4	SetSurfaceColorOffset
F	532	4	SetSurfaceZetaOffset
F	536	8	SetTextureOffset
F	544	8	SetTextureFormat
F	552	8	SetTextureControl0
F	560	8	SetTextureControl1
F	568	8	SetTextureControl2
F	576	8	SetTextureImageRect
F	584	8	SetTextureFilter
F	592	8	SetTexturePalette
F	600	8	Reserved0258
F	608	8	SetCombinerAlphaICW
F	616	8	SetCombinerColorICW
F	624	8	SetCombineFactor
F	632	8	SetCombinerAlphaOCW
F	640	4	SetCombiner0ColorOCW
F	644	4	SetCombiner1ColorOCW
F	648	4	SetCombinerSpecularFogCW0
F	652	4	SetCombinerSpecularFogCW1
F	656	4	SetControl0
F	660	4	SetLightControl
F	664	4	SetColorMaterial
F	668	4	SetFogMode
F	672	4	SetFogGenMode
F	676	4	SetFogEnable
F	680	4	SetFogColor
F	684	8	SetColorKeyColor
F	692	4	SetWindowClipType
F	696	8	Reserved02b8
F	704	32	SetWindowClipHorizontal
F	736	32	SetWindowClipVertical
F	768	4	SetAlphaTestEnable
F	772	4	SetBlendEnable
F	776	4	SetCullFaceEnable
F	780	4	SetDepthTestEnable
F	784	4	SetDitherEnable
F	788	4	SetLightingEnable
F	792	4	SetPointParamsEnable
F	796	4	SetPointSmoothEnable
F	800	4	SetLineSmoothEnable
F	804	4	SetPolySmoothEnable
F	808	4	SetSkinEnable
F	812	4	SetStencilTestEnable
F	816	4	SetPolyOffsetPointEnable
F	820	4	SetPolyOffsetLineEnable
F	824	4	SetPolyOffsetFillEnable
F	828	4	SetAlphaFunc
F	832	4	SetAlphaRef
F	836	4	SetBlendFuncSfactor
F	840	4	SetBlendFuncDfactor
F	844	4	SetBlendColor
F	848	4	SetBlendEquation
F	852	4	SetDepthFunc
F	856	4	SetColorMask
F	860	4	SetDepthMask
F	864	4	SetStencilMask
F	868	4	SetStencilFunc
F	872	4	SetStencilFuncRef
F	876	4	SetStencilFuncMask
F	880	4	SetStencilOpFail
F	884	4	SetStencilOpZfail
F	888	4	SetStencilOpZpass
F	892	4	SetShadeMode
F	896	4	SetLineWidth
F	900	4	SetPolygonOffsetScaleFactor
F	904	4	SetPolygonOffsetBias
F	908	4	SetFrontPolygonMode
F	912	4	SetBackPolygonMode
F	916	4	SetClipMin
F	920	4	SetClipMax
F	924	4	SetCullFace
F	928	4	SetFrontFace
F	932	4	SetNormalizationEnable
F	936	12	SetMaterialEmission
F	948	4	SetMaterialAlpha
F	952	4	SetSpecularEnable
F	956	4	SetLightEnableMask
F	960	32	SetTexgen
F	992	4	SetTextureMatrix0Enable
F	996	4	SetTextureMatrix1Enable
F	1000	4	SetTLMode
F	1004	4	SetPointSize
F	1008	4	SetSwathWidth
F	1012	4	SetFlatShadeOp
F	1016	8	Reserved03f8
F	1024	64	SetModelViewMatrix0
F	1088	64	SetModelViewMatrix1
F	1152	64	SetInverseModelViewMatrix0
F	1216	64	SetInverseModelViewMatrix1
F	1280	64	SetCompositeMatrix
F	1344	64	SetTextureMatrix0
F	1408	64	SetTextureMatrix1
F	1472	64	Reserved05c0
F	1536	16	SetTexgenSPlane0
F	1552	16	SetTexgenTPlane0
F	1568	16	SetTexgenRPlane0
F	1584	16	SetTexgenQPlane0
F	1600	16	SetTexgenSPlane1
F	1616	16	SetTexgenTPlane1
F	1632	16	SetTexgenRPlane1
F	1648	16	SetTexgenQPlane1
F	1664	12	SetFogParams
F	1676	16	SetFogPlane
F	1692	4	Reserved069c
F	1696	24	SetSpecularParams
F	1720	12	Reserved06b8
F	1732	12	SetSceneAmbientColor
F	1744	24	Reserved06d0
F	1768	16	SetViewportOffset
F	1784	32	SetPointParams
F	1816	16	SetEyePosition
F	1832	4	Flush
F	1836	12	SetEyeDirectionSW
F	1848	200	Reserved0738
F	2048	1024	SetLight
F	3072	12	SetVertex3f
F	3084	12	Reserved0c0c
F	3096	16	SetVertex4f
F	3112	8	SetVertex4s
F	3120	12	SetNormal3f
F	3132	4	Reserved0c3c
F	3136	8	SetNormal3s
F	3144	8	Reserved0c48
F	3152	16	SetDiffuseColor4f
F	3168	12	SetDiffuseColor3f
F	3180	4	SetDiffuseColor4ub
F	3184	16	SetSpecularColor4f
F	3200	12	SetSpecularColor3f
F	3212	4	SetSpecularColor4ub
F	3216	8	SetTexcoord0_2f
F	3224	4	SetTexcoord0_2s
F	3228	4	Reserved0c9c
F	3232	16	SetTexcoord0_4f
F	3248	8	SetTexcoord0_4s
F	3256	8	SetTexcoord1_2f
F	3264	4	SetTexcoord1_2s
F	3268	4	Reserved0cc4
F	3272	16	SetTexcoord1_4f
F	3288	8	SetTexcoord1_4s
F	3296	4	SetFog1f
F	3300	4	SetWeight1f
F	3304	4	Reserved0ce8
F	3308	4	SetEdgeFlag
F	3312	4	InvalidateVertexCacheFile
F	3316	4	InvalidateVertexFile
F	3320	4	TlNop
F	3324	4	TlSync
F	3328	4	SetVertexArrayOffset
F	3332	4	SetVertexArrayFormat
F	3336	4	SetDiffuseArrayOffset
F	3340	4	SetDiffuseArrayFormat
F	3344	4	SetSpecularArrayOffset
F	3348	4	SetSpecularArrayFormat
F	3352	4	SetTexCoord0ArrayOffset
F	3356	4	SetTexCoord0ArrayFormat
F	3360	4	SetTexCoord1ArrayOffset
F	3364	4	SetTexCoord1ArrayFormat
F	3368	4	SetNormalArrayOffset
F	3372	4	SetNormalArrayFormat
F	3376	4	SetWeightArrayOffset
F	3380	4	SetWeightArrayFormat
F	3384	4	SetFogArrayOffset
F	3388	4	SetFogArrayFormat
F	3392	4	SetLogicOpEnable
F	3396	4	SetLogicOp
F	3400	180	Reserved0d48
F	3580	4	SetBeginEnd
F	3584	512	ArrayElement16
F	4096	252	Reserved1000
F	4348	4	SetBeginEnd2
F	4352	256	ArrayElement32
F	4608	508	Reserved1200
F	5116	4	SetBeginEnd3
F	5120	512	DrawArrays
F	5632	40	DebugInit
F	5672	468	Reserved1628
F	6140	4	SetBeginEnd4
F	6144	2048	InlineArray
S	Nv046Typedef	7936	misc
F	0	4	NoOperation
F	4	4	Notify
F	8	8	StopImage
F	16	8	StopLut
F	24	8	StopCursorImage
F	32	8	StopDac
F	40	88	Reserved00
F	128	4	SetContextDmaNotifies
F	132	8	SetContextDmaImage
F	140	8	SetContextDmaLut
F	148	8	SetContextDmaCursor
F	156	352	Reserved01
F	508	4	GetOffset
F	512	16	SetImage
F	528	16	SetLut
F	544	16	SetCursorImage
F	560	4	SetCursorPoint
F	564	12	Reserved03
F	576	64	SetDac
F	640	7296	Reserved04
S	Nvff8Typedef	7936	misc
F	0	4	NoOperation
F	4	4	Notify
F	8	4	StopTransfer
F	12	4	SetPatch
F	16	112	Reserved00
F	128	4	SetContextDmaNotifies
F	132	8	SetContextDmaImage
F	140	116	Reserved01
F	256	4	SetVideoOutput
F	260	252	Reserved02
F	512	40	ImageScan
F	552	8	GetOffsetNotify
F	560	7376	Reserved03
S	Nvff9Typedef	7936	misc
F	0	4	NoOperation
F	4	4	Notify
F	8	120	Reserved00
F	128	4	SetContextDmaNotifies
F	132	4	SetContextDmaColormap
F	136	120	Reserved01
F	256	4	SetVideoOutput
F	260	4	SetVideoInput
F	264	256	Reserved02
F	520	4	SetColormapStart
F	524	4	SetColormapLength
F	528	4	ColormapDirtyStart
F	532	4	ColormapDirtyLength
F	536	7400	Reserved03
S	NVDE_TEST_PARAMETERS	4	misc
F	0	4	CallBackAddress
S	Nv04dTypedef	7936	misc
F	0	4	NoOperation
F	4	4	Notify
F	8	4	StopTransferVbi
F	12	4	StopTransferImage
F	16	112	Reserved00
F	128	4	SetContextDmaNotifies
F	132	8	SetContextDmaVbi
F	140	8	SetContextDmaImage
F	148	356	Reserved01
F	504	4	SetImageConfig
F	508	4	SetImageStartLine
F	512	24	SetVbi
F	536	8	GetVbiOffsetNotify
F	544	32	SetImage
F	576	8	GetImageOffsetNotify
F	584	7352	Reserved02
S	Nv04fTypedef	7936	misc
F	0	4	NoOperation
F	4	4	Notify
F	8	4	StopTransfer
F	12	116	Reserved00
F	128	4	SetContextDmaNotifies
F	132	380	Reserved01
F	512	4	WriteSize
F	516	4	WriteAddress
F	520	4	WriteData
F	524	4	ReadSize
F	528	4	ReadAddress
F	532	4	ReadGetDataNotify
F	536	4	SetInterruptNotify
F	540	7396	Reserved02
S	__unnamed_1585	256	misc
F	0	4	size
F	4	252	monochrome
S	Nv050Typedef	7936	misc
F	0	4	NoOperation
F	4	4	Notify
F	8	4	StopTransfer
F	12	116	Reserved00
F	128	4	SetContextDmaNotifies
F	132	380	Reserved01
F	512	4	WriteSize
F	516	4	WriteAddress
F	520	4	WriteData
F	524	4	ReadSize
F	528	4	ReadAddress
F	532	4	ReadGetDataNotify
F	536	4	SetInterruptNotify
F	540	7396	Reserved02
S	Nv095Typedef	7936	misc
F	0	4	NoOperation
F	4	4	Notify
F	8	120	Reserved00
F	128	4	SetContextDmaNotifies
F	132	4	SetContextDmaA
F	136	4	SetContextDmaB
F	140	4	SetContextSurfaces
F	144	376	Reserved01
F	520	8	Offset
F	528	8	Format
F	536	8	Filter
F	544	4	Combine0Alpha
F	548	4	Combine0Color
F	552	4	Reserved02
F	556	4	Combine1Alpha
F	560	4	Combine1Color
F	564	4	CombineFactor
F	568	4	Blend
F	572	4	Control0
F	576	4	Control1
F	580	4	Control2
F	584	4	FogColor
F	588	180	Reserved03
F	768	320	Tlmtvertex
F	1088	192	DrawPrimitive
F	1280	6656	Reserved04
S	Nv07cTypedef	7936	misc
F	0	4	NoOperation
F	4	4	Notify
F	8	8	StopImage
F	16	8	StopLut
F	24	8	StopCursorImage
F	32	8	StopDac
F	40	88	Reserved00
F	128	4	SetContextDmaNotifies
F	132	8	SetContextDmaImage
F	140	8	SetContextDmaLut
F	148	8	SetContextDmaCursor
F	156	4	SetContextDmaSemaphore
F	160	336	Reserved01
F	496	4	SetSemaphoreOffset
F	500	4	SetSemaphoreRelease
F	504	4	SetOffsetRange
F	508	4	GetOffset
F	512	16	SetImage
F	528	16	SetLut
F	544	16	SetCursorImage
F	560	4	SetCursorPoint
F	564	12	Reserved03
F	576	64	SetDac
F	640	7296	Reserved04
S	Nv012Typedef	7936	misc
F	0	4	NoOperation
F	4	4	Notify
F	8	120	Reserved00
F	128	4	SetContextDmaNotifies
F	132	380	Reserved01
F	512	4	SetBeta1d31
F	516	7420	Reserved02
S	Nv084Typedef	7936	misc
F	0	7936	Reserved00
S	Nv038Typedef	7936	misc
F	0	4	NoOperation
F	4	4	Notify
F	8	120	Reserved00
F	128	4	SetContextDmaNotifies
F	132	4	SetContextDmaOverlay
F	136	4	SetContextDmaImageIn
F	140	4	SetContextDmaImageOut
F	144	368	Reserved01
F	512	4	ImageOutPoint
F	516	4	ImageOutSize
F	520	4	ImageOutFormat
F	524	4	ImageOutOffset
F	528	4	ImageInDeltaDuDx
F	532	4	ImageInDeltaDvDy
F	536	4	ImageInSize
F	540	4	ImageInFormat
F	544	4	ImageInOffset
F	548	4	ImageInPoint
F	552	4	OverlayDeltaDuDx
F	556	4	OverlayDeltaDvDy
F	560	4	OverlaySize
F	564	4	OverlayFormat
F	568	4	OverlayOffset
F	572	4	OverlayPoint
F	576	7360	Reserved02
S	Nv051Typedef	7936	misc
F	0	4	NoOperation
F	4	4	Notify
F	8	4	StopTransfer
F	12	116	Reserved00
F	128	4	SetContextDmaNotifies
F	132	380	Reserved01
F	512	4	WriteSize
F	516	4	WriteAddress
F	520	4	WriteData
F	524	4	ReadSize
F	528	4	ReadAddress
F	532	4	ReadGetDataNotify
F	536	4	SetInterruptNotify
F	540	7396	Reserved02
S	Nv04aTypedef	7936	misc
F	0	4	NoOperation
F	4	4	Notify
F	8	120	Reserved00
F	128	4	SetContextDmaNotifies
F	132	4	SetContextDmaFonts
F	136	4	SetContextPattern
F	140	4	SetContextRop
F	144	4	SetContextBeta1
F	148	4	SetContextBeta4
F	152	4	SetContextSurface
F	156	352	Reserved01
F	508	4	SetOperation
F	512	4	SetColorFormat
F	516	4	SetMonochromeFormat
F	520	244	Reserved02
F	764	4	Color1A
F	768	256	UnclippedRectangle
F	1024	244	Reserved03
F	1268	4	ClipPoint0B
F	1272	4	ClipPoint1B
F	1276	4	Color1B
F	1280	256	ClippedRectangle
F	1536	236	Reserved04
F	1772	4	ClipPoint0C
F	1776	4	ClipPoint1C
F	1780	4	Color1C
F	1784	4	SizeC
F	1788	4	PointC
F	1792	512	MonochromeColor1C
F	2304	484	Reserved05
F	2788	4	ClipPoint0E
F	2792	4	ClipPoint1E
F	2796	4	Color0E
F	2800	4	Color1E
F	2804	4	SizeInE
F	2808	4	SizeOutE
F	2812	4	PointE
F	2816	512	MonochromeColor01E
F	3328	496	Reserved06
F	3824	4	FontF
F	3828	4	ClipPoint0F
F	3832	4	ClipPoint1F
F	3836	4	Color1F
F	3840	1024	CharacterColor1F
F	4864	1008	Reserved07
F	5872	4	FontG
F	5876	4	ClipPoint0G
F	5880	4	ClipPoint1G
F	5884	4	Color1G
F	5888	2048	CharacterColor1G
S	NvGraphicsState	416	misc
F	0	4	pad0
F	0	4	alphaFunc
F	0	4	pad1
F	0	4	depthFunc
F	0	4	pad2
F	0	4	depthMask
F	0	4	pad3
F	0	4	alphaMask
F	0	4	redMask
F	0	4	greenMask
F	0	4	blueMask
F	0	4	pad4
F	4	4	pad5
F	4	4	stencilFunc
F	4	4	stencilRef
F	4	4	pad6
F	4	4	stencilMask
F	8	4	sfailOp
F	8	4	zfailOp
F	8	4	zpassOp
F	8	4	pad7
F	12	4	blendEquation
F	12	4	pad8
F	12	4	srcBlend
F	12	4	destBlend
F	12	4	pad9
F	0	16	PerFragmentState
F	0	16	pad0
F	16	16	primaryColor
F	32	12	secondaryColor
F	44	4	fogCoord
F	48	32	texCoord
F	80	12	normal
F	92	4	pad1
F	96	4	vertexWeight
F	100	28	pad2
F	128	4	pad3
F	132	4	edgeFlag
F	132	4	pad4
F	136	8	pad5
F	16	144	PerVertexState
F	0	4	vertexOffset
F	4	4	vertexFormat
F	8	4	diffuseOffset
F	12	4	diffuseFormat
F	16	4	specularOffset
F	20	4	specularFormat
F	24	4	texCoord0Offset
F	28	4	texCoord0Format
F	32	4	texCoord1Offset
F	36	4	texCoord1Format
F	40	4	normalOffset
F	44	4	normalFormat
F	48	4	weightOffset
F	52	4	weightFormat
F	56	4	fogOffset
F	60	4	fogFormat
F	64	96	__align0
F	160	64	VertexArrayState
F	0	192	primAssm
F	192	32	__align1
F	224	192	PrimitiveAssmState
S	NvS64	8	misc
F	0	4	low
F	4	4	high
S	NvNotification	16	misc
F	0	8	timeStamp
F	8	4	info32
F	12	2	info16
F	14	2	status
S	Nv05bTypedef	7936	misc
F	0	4	NoOperation
F	4	4	Notify
F	8	120	Reserved00
F	128	4	SetContextDmaNotifies
F	132	4	SetContextDmaImage
F	136	376	Reserved01
F	512	4	SetColorFormat
F	516	4	Reserved02
F	520	4	NvDummy
F	524	4	SetImageOffset
F	528	7408	Reserved03
S	_Nv066Typedef	7936	misc
F	0	4	NoOperation
F	4	4	Notify
F	8	120	Reserved00
F	128	4	SetContextDmaNotifies
F	132	4	SetContextColorKey
F	136	4	SetContextPattern
F	140	4	SetContextRop
F	144	4	SetContextBeta1
F	148	4	SetContextBeta4
F	152	4	SetContextSurface
F	156	348	Reserved01
F	504	4	SetColorConversion
F	508	4	SetOperation
F	512	4	SetColorFormat
F	516	4	SizeIn
F	520	4	DxDs
F	524	4	DyDt
F	528	4	ClipPoint
F	532	4	ClipSize
F	536	4	Point12d4
F	540	228	Reserved02
F	768	7168	Color
S	Nv05dTypedef	7936	misc
F	0	4	NoOperation
F	4	4	Notify
F	8	120	Reserved00
F	128	4	SetContextDmaNotifies
F	132	4	SetContextClipRectangle
F	136	4	SetContextPattern
F	140	4	SetContextRop
F	144	4	SetContextBeta1
F	148	4	SetContextBeta4
F	152	4	SetContextSurface
F	156	352	Reserved01
F	508	4	SetOperation
F	512	4	SetColorFormat
F	516	4	Color
F	520	8	Reserved02
F	528	4	TrianglePoint0
F	532	4	TrianglePoint1
F	536	4	TrianglePoint2
F	540	4	Reserved03
F	544	4	Triangle32Point0X
F	548	4	Triangle32Point0Y
F	552	4	Triangle32Point1X
F	556	4	Triangle32Point1Y
F	560	4	Triangle32Point2X
F	564	4	Triangle32Point2Y
F	568	200	Reserved04
F	768	128	Trimesh
F	896	128	Trimesh32
F	1024	128	ColorTriangle
F	1152	128	ColorTrimesh
F	1280	6656	Reserved05
S	Nv040Typedef	7936	misc
F	0	7936	Reserved00
S	Nv064Typedef	7936	misc
F	0	4	NoOperation
F	4	4	Notify
F	8	120	Reserved00
F	128	4	SetContextDmaNotifies
F	132	4	SetContextDmaLut
F	136	4	SetContextColorKey
F	140	4	SetContextClipRectangle
F	144	4	SetContextPattern
F	148	4	SetContextRop
F	152	4	SetContextBeta1
F	156	4	SetContextBeta4
F	160	4	SetContextSurface
F	164	572	Reserved01
F	736	4	SetColorConversion
F	740	4	SetOperation
F	744	4	SetColorFormat
F	748	4	IndexFormat
F	752	4	LutOffset
F	756	4	Point
F	760	4	SizeOut
F	764	4	SizeIn
F	768	7168	Indices
S	APU_AP_FLAGS	4	misc
F	0	4	fields
F	0	4	uValue
S	Nv002Typedef	7936	misc
F	0	7936	Reserved00
S	NV07C_ALLOCATION_PARAMETERS	16	misc
F	0	4	version
F	4	8	pInfo
F	12	4	logicalHeadId
S	Nv04ControlDma	8192	misc
F	0	64	Ignored00
F	64	4	Put
F	68	4	Get
F	72	8	Ignored01
F	80	4	StallNotifier
F	84	4	StallChannel
F	88	8104	Ignored02
S	__unnamed_1689	512	misc
F	0	4	size
F	4	508	monochrome
S	Nv039Typedef	7936	misc
F	0	4	NoOperation
F	4	4	Notify
F	8	120	Reserved00
F	128	4	SetContextDmaNotifies
F	132	4	SetContextDmaBufferIn
F	136	4	SetContextDmaBufferOut
F	140	384	Reserved01
F	524	4	OffsetIn
F	528	4	OffsetOut
F	532	4	PitchIn
F	536	4	PitchOut
F	540	4	LineLengthIn
F	544	4	LineCount
F	548	4	Format
F	552	4	BufferNotify
F	556	7380	Reserved02
S	Nv205fTypedef	7936	misc
F	0	4	NoOperation
F	4	4	Notify
F	8	24	Reserved00
F	32	4	SyncSetRead
F	36	4	SyncSetWrite
F	40	4	SyncSetModulo
F	44	4	SyncIncrementWrite
F	48	4	SyncStall
F	52	4	SyncIncrementReadRange
F	56	72	Reserved02
F	128	4	SetContextDmaNotifies
F	132	4	SetContextColorKey
F	136	4	SetContextClipRectangle
F	140	4	SetContextPattern
F	144	4	SetContextRop
F	148	4	SetContextBeta1
F	152	4	SetContextBeta4
F	156	4	SetContextSurfaces
F	160	348	Reserved03
F	508	4	SetOperation
F	512	4	ControlPointIn
F	516	4	ControlPointOut
F	520	4	Size
F	524	7412	Reserved04
S	Nv06bTypedef	7936	misc
F	0	7936	Reserved00
S	Nvff6Typedef	7936	misc
F	0	4	NoOperation
F	4	4	Notify
F	8	120	Reserved00
F	128	4	SetContextDmaNotifies
F	132	124	Reserved01
F	256	4	SetVideoOutput
F	260	12	SetVideoInput
F	272	240	Reserved02
F	512	4	SetColorFormat
F	516	4	SetColorKey
F	520	4	SetPoint
F	524	4	SetSize
F	528	7408	Reserved03
S	Nv060Typedef	7936	misc
F	0	4	NoOperation
F	4	4	Notify
F	8	120	Reserved00
F	128	4	SetContextDmaNotifies
F	132	4	SetContextDmaLut
F	136	4	SetContextColorKey
F	140	4	SetContextClipRectangle
F	144	4	SetContextPattern
F	148	4	SetContextRop
F	152	4	SetContextBeta1
F	156	4	SetContextBeta4
F	160	4	SetContextSurface
F	164	572	Reserved01
F	736	4	SetColorConversion
F	740	4	SetOperation
F	744	4	SetColorFormat
F	748	4	IndexFormat
F	752	4	LutOffset
F	756	4	Point
F	760	4	SizeOut
F	764	4	SizeIn
F	768	7168	Indices
S	Nv03fTypedef	7936	misc
F	0	7936	Reserved00
S	Nv08ATypedef	7936	misc
F	0	4	NoOperation
F	4	4	Notify
F	8	120	Reserved00
F	128	4	SetContextDmaNotifies
F	132	4	SetContextColorKey
F	136	4	SetContextClipRectangle
F	140	4	SetContextPattern
F	144	4	SetContextRop
F	148	4	SetContextBeta1
F	152	4	SetContextBeta4
F	156	4	SetContextSurface
F	160	344	Reserved01
F	504	4	SetColorConversion
F	508	4	SetOperation
F	512	4	SetColorFormat
F	516	4	Point
F	520	4	SizeOut
F	524	4	SizeIn
F	528	240	Reserved02
F	768	7168	Color
S	Nv055Typedef	7936	misc
F	0	4	NoOperation
F	4	4	Notify
F	8	120	Reserved00
F	128	4	SetContextDmaNotifies
F	132	4	SetContextDmaA
F	136	4	SetContextDmaB
F	140	4	SetContextSurfaces
F	144	376	Reserved01
F	520	8	Offset
F	528	8	Format
F	536	8	Filter
F	544	4	Combine0Alpha
F	548	4	Combine0Color
F	552	4	Reserved02
F	556	4	Combine1Alpha
F	560	4	Combine1Color
F	564	4	CombineFactor
F	568	4	Blend
F	572	4	Control0
F	576	4	Control1
F	580	4	Control2
F	584	4	FogColor
F	588	180	Reserved03
F	768	320	Tlmtvertex
F	1088	192	DrawPrimitive
F	1280	6656	Reserved04
S	Nv01eTypedef	7936	misc
F	0	4	NoOperation
F	4	4	Notify
F	8	120	Reserved00
F	128	4	SetContextDmaNotifies
F	132	4	SetContextClipRectangle
F	136	4	SetContextPattern
F	140	4	SetContextRop
F	144	4	SetContextBeta1
F	148	4	SetContextSurface
F	152	356	Reserved01
F	508	4	SetOperation
F	512	4	SetColorFormat
F	516	4	Color
F	520	248	Reserved02
F	768	128	Rectangle
F	896	7040	Reserved03
S	NV07A_ALLOCATION_PARAMETERS	16	misc
F	0	4	version
F	4	8	pInfo
F	12	4	logicalHeadId
S	Nv036Typedef	7936	misc
F	0	4	NoOperation
F	4	4	Notify
F	8	120	Reserved00
F	128	4	SetContextDmaNotifies
F	132	4	SetContextColorKey
F	136	4	SetContextPattern
F	140	4	SetContextRop
F	144	4	SetContextBeta1
F	148	4	SetContextSurface
F	152	356	Reserved01
F	508	4	SetOperation
F	512	4	SetColorFormat
F	516	4	SizeIn
F	520	4	DeltaDxDu
F	524	4	DeltaDyDv
F	528	4	ClipPoint
F	532	4	ClipSize
F	536	4	Point12d4
F	540	228	Reserved02
F	768	7168	Color
S	APU_AP_CREATE	64	misc
F	0	4	pObjectDmaBuffer
F	4	4	pObjectNotifiesBuffer
F	8	4	pObjectGlobalNotifiesBuffer
F	12	4	flags
F	16	4	pioBase
F	20	4	limitFifo
F	24	4	limitBandwidth
F	28	4	limitBlockClock
F	32	4	overhead
F	36	4	uVoiceCount
F	40	4	uVoice3dCount
F	44	4	uHRTFCount
F	48	4	uSubmixCount
F	52	4	uSegInCount
F	56	4	uSGEInCount
F	60	4	uSGEOutCount
S	Nv07bTypedef	7936	misc
F	0	4	NoOperation
F	4	4	Notify
F	8	120	Reserved00
F	128	4	SetContextDmaNotifies
F	132	4	SetContextSurface
F	136	376	Reserved01
F	512	4	SetColorFormat
F	516	4	Point
F	520	4	Size
F	524	4	ClipHorizontal
F	528	4	ClipVertical
F	532	236	Reserved02
F	768	7168	Color
S	Nv019Typedef	7936	misc
F	0	4	NoOperation
F	4	4	Notify
F	8	120	Reserved00
F	128	4	SetContextDmaNotifies
F	132	380	Reserved01
F	512	4	SetPoint
F	516	4	SetSize
F	520	7416	Reserved02
S	Nv01fTypedef	7936	misc
F	0	4	NoOperation
F	4	4	Notify
F	8	120	Reserved00
F	128	4	SetContextDmaNotifies
F	132	4	SetContextColorKey
F	136	4	SetContextClipRectangle
F	140	4	SetContextPattern
F	144	4	SetContextRop
F	148	4	SetContextBeta1
F	152	4	SetContextSurfaceSource
F	156	4	SetContextSurfaceDestin
F	160	348	Reserved01
F	508	4	SetOperation
F	512	4	ControlPointIn
F	516	4	ControlPointOut
F	520	4	Size
F	524	7412	Reserved02
S	Nv05fTypedef	7936	misc
F	0	4	NoOperation
F	4	4	Notify
F	8	120	Reserved00
F	128	4	SetContextDmaNotifies
F	132	4	SetContextColorKey
F	136	4	SetContextClipRectangle
F	140	4	SetContextPattern
F	144	4	SetContextRop
F	148	4	SetContextBeta1
F	152	4	SetContextBeta4
F	156	4	SetContextSurfaces
F	160	348	Reserved01
F	508	4	SetOperation
F	512	4	ControlPointIn
F	516	4	ControlPointOut
F	520	4	Size
F	524	7412	Reserved02
S	Nv063Typedef	7936	misc
F	0	4	NoOperation
F	4	4	Notify
F	8	120	Reserved00
F	128	4	SetContextDmaNotifies
F	132	4	SetContextDmaImage
F	136	4	SetContextPattern
F	140	4	SetContextRop
F	144	4	SetContextBeta1
F	148	4	SetContextBeta4
F	152	4	SetContextSurface
F	156	352	Reserved01
F	508	4	SetColorConversion
F	512	4	SetColorFormat
F	516	4	SetOperation
F	520	4	ClipPoint
F	524	4	ClipSize
F	528	4	ImageOutPoint
F	532	4	ImageOutSize
F	536	4	DsDx
F	540	4	DtDy
F	544	224	Reserved02
F	768	4	ImageInSize
F	772	4	ImageInFormat
F	776	4	ImageInOffset
F	780	4	ImageInPoint
F	784	7152	Reserved03
S	Nv065Typedef	7936	misc
F	0	4	NoOperation
F	4	4	Notify
F	8	120	Reserved00
F	128	4	SetContextDmaNotifies
F	132	4	SetContextColorKey
F	136	4	SetContextClipRectangle
F	140	4	SetContextPattern
F	144	4	SetContextRop
F	148	4	SetContextBeta1
F	152	4	SetContextBeta4
F	156	4	SetContextSurface
F	160	344	Reserved01
F	504	4	SetColorConversion
F	508	4	SetOperation
F	512	4	SetColorFormat
F	516	4	Point
F	520	4	SizeOut
F	524	4	SizeIn
F	528	240	Reserved02
F	768	7168	Color
S	Nv20KelvinPrimitive	8192	misc
F	0	4	ctx_Switch
F	4	252	Reserved0004
F	256	4	NoOperation
F	260	4	Notify
F	264	4	SetWarningEnable
F	268	4	GetState
F	272	4	WaitForIdle
F	276	12	Reserved0114
F	288	4	SetFlipRead
F	292	4	SetFlipWrite
F	296	4	SetFlipModulo
F	300	4	FlipIncrementWrite
F	304	4	FlipStall
F	308	12	Reserved0134
F	320	4	PmTrigger
F	324	60	Reserved0144
F	384	4	SetContextDmaNotifies
F	388	4	SetContextDmaA
F	392	4	SetContextDmaB
F	396	4	Reserved018c
F	400	4	SetContextDmaState
F	404	4	SetContextDmaColor
F	408	4	SetContextDmaZeta
F	412	4	SetContextDmaVertexA
F	416	4	SetContextDmaVertexB
F	420	4	SetContextDmaSemaphore
F	424	4	SetContextDmaReport
F	428	84	Reserved01ac
F	512	4	SetSurfaceClipHorizontal
F	516	4	SetSurfaceClipVertical
F	520	4	SetSurfaceFormat
F	524	4	SetSurfacePitch
F	528	4	SetSurfaceColorOffset
F	532	4	SetSurfaceZetaOffset
F	536	72	Reserved0218
F	608	32	SetCombinerAlphaICW
F	640	8	Reserved0280
F	648	4	SetCombinerSpecularFogCW0
F	652	4	SetCombinerSpecularFogCW1
F	656	4	SetControl0
F	660	4	SetLightControl
F	664	4	SetColorMaterial
F	668	4	SetFogMode
F	672	4	SetFogGenMode
F	676	4	SetFogEnable
F	680	4	SetFogColor
F	684	8	Reserved02ac
F	692	4	SetWindowClipType
F	696	8	Reserved02b8
F	704	32	SetWindowClipHorizontal
F	736	32	SetWindowClipVertical
F	768	4	SetAlphaTestEnable
F	772	4	SetBlendEnable
F	776	4	SetCullFaceEnable
F	780	4	SetDepthTestEnable
F	784	4	SetDitherEnable
F	788	4	SetLightingEnable
F	792	4	SetPointParamsEnable
F	796	4	SetPointSmoothEnable
F	800	4	SetLineSmoothEnable
F	804	4	SetPolySmoothEnable
F	808	4	SetSkinMode
F	812	4	SetStencilTestEnable
F	816	4	SetPolyOffsetPointEnable
F	820	4	SetPolyOffsetLineEnable
F	824	4	SetPolyOffsetFillEnable
F	828	4	SetAlphaFunc
F	832	4	SetAlphaRef
F	836	4	SetBlendFuncSfactor
F	840	4	SetBlendFuncDfactor
F	844	4	SetBlendColor
F	848	4	SetBlendEquation
F	852	4	SetDepthFunc
F	856	4	SetColorMask
F	860	4	SetDepthMask
F	864	4	SetStencilMask
F	868	4	SetStencilFunc
F	872	4	SetStencilFuncRef
F	876	4	SetStencilFuncMask
F	880	4	SetStencilOpFail
F	884	4	SetStencilOpZfail
F	888	4	SetStencilOpZpass
F	892	4	SetShadeMode
F	896	4	SetLineWidth
F	900	4	SetPolygonOffsetScaleFactor
F	904	4	SetPolygonOffsetBias
F	908	4	SetFrontPolygonMode
F	912	4	SetBackPolygonMode
F	916	4	SetClipMin
F	920	4	SetClipMax
F	924	4	SetCullFace
F	928	4	SetFrontFace
F	932	4	SetNormalizationEnable
F	936	12	SetMaterialEmission
F	948	4	SetMaterialAlpha
F	952	4	SetSpecularEnable
F	956	4	SetLightEnableMask
F	960	64	SetTexgen
F	1024	32	Reserved0400
F	1056	16	SetTextureMatrixEnable
F	1072	12	Reserved0430
F	1084	4	SetPointSize
F	1088	64	SetProjectionMatrix
F	1152	64	SetModelViewMatrix0
F	1216	64	SetModelViewMatrix1
F	1280	64	SetModelViewMatrix2
F	1344	64	SetModelViewMatrix3
F	1408	64	SetInverseModelViewMatrix0
F	1472	64	SetInverseModelViewMatrix1
F	1536	64	SetInverseModelViewMatrix2
F	1600	64	SetInverseModelViewMatrix3
F	1664	64	SetCompositeMatrix
F	1728	64	SetTextureMatrix0
F	1792	64	SetTextureMatrix1
F	1856	64	SetTextureMatrix2
F	1920	64	SetTextureMatrix3
F	1984	128	Reserved07c0
F	2112	256	SetTexgenPlane
F	2368	128	Reserved0940
F	2496	12	SetFogParams
F	2508	4	SetTexgenViewModel
F	2512	16	SetFogPlane
F	2528	24	SetSpecularParams
F	2552	4	SetSwathWidth
F	2556	4	SetFlatShadeOp
F	2560	16	Reserved0a00
F	2576	12	SetSceneAmbientColor
F	2588	4	Reserved0a1c
F	2592	16	SetViewportOffset
F	2608	32	SetPointParams
F	2640	16	SetEyePosition
F	2656	32	SetCombinerFactor0
F	2688	32	SetCombinerFactor1
F	2720	32	SetCombinerAlphaOCW
F	2752	32	SetCombinerColorICW
F	2784	16	SetColorKeyColor
F	2800	16	SetViewportScale
F	2816	128	SetTransformProgram
F	2944	128	SetTransformConstant
F	3072	512	SetBackLight
F	3584	512	Reserved0e00
F	4096	1024	SetLight
F	5120	124	Reserved1400
F	5244	4	SetStippleControl
F	5248	128	SetStipplePattern
F	5376	12	SetVertex3f
F	5388	12	Reserved150c
F	5400	16	SetVertex4f
F	5416	8	SetVertex4s
F	5424	12	SetNormal3f
F	5436	4	Reserved153c
F	5440	8	SetNormal3s
F	5448	8	Reserved1548
F	5456	16	SetDiffuseColor4f
F	5472	12	SetDiffuseColor3f
F	5484	4	SetDiffuseColor4ub
F	5488	16	SetSpecularColor4f
F	5504	12	SetSpecularColor3f
F	5516	4	SetSpecularColor4ub
F	5520	8	SetTexcoord0_2f
F	5528	4	SetTexcoord0_2s
F	5532	4	Reserved159c
F	5536	16	SetTexcoord0_4f
F	5552	8	SetTexcoord0_4s
F	5560	8	SetTexcoord1_2f
F	5568	4	SetTexcoord1_2s
F	5572	4	Reserved15c4
F	5576	16	SetTexcoord1_4f
F	5592	8	SetTexcoord1_4s
F	5600	8	SetTexcoord2_2f
F	5608	4	SetTexcoord2_2s
F	5612	4	Reserved15ec
F	5616	16	SetTexcoord2_4f
F	5632	8	SetTexcoord2_4s
F	5640	8	SetTexcoord3_2f
F	5648	4	SetTexcoord3_2s
F	5652	12	Reserved1614
F	5664	16	SetTexcoord3_4f
F	5680	8	SetTexcoord3_4s
F	5688	96	Reserved1638
F	5784	4	SetFog1f
F	5788	4	SetWeight1f
F	5792	8	SetWeight2f
F	5800	8	Reserved16a8
F	5808	12	SetWeight3f
F	5820	4	SetEdgeFlag
F	5824	16	SetWeight4f
F	5840	16	SetTransformFixedConst3
F	5856	16	SetTransformFixedConst0
F	5872	16	SetTransformFixedConst1
F	5888	16	SetTransformFixedConst2
F	5904	4	InvalidateVertexCacheFile
F	5908	4	InvalidateVertexFile
F	5912	4	TlNop
F	5916	4	TlSync
F	5920	64	SetVertexDataArrayOffset
F	5984	64	SetVertexDataArrayFormat
F	6048	12	SetBackSceneAmbientColor
F	6060	4	SetBackMaterialAlpha
F	6064	12	SetBackMaterialEmission
F	6076	4	SetLogicOpEnable
F	6080	4	SetLogicOp
F	6084	4	SetTwoSideLightEn
F	6088	4	ClearReportValue
F	6092	4	SetZpassPixelCountEnable
F	6096	4	GetReport
F	6100	12	SetTLConstZero
F	6112	12	SetEyeDirection
F	6124	12	SetLinearFogConst
F	6136	4	SetShaderClipPlaneMode
F	6140	4	SetBeginEnd
F	6144	4	ArrayElement16
F	6148	4	Reserved1804
F	6152	4	ArrayElement32
F	6156	4	Reserved180c
F	6160	4	DrawArrays
F	6164	4	Reserved1814
F	6168	4	InlineArray
F	6172	12	SetEyeVector
F	6184	4	InlineVertexReuse
F	6188	84	Reserved182c
F	6272	128	SetVertexData2f
F	6400	64	SetVertexData2s
F	6464	64	SetVertexData4ub
F	6528	128	SetVertexData4s
F	6656	256	SetVertexData4f
F	6912	256	SetTexture
F	7168	356	Reserved1c00
F	7524	4	ParkAttribute
F	7528	4	UnparkAttribute
F	7532	4	SetSemaphoreOffset
F	7536	4	BackEndWriteSemaphoreRelease
F	7540	4	TextureReadSemaphoreRelease
F	7544	4	SetZMinMaxControl
F	7548	4	SetAntiAliasingControl
F	7552	4	SetCompressZBufferEn
F	7556	4	SetOccludeZStencilEn
F	7560	4	Reserved1d88
F	7564	4	SetZStencilClearValue
F	7568	4	SetColorClearValue
F	7572	4	ClearSurface
F	7576	4	SetClearRectHorizontal
F	7580	4	SetClearRectVertical
F	7584	64	Reserved1da0
F	7648	4	SetBeginPatch0
F	7652	4	SetBeginPatch1
F	7656	4	SetBeginPatch2
F	7660	4	SetBeginPatch3
F	7664	4	SetEndPatch
F	7668	4	SetBeginEndSwatch
F	7672	4	SetBeginEndCurve
F	7676	4	Reserved1dfc
F	7680	16	SetCurveCoefficients
F	7696	4	SetBeginTransition0
F	7700	4	SetBeginTransition1
F	7704	4	SetBeginTransition2
F	7708	4	SetEndTransition
F	7712	8	SetSpecularFogFactor
F	7720	24	SetBackSpecularParams
F	7744	32	SetCombinerColorOCW
F	7776	4	SetCombinerControl
F	7780	4	Reserved1e64
F	7784	4	SetShadowZSlopeThreshold
F	7788	4	SetShadowDepthFunc
F	7792	4	SetShaderStageProgram
F	7796	4	SetDotRGBMapping
F	7800	4	SetShaderOtherStageInput
F	7804	4	Reserved1e7c
F	7808	16	SetTransformData
F	7824	4	LaunchTransformProgram
F	7828	4	SetTransformExecutionMode
F	7832	4	SetTransformProgramCxtWriteEn
F	7836	4	SetTransformProgramLoad
F	7840	4	SetTransformProgramStart
F	7844	4	SetTransformConstantLoad
F	7848	280	Reserved1ea8
F	8128	40	DebugInit
F	8168	24	Reserved1fe8
S	NvffdTypedef	7936	misc
F	0	4	NoOperation
F	4	4	Notify
F	8	120	Reserved00
F	128	4	SetContextDmaNotifies
F	132	380	Reserved01
F	512	12	SetDmaSpecifier
F	524	7412	Reserved02
S	Nv03SubchannelPio	8192	misc
F	0	4	SetObject
F	4	252	control
F	256	7936	Nv01Root
F	256	7936	Nv01Class
F	256	7936	Nv01ContextDmaFromMemory
F	256	7936	Nv01ContextDmaToMemory
F	256	7936	Nv01Timer
F	256	7936	Nv01Event
F	256	4	NV006_TYPEDEF
F	256	4	NV007_TYPEDEF
F	256	4	NV008_TYPEDEF
F	256	4	NV009_TYPEDEF
F	256	4	NV00A_TYPEDEF
F	256	4	NV00B_TYPEDEF
F	256	4	NV00C_TYPEDEF
F	256	4	NV00D_TYPEDEF
F	256	4	NV00E_TYPEDEF
F	256	4	NV00F_TYPEDEF
F	256	4	NV010_TYPEDEF
F	256	4	NV011_TYPEDEF
F	256	7936	Nv01ContextBeta
F	256	4	NV013_TYPEDEF
F	256	4	NV014_TYPEDEF
F	256	4	NV015_TYPEDEF
F	256	4	NV016_TYPEDEF
F	256	7936	Nv01ContextColorKey
F	256	7936	Nv01ContextPattern
F	256	7936	Nv01ContextClipRectangle
F	256	4	NV01A_TYPEDEF
F	256	4	NV01B_TYPEDEF
F	256	7936	Nv01RenderSolidLin
F	256	7936	Nv01RenderSolidTriangle
F	256	7936	Nv01RenderSolidRectangle
F	256	7936	Nv01ImageBlit
F	256	4	NV020_TYPEDEF
F	256	7936	Nv01ImageFromCpu
F	256	4	NV022_TYPEDEF
F	256	4	NV023_TYPEDEF
F	256	4	NV024_TYPEDEF
F	256	4	NV025_TYPEDEF
F	256	4	NV026_TYPEDEF
F	256	4	NV027_TYPEDEF
F	256	4	NV028_TYPEDEF
F	256	4	NV029_TYPEDEF
F	256	4	NV02A_TYPEDEF
F	256	4	NV02B_TYPEDEF
F	256	4	NV02C_TYPEDEF
F	256	4	NV02D_TYPEDEF
F	256	4	NV02E_TYPEDEF
F	256	4	NV02F_TYPEDEF
F	256	7936	Nv01Null
F	256	4	NV031_TYPEDEF
F	256	4	NV032_TYPEDEF
F	256	4	NV033_TYPEDEF
F	256	4	NV034_TYPEDEF
F	256	4	NV035_TYPEDEF
F	256	7936	Nv03StretchedImageFromCpu
F	256	7936	Nv03ScaledImageFromMemory
F	256	7936	Nv04DvdSubpicture
F	256	7936	Nv03MemoryToMemoryFormat
F	256	4	NV03A_TYPEDEF
F	256	4	NV03B_TYPEDEF
F	256	4	NV03C_TYPEDEF
F	256	7936	Nv01ContextDmaInMemory
F	256	7936	Nv01ContextErrorToMemory
F	256	7936	Nv01MemoryLocalPrivileged
F	256	7936	Nv01MemoryLocalUser
F	256	7936	Nv03VideoLutCursorPal
F	256	7936	Nv04ContextSurfaces2d
F	256	7936	Nv03ContextRop
F	256	7936	Nv04ContextPattern
F	256	7936	Nv03VideoLutCursorNtsc
F	256	7936	Nv04VideoLutCursorDac
F	256	7936	Nv04VideoOverlay
F	256	7936	Nv03Dx3TexturedTriangle
F	256	7936	NV05VideoLutCursorDac
F	256	7936	Nv04GdiRectangleText
F	256	7936	Nv03GdiRectangleText
F	256	4	NV04C_TYPEDEF
F	256	7936	Nv03ExternalVideoDecoder
F	256	7936	Nv03ExternalVideoDecompressor
F	256	7936	Nv01ExternalParallelBus
F	256	7936	Nv03ExternalMonitorBus
F	256	7936	Nv04ExternalSerialBus
F	256	7936	Nv04ContextSurfaceSwizzled
F	256	7936	Nv04ContextSurfaces3d
F	256	7936	Nv04Dx5TexturedTriangle
F	256	7936	Nv04Dx6MultiTextureTriangle
F	256	4	Nv12CelsiusPrimitive
F	256	7936	Nv04ContextColorKey
F	256	7936	Nv03ContextSurface2dDestination
F	256	7936	Nv03ContextSurface2dSource
F	256	7936	Nv03ContextSurface3dColor
F	256	7936	Nv03ContextSurface3dDepth
F	256	7936	Nv04RenderSolidLin
F	256	7936	Nv04RenderSolidTriangle
F	256	7936	Nv04RenderSolidRectangle
F	256	7936	Nv04ImageBlit
F	256	7936	Nv04IndexedImageFromCpu
F	256	7936	Nv04ImageFromCpu
F	256	7936	Nv10ContextSurfaces2d
F	256	7936	Nv05ScaledImageFromMemory
F	256	7936	Nv05IndexedImageFromCpu
F	256	7936	Nv05ImageFromCpu
F	256	7936	Nv05StretchedImageFromCpu
F	256	7936	Nv10VideoLutCursorDac
F	256	7936	Nv04HeapOwner
F	256	4	NV070_TYPEDEF
F	256	4	NV071_TYPEDEF
F	256	7936	Nv04ContextBeta
F	256	4	NV073_TYPEDEF
F	256	4	NV074_TYPEDEF
F	256	4	NV075_TYPEDEF
F	256	7936	Nv04StretchedImageFromCpu
F	256	7936	Nv04ScaledImageFromMemory
F	256	4	NV078_TYPEDEF
F	256	4	NV079_TYPEDEF
F	256	7936	Nv10VideoOverlay
F	256	7936	Nv10TextureFromCpu
F	256	7936	Nv12VideoLutCursorDac
F	256	4	NV07D_TYPEDEF
F	256	4	NV07E_TYPEDEF
F	256	4	NV07F_TYPEDEF
F	256	7936	Nv01Device0
F	256	7936	Nv01Device1
F	256	7936	Nv01Device2
F	256	7936	Nv01Device3
F	256	7936	Nv01Device4
F	256	7936	Nv01Device5
F	256	7936	Nv01Device6
F	256	7936	Nv01Device7
F	256	7936	Nv10DvdSubpicture
F	256	7936	Nv10ScaledImageFromMemory
F	256	7936	Nv10ContextSurfaces3d
F	256	7936	Nv10Dx5TexturedTriangle
F	256	7936	Nv10Dx6MultiTextureTriangle
F	256	4	NVFF0_TYPEDEF
F	256	4	NVFF1_TYPEDEF
F	256	4	NVFF2_TYPEDEF
F	256	4	NVFF3_TYPEDEF
F	256	4	NVFF4_TYPEDEF
F	256	7936	NvContextErrorToMemory
F	256	7936	NvVideoColorKey
F	256	7936	NvVideoScaler
F	256	7936	NvVideoFromMemory
F	256	7936	NvVideoColormap
F	256	7936	NvVideoSink
F	256	7936	NvPatchcordVideo
F	256	7936	NvContextDmaInMemory
F	256	7936	NvContextDmaToMemory
F	256	7936	NvContextDmaFromMemory
F	256	7936	NvClass
S	Nv03ChannelPio	65536	misc
F	0	65536	subchannel
S	NVDE_UNREGISTER_DEBUGGER_PARAMETERS	4	misc
F	0	4	foo
S	NVDE_WRITE_MEMORY_PARAMETERS	12	misc
F	0	4	Address
F	4	4	Size
F	8	4	Data
S	Nv0A3Typedef	7936	misc
F	0	7936	Reserved00
S	INTR_MASK	4	misc
F	0	4	codec
F	0	4	apu
F	0	4	uValue
S	APU_AP_ALLOC_CONTEXT_DMA	20	misc
F	0	4	uDeviceRef
F	4	1	uType
F	5	3	__align0
F	8	4	uBaseAddress
F	12	4	uMaxOffset
F	16	4	uHandle
S	APU_AP_FREE_CONTEXT_DMA	8	misc
F	0	4	uDeviceRef
F	4	4	uHandle
S	APU_OBJECT	12	misc
F	0	4	uDeviceRef
F	4	1	uObjectCode
F	5	3	__align0
F	8	4	pParam
S	__unnamed_1859	16	misc
F	0	4	size
F	4	12	monochrome
S	__unnamed_1860	32	misc
F	0	4	size
F	4	28	monochrome
S	__unnamed_1861	8	misc
F	0	4	size
F	4	4	monochrome
S	_DISK_GEOMETRY	24	misc
F	0	8	Cylinders
F	8	4	MediaType
F	12	4	TracksPerCylinder
F	16	4	SectorsPerTrack
F	20	4	BytesPerSector
S	_XFIBER	16	misc
F	0	4	FiberData
F	4	4	StackBase
F	8	4	StackLimit
F	12	4	KernelStack
S	_STORAGE_ADAPTER_DESCRIPTOR	32	misc
F	0	4	Version
F	4	4	Size
F	8	4	MaximumTransferLength
F	12	4	MaximumPhysicalPages
F	16	4	AlignmentMask
F	20	1	AdapterUsesPio
F	21	1	AdapterScansDown
F	22	1	CommandQueueing
F	23	1	AcceleratedTransfer
F	24	1	BusType
F	25	1	__align0
F	26	2	BusMajorVersion
F	28	2	BusMinorVersion
S	_BIN_RESULTS	32	misc
F	0	4	NumberOfBins
F	4	4	__align0
F	8	24	BinCounts
S	_DRIVERSTATUS	12	misc
F	0	1	bDriverError
F	1	1	bIDEError
F	2	2	bReserved
F	4	8	dwReserved
S	_SENDCMDOUTPARAMS	17	misc
F	0	4	cBufferSize
F	4	12	DriverStatus
F	16	1	bBuffer
S	_STORAGE_PREDICT_FAILURE	516	misc
F	0	4	PredictFailure
F	4	512	VendorSpecific
S	_PREVENT_MEDIA_REMOVAL	1	misc
F	0	1	PreventMediaRemoval
S	_XBEIMAGE_HEADER	376	misc
F	0	4	Signature
F	4	256	EncryptedDigest
F	260	4	BaseAddress
F	264	4	SizeOfHeaders
F	268	4	SizeOfImage
F	272	4	SizeOfImageHeader
F	276	4	TimeDateStamp
F	280	4	Certificate
F	284	4	NumberOfSections
F	288	4	SectionHeaders
F	292	4	InitFlags
F	300	4	TlsDirectory
F	304	4	SizeOfStackCommit
F	308	4	SizeOfHeapReserve
F	312	4	SizeOfHeapCommit
F	316	4	NtBaseOfDll
F	320	4	NtSizeOfImage
F	324	4	NtCheckSum
F	328	4	NtTimeDateStamp
F	332	4	DebugPathName
F	336	4	DebugFileName
F	340	4	DebugUnicodeFileName
F	344	4	XboxKernelThunkData
F	348	4	ImportDirectory
F	352	4	NumberOfLibraryVersions
F	356	4	LibraryVersions
F	360	4	XboxKernelLibraryVersion
F	364	4	XapiLibraryVersion
F	368	4	MicrosoftLogo
F	372	4	SizeOfMicrosoftLogo
S	_SET_PARTITION_INFORMATION	1	misc
F	0	1	PartitionType
S	_PARTITION_INFORMATION	32	misc
F	0	8	StartingOffset
F	8	8	PartitionLength
F	16	4	HiddenSectors
F	20	4	PartitionNumber
F	24	1	PartitionType
F	25	1	BootIndicator
F	26	1	RecognizedPartition
F	27	1	RewritePartition
S	_DISK_RECORD	40	misc
F	0	8	ByteOffset
F	8	8	StartTime
F	16	8	EndTime
F	24	4	VirtualAddress
F	28	4	NumberOfBytes
F	32	1	DeviceNumber
F	33	1	ReadRequest
S	_HISTOGRAM_BUCKET	8	misc
F	0	4	Reads
F	4	4	Writes
S	_STORAGE_BUS_RESET_REQUEST	1	misc
F	0	1	PathId
S	_XBEIMAGE_CERTIFICATE	464	misc
F	0	4	SizeOfCertificate
F	4	4	TimeDateStamp
F	8	4	TitleID
F	12	80	TitleName
F	92	64	AlternateTitleIDs
F	156	4	AllowedMediaTypes
F	160	4	GameRegion
F	164	4	GameRatings
F	168	4	DiskNumber
F	172	4	Version
F	176	16	LANKey
F	192	16	SignatureKey
F	208	256	AlternateSignatureKeys
S	_HEAP_SUMMARY	20	misc
F	0	4	cb
F	4	4	cbAllocated
F	8	4	cbCommitted
F	12	4	cbReserved
F	16	4	cbMaxReserve
S	_HEAP_TAG_INFO	12	misc
F	0	4	dwNumberOfAllocations
F	4	4	dwNumberOfFrees
F	8	4	dwBytesAllocated
S	_HEAP_USAGE	64	misc
F	0	4	cb
F	4	4	cbAllocated
F	8	4	cbCommitted
F	12	4	cbReserved
F	16	4	cbMaxReserve
F	20	4	lpEntries
F	24	4	lpAddedEntries
F	28	4	lpRemovedEntries
F	32	32	Reserved
S	_XBEIMAGE_IMPORT_DESCRIPTOR	8	misc
F	0	4	ImageThunkData
F	4	4	ImageName
S	_REASSIGN_BLOCKS	8	misc
F	0	2	Reserved
F	2	2	Count
F	4	4	BlockNumber
S	_DISK_CONTROLLER_NUMBER	8	misc
F	0	4	ControllerNumber
F	4	4	DiskNumber
S	_XAPI_MU_INFO	8	misc
F	0	1	DriveWithAltDriveMapped
F	1	3	__align0
F	4	4	MountedDrives
S	_ATA_PASS_THROUGH	16	misc
F	0	8	IdeReg
F	8	4	DataBufferSize
F	12	4	DataBuffer
S	_IDE_SECURITY_DATA	512	misc
F	0	2	Master
F	0	2	Reserved1
F	0	2	Maximum
F	0	2	Reserved2
F	2	32	Password
F	34	478	Reserved3
S	_stat	36	misc
F	0	4	st_dev
F	4	2	st_ino
F	6	2	st_mode
F	8	2	st_nlink
F	10	2	st_uid
F	12	2	st_gid
F	14	2	__align0
F	16	4	st_rdev
F	20	4	st_size
F	24	4	st_atime
F	28	4	st_mtime
F	32	4	st_ctime
S	_STORAGE_DEVICE_NUMBER	12	misc
F	0	4	DeviceType
F	4	4	DeviceNumber
F	8	4	PartitionNumber
S	_HEAP_USAGE_ENTRY	16	misc
F	0	4	lpNext
F	4	4	lpAddress
F	8	4	dwBytes
F	12	4	dwReserved
S	_GETVERSIONINPARAMS	24	misc
F	0	1	bVersion
F	1	1	bRevision
F	2	1	bReserved
F	3	1	bIDEDeviceMap
F	4	4	fCapabilities
F	8	16	dwReserved
S	_PERF_BIN	24	misc
F	0	4	NumberOfBins
F	4	4	TypeOfBin
F	8	16	BinsRanges
S	_STORAGE_PROPERTY_QUERY	12	misc
F	0	4	PropertyId
F	4	4	QueryType
F	8	1	AdditionalParameters
S	_IDEREGS	8	misc
F	0	1	bFeaturesReg
F	1	1	bSectorCountReg
F	2	1	bSectorNumberReg
F	3	1	bCylLowReg
F	4	1	bCylHighReg
F	5	1	bDriveHeadReg
F	6	1	bCommandReg
F	7	1	bHostSendsData
S	__wfinddata64_t	560	misc
F	0	4	attrib
F	4	4	__align0
F	8	8	time_create
F	16	8	time_access
F	24	8	time_write
F	32	8	size
F	40	520	name
S	_DRIVE_LAYOUT_INFORMATION	40	misc
F	0	4	PartitionCount
F	4	4	Signature
F	8	32	PartitionEntry
S	_STORAGE_DESCRIPTOR_HEADER	8	misc
F	0	4	Version
F	4	4	Size
S	_MAPPED_ADDRESS	32	misc
F	0	4	NextMappedAddress
F	4	4	MappedAddress
F	8	4	NumberOfBytes
F	12	4	__align0
F	16	8	IoAddress
F	24	4	BusNumber
S	_BIN_COUNT	24	misc
F	0	16	BinRange
F	16	4	BinCount
S	_BIN_RANGE	16	misc
F	0	8	StartValue
F	8	8	Length
S	_SENDCMDINPARAMS	33	misc
F	0	4	cBufferSize
F	4	8	irDriveRegs
F	12	1	bDriveNumber
F	13	3	bReserved
F	16	16	dwReserved
F	32	1	bBuffer
S	_GET_MEDIA_TYPES	40	misc
F	0	4	DeviceType
F	4	4	MediaInfoCount
F	8	32	MediaInfo
S	_SNDTRK_ENUMSTATE	16	misc
F	0	4	Signature
F	4	4	Index
F	8	4	MaxIndex
F	12	4	DbHandle
S	_FINDGAME_HANDLE	272	misc
F	0	4	dwSignature
F	4	4	hFindFile
F	8	4	cchRootDir
F	12	260	szRootDir
S	_wfinddatai64_t	544	misc
F	0	4	attrib
F	4	4	time_create
F	8	4	time_access
F	12	4	time_write
F	16	8	size
F	24	520	name
S	_X_CACHE_DB_ENTRY	12	misc
F	0	4	dwTitleId
F	4	4	nCacheIndex
F	8	4	fUsed
S	_STORAGE_DEVICE_DESCRIPTOR	40	misc
F	0	4	Version
F	4	4	Size
F	8	1	DeviceType
F	9	1	DeviceTypeModifier
F	10	1	RemovableMedia
F	11	1	CommandQueueing
F	12	4	VendorIdOffset
F	16	4	ProductIdOffset
F	20	4	ProductRevisionOffset
F	24	4	SerialNumberOffset
F	28	4	BusType
F	32	4	RawPropertiesLength
F	36	1	RawDeviceProperties
S	_VERIFY_INFORMATION	16	misc
F	0	8	StartingOffset
F	8	4	Length
S	_wfinddata_t	540	misc
F	0	4	attrib
F	4	4	time_create
F	8	4	time_access
F	12	4	time_write
F	16	4	size
F	20	520	name
S	_FORMAT_EX_PARAMETERS	28	misc
F	0	4	MediaType
F	4	4	StartCylinderNumber
F	8	4	EndCylinderNumber
F	12	4	StartHeadNumber
F	16	4	EndHeadNumber
F	20	2	FormatGapLength
F	22	2	SectorsPerTrack
F	24	2	SectorNumber
S	_FINDFILE_HANDLE	48	misc
F	0	4	DirectoryHandle
F	4	4	FindBufferBase
F	8	4	FindBufferNext
F	12	4	FindBufferLength
F	16	4	FindBufferValidLength
F	20	28	FindBufferLock
S	stat	36	misc
F	0	4	st_dev
F	4	2	st_ino
F	6	2	st_mode
F	8	2	st_nlink
F	10	2	st_uid
F	12	2	st_gid
F	14	2	__align0
F	16	4	st_rdev
F	20	4	st_size
F	24	4	st_atime
F	28	4	st_mtime
F	32	4	st_ctime
S	_XBEIMAGE_SECTION	56	misc
F	0	4	SectionFlags
F	4	4	VirtualAddress
F	8	4	VirtualSize
F	12	4	PointerToRawData
F	16	4	SizeOfRawData
F	20	4	SectionName
F	24	4	SectionReferenceCount
F	28	4	HeadSharedPageReferenceCount
F	32	4	TailSharedPageReferenceCount
F	36	20	SectionDigest
S	_X_NICK_DB_ENTRY	68	misc
F	0	4	dwTitleID
F	4	64	szNickname
S	__stat64	56	misc
F	0	4	st_dev
F	4	2	st_ino
F	6	2	st_mode
F	8	2	st_nlink
F	10	2	st_uid
F	12	2	st_gid
F	14	2	__align0
F	16	4	st_rdev
F	20	4	__align1
F	24	8	st_size
F	32	8	st_atime
F	40	8	st_mtime
F	48	8	st_ctime
S	__unnamed_1922	6	misc
F	0	2	Minimum
F	2	2	Maximum
F	4	2	MaximumBlocks
S	__unnamed_1923	4	misc
F	0	2	Minimum
F	2	2	Maximum
S	_DISK_CACHE_INFORMATION	24	misc
F	0	1	ParametersSavable
F	1	1	ReadCacheEnabled
F	2	1	WriteCacheEnabled
F	3	1	__align0
F	4	4	ReadRetentionPriority
F	8	4	WriteRetentionPriority
F	12	2	DisablePrefetchTransferLength
F	14	1	PrefetchScalar
F	15	1	__align1
F	16	6	ScalarPrefetch
F	16	4	BlockPrefetch
S	__unnamed_1925	32	misc
F	0	8	Cylinders
F	8	4	MediaType
F	12	4	TracksPerCylinder
F	16	4	SectorsPerTrack
F	20	4	BytesPerSector
F	24	4	NumberMediaSides
F	28	4	MediaCharacteristics
S	__unnamed_1926	2	misc
F	0	1	MediumType
F	1	1	DensityCode
S	__unnamed_1927	2	misc
F	0	2	ScsiInformation
S	__unnamed_1928	20	misc
F	0	4	MediaType
F	4	4	MediaCharacteristics
F	8	4	CurrentBlockSize
F	12	4	BusType
F	16	2	BusSpecificData
S	__unnamed_1929	32	misc
F	0	32	DiskInfo
F	0	32	RemovableDiskInfo
F	0	20	TapeInfo
S	_DEVICE_MEDIA_INFO	32	misc
F	0	32	DeviceSpecific
S	_stati64	48	misc
F	0	4	st_dev
F	4	2	st_ino
F	6	2	st_mode
F	8	2	st_nlink
F	10	2	st_uid
F	12	2	st_gid
F	14	2	__align0
F	16	4	st_rdev
F	20	4	__align1
F	24	8	st_size
F	32	4	st_atime
F	36	4	st_mtime
F	40	4	st_ctime
S	_TAPE_STATISTICS	48	misc
F	0	4	Version
F	4	4	Flags
F	8	8	RecoveredWrites
F	16	8	UnrecoveredWrites
F	24	8	RecoveredReads
F	32	8	UnrecoveredReads
F	40	1	CompressionRatioReads
F	41	1	CompressionRatioWrites
S	_DISK_LOGGING	12	misc
F	0	1	Function
F	1	3	__align0
F	4	4	BufferAddress
F	8	4	BufferSize
S	_DISK_HISTOGRAM	72	misc
F	0	8	DiskSize
F	8	8	Start
F	16	8	End
F	24	8	Average
F	32	8	AverageRead
F	40	8	AverageWrite
F	48	4	Granularity
F	52	4	Size
F	56	4	ReadCount
F	60	4	WriteCount
F	64	4	Histogram
S	_DISK_GROW_PARTITION	16	misc
F	0	4	PartitionNumber
F	4	4	__align0
F	8	8	BytesToGrow
S	tm	36	misc
F	0	4	tm_sec
F	4	4	tm_min
F	8	4	tm_hour
F	12	4	tm_mday
F	16	4	tm_mon
F	20	4	tm_year
F	24	4	tm_wday
F	28	4	tm_yday
F	32	4	tm_isdst
S	_FINDNICKNAME_HANDLE	3412	misc
F	0	4	dwSignature
F	4	4	uCurIndex
F	8	4	fThisTitleOnly
F	12	3400	Nicknames
S	_XBEIMAGE_LIBRARY_VERSION	16	misc
F	0	8	LibraryName
F	8	2	MajorVersion
F	10	2	MinorVersion
F	12	2	BuildVersion
F	14	2	QFEVersion
F	14	2	ApprovedLibrary
F	14	2	DebugBuild
S	_TAPE_GET_STATISTICS	4	misc
F	0	4	Operation
S	_FORMAT_PARAMETERS	20	misc
F	0	4	MediaType
F	4	4	StartCylinderNumber
F	8	4	EndCylinderNumber
F	12	4	StartHeadNumber
F	16	4	EndHeadNumber
S	_DISK_PERFORMANCE	88	misc
F	0	8	BytesRead
F	8	8	BytesWritten
F	16	8	ReadTime
F	24	8	WriteTime
F	32	8	IdleTime
F	40	4	ReadCount
F	44	4	WriteCount
F	48	4	QueueDepth
F	52	4	SplitCount
F	56	8	QueryTime
F	64	4	StorageDeviceNumber
F	68	16	StorageManagerName
S	_IDE_IDENTIFY_DATA	512	misc
F	0	2	GeneralConfiguration
F	2	2	NumberOfCylinders
F	4	2	Reserved1
F	6	2	NumberOfHeads
F	8	4	Reserved2
F	12	2	NumberOfSectorsPerTrack
F	14	6	Reserved3
F	20	20	SerialNumber
F	40	6	Reserved4
F	46	8	FirmwareRevision
F	54	40	ModelNumber
F	94	2	MaximumBlockTransfer
F	94	2	Reserved5
F	96	2	Reserved6
F	98	2	Capabilities
F	100	2	Reserved7
F	102	2	Reserved8
F	102	2	PioCycleTimingMode
F	104	2	Reserved9
F	106	2	TranslationFieldsValid
F	106	2	Reserved10
F	108	2	NumberOfCurrentCylinders
F	110	2	NumberOfCurrentHeads
F	112	2	CurrentSectorsPerTrack
F	114	4	CurrentSectorCapacity
F	118	2	CurrentMultiSectorSetting
F	120	4	UserAddressableSectors
F	124	2	SingleWordDMASupport
F	124	2	SingleWordDMAActive
F	126	2	MultiWordDMASupport
F	126	2	MultiWordDMAActive
F	128	2	AdvancedPIOModes
F	128	2	Reserved11
F	130	2	MinimumMWXferCycleTime
F	132	2	RecommendedMWXferCycleTime
F	134	2	MinimumPIOCycleTime
F	136	2	MinimumPIOCycleTimeIORDY
F	138	22	Reserved12
F	160	2	MajorRevision
F	162	2	MinorRevision
F	164	12	Reserved13
F	176	2	UltraDMASupport
F	176	2	UltraDMAActive
F	178	76	Reserved14
F	254	2	MediaStatusNotification
F	254	2	Reserved15
F	254	2	DeviceWriteProtect
F	254	2	Reserved16
F	256	2	SecuritySupported
F	256	2	SecurityEnabled
F	256	2	SecurityLocked
F	256	2	SecurityFrozen
F	256	2	SecurityCountExpired
F	256	2	SecurityEraseSupported
F	256	2	Reserved17
F	256	2	SecurityLevel
F	256	2	Reserved18
F	258	254	Reserved19
S	g3dlight_t	112	misc
F	0	4	mType
F	4	16	mDiffuse
F	20	16	mSpecular
F	36	16	mAmbient
F	52	16	mPosition
F	68	16	mDirection
F	84	4	mRange
F	88	4	mFalloff
F	92	4	mConstantAtten
F	96	4	mLinearAtten
F	100	4	mQuadraticAtten
F	104	4	mSpotInnerAngle
F	108	4	mSpotOuterAngle
S	mat44_s	64	misc
F	0	64	row
F	0	64	r
S	_WMVVIDEOINFO	20	misc
F	0	4	dwWidth
F	4	4	dwHeight
F	8	4	dwOutputBitsPerPixel
F	12	4	fFramesPerSecond
F	16	4	dwBitsPerSecond
S	_memblk	16	misc
F	0	4	addr
F	4	4	size
F	8	4	prev
F	12	4	next
S	alarm_param_s	16	misc
F	0	8	kon
F	8	8	koff
S	_moduleinfo	8	misc
F	0	4	name
F	4	2	version
S	FILEBUF_OPEN	12	misc
F	0	4	pathname
F	4	4	start
F	8	4	length
S	BankInitInfo	32	misc
F	0	4	addrSPU
F	4	4	sizeSPU
F	8	8	pad
F	16	4	addrEE
F	20	4	pad1
F	24	4	padPools
F	28	4	duckScale
S	_pool	12	misc
F	0	4	free
F	4	4	claim
F	8	4	blockbit
S	NGCADPCMHeader	96	misc
F	0	4	Samples
F	4	4	Nibbles
F	8	4	SampleRate
F	12	2	LoopFlag
F	14	2	Format
F	16	4	StartAddr
F	20	4	EndAddr
F	24	4	CurAddr
F	28	32	Coefficients
F	60	2	Gain
F	62	2	Pred_Scale
F	64	2	YMinus1
F	66	2	YMinus2
F	68	2	LoopPred_Scale
F	70	2	LoopYMinus1
F	72	2	LoopYMinus2
F	74	22	UnknownBlock
S	VagHeader	48	misc
F	0	4	ID
F	4	4	version
F	8	4	ssa
F	12	4	dataSize
F	16	4	sampleRate
F	20	2	volumeLeft
F	22	2	volumeRight
F	24	2	pitch
F	26	2	adsr1
F	28	2	adsr2
F	30	2	reserved
F	32	16	sourcename
S	VagBankHeader	20	misc
F	0	4	ID
F	4	4	size
F	8	4	version
F	12	4	nCall
F	16	4	nVag
S	_Node	12	misc
F	0	4	_Next
F	4	4	_Prev
F	8	4	_Myval
S	_Bxty	16	misc
F	0	16	_Buf
F	0	4	_Ptr
S	vec3_s	12	misc
F	0	12	s
F	0	12	r
S	g3dcolor_t	4	misc
F	0	4	s
F	0	4	rgba
F	0	4	raw
S	vec2_s	8	misc
F	0	8	s
F	0	8	r
S	VoBuf	20	misc
F	0	4	data
F	4	4	tag
F	8	4	write
F	12	4	count
F	16	4	size
S	VideoDec	148	misc
F	0	40	mpeg
F	40	92	vibuf
F	132	4	state
F	136	4	sema
F	140	4	hid_endimage
F	144	4	hid_vblank
S	TimeStamp	16	misc
F	0	4	pts
F	4	4	dts
F	8	4	pos
F	12	4	len
S	SemaParam	24	misc
F	0	4	currentCount
F	4	4	maxCount
F	8	4	initCount
F	12	4	numWaitThreads
F	16	4	attr
F	20	4	option
S	StrFile	52	misc
F	0	4	isOnCD
F	4	4	size
F	8	36	fp
F	44	4	iopBuf
F	48	4	fd
S	ThreadParam	48	misc
F	0	4	status
F	4	4	entry
F	8	4	stack
F	12	4	stackSize
F	16	4	gpReg
F	20	4	initPriority
F	24	4	currentPriority
F	28	4	attr
F	32	4	option
F	36	4	waitType
F	40	4	waitId
F	44	4	wakeupCount
S	Rect	16	misc
F	0	4	x
F	4	4	y
F	8	4	w
F	12	4	h
S	DcsResp	24	misc
F	0	4	handle
F	4	4	status
F	8	4	response
F	16	4	user
F	20	4	user2
S	z_stream_s	56	misc
F	0	4	next_in
F	4	4	avail_in
F	8	4	total_in
F	12	4	next_out
F	16	4	avail_out
F	20	4	total_out
F	24	4	msg
F	28	4	state
F	40	4	opaque
F	44	4	data_type
F	48	4	adler
F	52	4	reserved
S	PBGLOBAL_WINDOW	16	misc
F	0	4	list
F	4	4	count
F	8	4	current_vu0_code
F	12	4	current_vu1_code
S	VU1NEWMTXREF	16	misc
F	0	8	dma_tag
F	8	4	cycl
F	12	4	flushe
S	VU1NEWMTXPACKET	160	misc
F	0	4	pad0
F	4	4	pad1
F	8	4	pad2
F	12	4	unpack
F	16	64	world_clip_mtx
F	80	16	clip2npc
F	96	32	npc2screen
F	128	32	clip2screen
S	PBWINDEBUG	48	misc
F	0	4	enable
F	4	4	no_view_cull
F	8	4	scissor_fullscreen
F	12	4	win_scrn_scale
F	16	4	clip_scrn_scale
F	20	4	win_box_color
F	24	4	clip_box_color
F	28	4	enable_clip_box
F	32	4	x_scale
F	36	4	y_scale
F	40	4	x_offset
F	44	4	y_offset
S	PBDIRLIGHT	32	misc
F	0	16	color
F	16	16	dir
S	PROJCALCINFO	200	misc
F	0	4	view_angle_horiz
F	4	4	hva_ang_x
F	8	4	hva_sin_x
F	12	4	hva_cos_x
F	16	4	hva_tan_x
F	20	4	hva_cot_x
F	24	4	hva_ang_y
F	28	4	hva_sin_y
F	32	4	hva_cos_y
F	36	4	hva_tan_y
F	40	4	hva_cot_y
F	44	4	pr_sx
F	48	4	pr_sy
F	52	4	pr_a
F	56	4	pr_b
F	60	4	vp_sx
F	64	4	vp_sy
F	68	4	vp_sz
F	72	4	vp_tx
F	76	4	vp_ty
F	80	4	vp_tz
F	84	4	cs_sx
F	88	4	cs_sy
F	92	4	cs_sz
F	96	4	cs_tx
F	100	4	cs_ty
F	104	4	cs_tz
F	108	4	cp_sx
F	112	4	cp_sy
F	116	4	cp_sz
F	120	4	cp_tx
F	124	4	cp_ty
F	128	4	cp_tz
F	132	4	frm_width
F	136	4	frm_height
F	140	4	left_x
F	144	4	right_x
F	148	4	top_y
F	152	4	bottom_y
F	156	4	win_width
F	160	4	win_height
F	164	4	clip_width
F	168	4	clip_height
F	172	4	center_x
F	176	4	center_y
F	180	4	aspect
F	184	4	zmin
F	188	4	zmax
F	192	4	FarPlane
F	196	4	NearPlane
S	VU1INITPACKET	480	misc
F	0	8	dma_tag
F	8	4	flush
F	12	4	base
F	16	4	offset
F	20	4	cycl
F	24	4	pad1
F	28	4	unpack1
F	32	64	world_clip_mtx
F	96	16	clip2npc
F	112	32	npc2screen
F	144	32	clip2screen
F	176	64	normal_light_mtx
F	240	64	light_color_mtx
F	304	4	unpack2
F	308	4	frame
F	312	4	clip_jump
F	316	4	mscnt
F	320	4	pad2
F	324	4	pad3
F	328	4	pad4
F	332	4	direct
F	336	16	gif_tag
F	352	16	scanmsk
F	368	16	fogcol
F	384	16	dimx
F	400	16	pabe
F	416	16	fba_1
F	432	16	fba_2
F	448	16	scissor_1
F	464	16	scissor_2
S	PBGLOBAL_UTILS	4	misc
F	0	4	dummy
S	sVideoSpaceNode_s	40	misc
F	0	4	TexIndex
F	4	4	DataType
F	8	4	Width
F	12	4	Height
F	16	4	PalIndex
F	20	4	Format
F	24	4	BaseAddr
F	28	4	EndAddr
F	32	4	Ptr
F	36	4	Next
S	PBGLOBAL_TEXT	4	misc
F	0	4	dummy
S	PBGLOBAL_STATS	4	misc
F	0	4	dummy
S	PBGLOBAL_SCREEN	4	misc
F	0	4	dummy
S	PBGLOBAL_RENDER	4	misc
F	0	4	dummy
S	OBJECTINFOw	248	misc
F	0	16	lmap
F	16	64	prim
F	80	32	tex
F	112	20	obj
F	132	4	__align0
F	136	40	regs
F	176	8	reg_nums
F	184	4	nregs
F	188	4	send_prim
F	192	4	o_zmod
F	196	4	o_texidx
F	200	4	o_lodk
F	204	4	o_lm_m_idx
F	208	4	o_zatr_flags
F	212	4	o_clamp
F	216	4	o_clamp_ptr
F	220	4	o_ambient_add
F	224	4	o_chrome_mtx
F	228	4	o_alt_tex
F	232	4	o_texshift
F	236	4	o_texsh_tex
F	240	4	o_texsh_obj
S	OBJREGVALS	168	misc
F	0	4	enable
F	4	4	grab
F	8	4	error
F	12	4	prim
F	16	4	prim_pre
F	20	4	prim_shade
F	24	4	prim_tex
F	28	4	prim_fog
F	32	4	prim_abe
F	36	4	prim_aa
F	40	8	clamp
F	48	8	zbuf
F	56	8	test
F	64	8	alpha
F	72	8	tex0
F	80	8	tex1
F	88	8	miptbp1
F	96	8	miptbp2
F	104	8	lm_test
F	112	8	lm_alpha
F	120	8	lm_tex0
F	128	8	lm_tex1
F	136	8	clamp_mask
F	144	8	tex0_mask
F	152	8	tex1_mask
F	160	8	lm_disable
S	__unnamed_2120	72	misc
F	0	4	enable
F	4	4	chrome_all
F	8	4	chrome_barrel
F	12	4	barrel_target
F	16	4	chrome_powerups
F	20	4	texshift_per_camera
F	24	4	texshift_per_obj
F	28	4	lookat_per_obj
F	32	4	use_inverse_mtx
F	36	4	renormalize
F	40	4	use_acos_approx
F	44	4	pitch_mul
F	48	4	yaw_mul
F	52	4	tex_muls
F	56	4	tex_mult
F	60	4	print_enable
F	64	4	print_mask
F	68	4	print_count
S	DBLWORD	8	misc
F	0	8	d
F	0	8	dword
F	0	8	u64
F	0	8	u32
F	0	8	w
F	0	8	word
S	sGFXEnvironment_t	36	misc
F	0	4	TexIdx
F	4	1	AlphaBlendOn
F	5	1	UpdateDstColor
F	6	1	UpdateDstAlpha
F	7	1	__align0
F	8	4	SrcAlpha
F	12	4	DstAlpha
F	16	1	AlphaTestOn
F	17	3	__align1
F	20	4	AlphaTestFunc
F	24	4	AlphaTestVal
F	28	1	ZTestOn
F	29	3	__align2
F	32	4	ZTestFunc
S	ROMTEXSHIFT	16	misc
F	0	4	uscale
F	4	4	uadd
F	8	4	vscale
F	12	4	vadd
S	PB_OBJ_DEBUG	212	misc
F	0	4	sstep
F	4	4	enable
F	8	4	sel_modeln
F	12	4	sel_modelx
F	16	4	sel_objn
F	20	4	sel_objx
F	24	4	sel_subobj
F	28	4	sel_tri
F	32	4	sel_nobj
F	36	4	sel_nsubobj
F	40	4	sel_ntri
F	44	4	mode
F	48	4	selected
F	52	4	cur_state
F	56	4	cur_node
F	60	4	cur_obj
F	64	64	loc_mtx
F	128	64	loc_scrn_mtx
F	192	4	save_node
F	196	4	save_subobj_cnt
F	200	4	save_dataptr
F	204	2	save_subobj0_qwc
F	206	2	save_subobj0_tex
F	208	2	save_subobj0_lmp
S	PB_OBJCTRL	12	misc
F	0	4	stall_before_drawobj
F	4	4	stall_after_drawobj
F	8	4	print_obj_name
S	PBGLOBAL_MEM	20	misc
F	0	4	spr_buf_sema_id
F	4	4	spr_free_head
F	8	4	spr_buf_max
F	12	4	spr_buf_free
F	16	4	spr_top
S	PBGLOBAL_PTRS	68	misc
F	0	4	cwin_p
F	4	4	cfrm_p
F	8	4	err
F	12	4	frm
F	16	4	render
F	20	4	win
F	24	4	att
F	28	4	scrn
F	32	4	stats
F	36	4	diag
F	40	4	mem
F	44	4	model
F	48	4	text
F	52	4	blit
F	56	4	geom
F	60	4	tex
F	64	4	utils
S	PBGLOBAL	72	misc
F	0	4	initialized
F	4	4	cwin_p
F	8	4	cfrm_p
F	12	4	error_p
F	16	4	frame_p
F	20	4	render_p
F	24	4	window_p
F	28	4	attribute_p
F	32	4	screen_p
F	36	4	stats_p
F	40	4	diag_p
F	44	4	mem_p
F	48	4	model_p
F	52	4	text_p
F	56	4	blit_p
F	60	4	geom_p
F	64	4	texture_p
F	68	4	utils_p
S	PBGLOBAL_GEOM	4	misc
F	0	4	dummy
S	PBGLOBAL_FRAME	76	misc
F	0	4	flags
F	4	4	frame_cnt
F	8	4	odd_frame
F	12	4	buf
F	16	4	mode
F	20	4	new_mode
F	24	4	default_mode
F	28	4	clear_color
F	32	4	width
F	36	4	height
F	40	4	virtual_width
F	44	4	virtual_height
F	48	4	zmin
F	52	4	zmax
F	56	4	center_x
F	60	4	center_y
F	64	4	dirty
F	68	4	vram_tex_base
F	72	4	reset
S	PBDBSWAPLST	4	misc
F	0	4	x
S	PBFRAMEDEBUG	176	misc
F	0	4	enable
F	4	4	show_draw_buffer
F	8	4	show_z_buffer
F	12	4	show_a_eq_1
F	16	4	grab_frminfo
F	20	4	use_frminfo
F	24	144	frminfo
F	168	8	test_for_a_eq_1
S	__unnamed_2147	144	misc
F	0	8	dma_tag
F	8	4	pad
F	12	4	direct
F	16	16	gif_tag
F	32	16	fba
F	48	16	frame
F	64	16	test
F	80	16	prim
F	96	16	rgbaq
F	112	16	xyz2a
F	128	16	xyz2b
S	__unnamed_2148	192	misc
F	0	8	dma_tag
F	8	4	pad
F	12	4	direct
F	16	16	gif_tag
F	32	16	fba
F	48	16	frame1
F	64	16	zbuf1
F	80	16	test
F	96	16	prim
F	112	16	rgbaq
F	128	16	xyz2a
F	144	16	xyz2b
F	160	16	frame2
F	176	16	zbuf2
S	PBGLOBAL_ERROR	4	misc
F	0	4	dummy
S	PBGLOBAL_DMA	196	misc
F	0	4	main_thread_id
F	4	4	vsync_thread_id
F	8	4	dma_mgr_thread_id
F	12	4	dma_rec_sema_id
F	16	4	dma_mgr_sema_id
F	20	4	spr_buf_sema_id
F	24	4	print
F	28	72	chan
F	100	4	free_head
F	104	4	done_head
F	108	4	done_tail
F	112	4	done_mask
F	116	4	wake_count
F	120	4	done0_tcnt
F	124	4	done0_rcnt
F	128	4	badchan_tcnt
F	132	4	badchan_rcnt
F	136	4	track
F	140	4	track_next
F	144	4	track_buf
F	148	4	track_buf_idx
F	152	4	gs_reset_cnt
F	156	4	gs_handler_id
F	160	4	imr_orig
F	164	4	imr_1_first
F	168	4	imr_1
F	172	4	imr_2
F	176	4	imr_3
F	180	4	imr_4
F	184	4	dmac_vif0
F	188	4	dmac_vif1
F	192	4	dmac_gif
S	PBDMENU	8	misc
F	0	4	list
F	4	4	current
S	PBGLOBAL_DIAG	4	misc
F	0	4	menu
S	PBDIAGMENU	12	misc
F	0	4	on
F	4	4	main
F	8	4	current
S	PBGLOBAL_BLIT	24	misc
F	0	4	scale_x
F	4	4	scale_y
F	8	4	screen_left
F	12	4	screen_top
F	16	4	screen_width
F	20	4	screen_height
S	PBGLOBAL_ATTRIBUTE	1656	misc
F	0	160	env
F	160	4	zmod_multiplier
F	164	4	chrome_acos_mode
F	168	8	lmod_noshade
F	176	8	lmod_lmap
F	184	8	lmod_dlights
F	192	4	scale_plights
F	196	4	ndlights
F	200	4	nplights
F	204	16	amb
F	220	4	plight_list
F	224	4	plight_free
F	228	32	dlights
F	260	384	plights_vu
F	644	48	plights_radius
F	692	960	plights
S	pbonereg	48	misc
F	0	4	dma_tag_lo
F	4	4	dma_tag_hi
F	8	4	vif_flush
F	12	4	vif_direct
F	16	16	gif_tag
F	32	8	reg
F	40	8	reg_r
S	fileinfo	300	misc
F	4	4	destbuf
F	8	4	destbufsize
F	12	4	bytes_read
F	16	4	done
F	20	4	cmd
F	24	4	file_len
F	28	4	fd
F	32	256	filename
F	288	4	compressed
F	292	4	comp_buff
F	296	4	decomp_size
S	StreamingSnd	44	misc
F	0	16	buf
F	16	4	state
F	20	4	fd
F	24	4	next_get
F	28	4	next_put
F	32	4	loops
F	36	4	fsize
F	40	4	bytes_read
S	MBGLOBAL	24	misc
F	0	4	FrameCtr
F	4	4	ClipMask
F	8	4	ZoomX
F	12	4	ZoomY
F	16	4	ZoomOffX
F	20	4	ZoomOffY
S	blitinst	56	misc
F	0	4	flags
F	4	4	tex_idx
F	8	2	x
F	10	2	y
F	12	4	z
F	16	2	width
F	18	2	height
F	20	2	s_left
F	22	2	s_right
F	24	2	t_top
F	26	2	t_bot
F	28	16	argb
F	44	4	prev
F	48	4	next
F	52	4	node
S	MBCOUNTS	48	misc
F	0	4	NumObjects
F	4	4	NumPolys
F	8	4	NumVerts
F	12	4	NumClipPolys
F	16	4	NumSimpleClipPolys
F	20	4	NumVisObjs
F	24	4	NumSimpleObjs
F	28	4	NumSortObjs
F	32	4	NumPrelitObjs
F	36	4	NumNormalObjs
F	40	4	NumBlits
F	44	4	NumPolyInsts
S	MBTIMERS	48	misc
F	0	4	FIFOSTallTime
F	4	4	TexSetupTime
F	8	4	TriDrawTime
F	12	4	LynchDrawTime
F	16	4	ClipTime
F	20	4	ClipLynchDrawTime
F	24	4	PolyDrawTime
F	28	4	BlitDrawTime
F	32	4	FontDrawTime
F	36	4	VertXformTime
F	40	4	NormXformTime
F	44	4	DrawTime
S	MBSTATS	16	misc
F	0	4	FPS
F	4	4	FrameTime
F	8	4	MBTime
F	12	4	TextTime
S	PDB_s	0	misc
S	PDBP_s	0	misc
S	PDBI_s	0	misc
S	PSYSDEBUG	32	misc
F	0	4	pdb
F	4	4	pdbl
F	8	4	pdbi
F	12	4	pslog
F	16	4	pslptr
F	20	4	mem
F	24	4	pss
F	28	4	last_pss
S	PSYSINFO	156	misc
F	0	8	active
F	8	8	removeq
F	16	4	max_id
F	20	4	current_time
F	24	4	time_frac
F	28	4	default_tex_a
F	32	4	default_tex_xp
F	36	36	mempool
F	72	4	global_dir_max
F	76	4	global_dir_lst
F	80	4	global_dir_use_lst
F	84	2	dir_idx
F	86	2	pos_idx
F	88	4	debug
F	92	4	pdebug
F	96	4	mdebug
F	100	4	ddebug
F	104	4	ndebug
F	108	4	debug_node
F	112	4	cdebug
F	116	40	wait
S	PSYSDESCRIP	232	misc
F	0	4	pversion
F	4	1	dynamic
F	5	1	oneshot
F	6	1	forever
F	7	1	gravity
F	8	1	drag
F	9	1	notex_rgb
F	10	1	notex_a
F	11	1	fbadd
F	12	1	fbmul
F	13	1	sort
F	14	1	nozcompare
F	15	1	nozwrite
F	16	20	reserved
F	36	4	fields_used
F	40	4	max_particles
F	44	4	max_directions
F	48	4	max_positions
F	52	4	parent
F	56	4	preset_idx
F	60	8	e_lifefade
F	68	8	p_lifefade
F	76	12	e_pos
F	88	12	e_dir
F	100	4	e_angle
F	104	12	e_vol
F	116	16	e_rate
F	132	4	e_rate_rand
F	136	4	p_gravity
F	140	4	p_drag
F	144	4	p_speed
F	148	40	p_texname1
F	188	4	p_texname2
F	192	4	p_texidx
F	196	4	p_romtex
F	200	16	p_rgba
F	216	16	p_width
S	OBJDEF	24	misc
F	0	16	name
F	16	4	bndrad
F	20	2	index
F	22	2	nframes
S	TEXDEF	36	misc
F	0	30	Name
F	30	2	Index
F	32	2	Width
F	34	2	Height
S	__unnamed_2196	20	misc
F	0	4	on
F	4	4	x
F	8	4	y
F	12	4	ox
F	16	4	oy
S	blitinst_letter	36	misc
F	0	4	flags
F	4	4	tex_idx
F	8	2	x
F	10	2	y
F	12	4	z
F	16	2	width
F	18	2	height
F	20	2	s_left
F	22	2	s_right
F	24	2	t_top
F	26	2	t_bot
F	28	4	argb
F	32	2	blitw
F	34	2	blith
S	__unnamed_2198	2	misc
F	0	1	Exop
F	1	1	Bits
S	__unnamed_2199	4	misc
F	0	2	what
F	0	4	pad
S	__unnamed_2200	4	misc
F	0	4	Base
F	0	4	Next
S	inflate_huft_s	8	misc
F	0	4	word
F	4	4	more
S	PBVUCODEINFO	68	misc
F	0	4	name
F	4	4	src_file
F	8	4	db_bp_addr
F	12	4	dbm_name
F	16	4	dbmode
F	20	4	dbmode_cur
F	24	4	iregs
F	28	4	fregs
F	32	4	mem
F	36	4	floc
F	40	4	fdata
F	44	4	lines
F	48	4	brkpts
F	52	4	brkmsk
F	56	4	packet
F	60	4	db_enable
F	64	4	trace
S	WORLDINFO	164	misc
F	0	4	inited
F	4	4	wobjs
F	8	4	ctris
F	12	4	gridrow
F	16	4	grid
F	20	4	gridobjlist
F	24	12	worldmin
F	36	12	worldmax
F	48	12	worldsize
F	60	12	worldcenter
F	72	4	gridsize
F	76	4	invgridsize
F	80	4	gridnumx
F	84	4	gridnumz
F	88	4	checknum
F	92	4	coltrichecked
F	96	4	nwobjs
F	100	4	nctris
F	104	4	iteminfo
F	108	4	iteminst
F	112	4	locators
F	116	4	niteminfos
F	120	4	niteminsts
F	124	4	nlocators
F	128	4	atreelist
F	132	4	model
F	136	4	whitetex
F	140	4	worldanims
F	144	4	nworldanims
F	148	4	animheader
F	152	4	animdata
F	156	4	worldpsys
F	160	4	nworldpsys
S	worldcol	72	misc
F	0	64	mat
F	64	4	sqdist
F	68	4	wobj
S	atree	72	misc
F	0	4	root
F	4	56	animinfo
F	60	4	nanodes
F	64	4	firstanode
F	68	4	anodeinfo
S	WAD	12	misc
F	0	4	base
F	4	4	TOCentries
F	8	4	TOC
S	OPTMENU	232	misc
F	0	4	mode
F	4	4	titlescale
F	8	4	title
F	12	4	x
F	16	4	y
F	20	4	width
F	24	4	height
F	28	4	entries
F	32	4	flags
F	36	4	msgy
F	40	4	rgb_off
F	44	4	rgb_on
F	48	4	rgb_hi
F	52	4	scale
F	56	4	icondesc
F	60	4	iconscale
F	64	4	icondx
F	68	4	blitdesc
F	72	4	blitx
F	76	4	blity
F	80	4	blitw
F	84	4	blith
F	88	4	burndesc
F	92	4	burnx
F	96	4	burny
F	100	4	burnw
F	104	4	burnh
F	108	4	active
F	112	4	finish
F	116	4	choice
F	120	4	pidx
F	124	4	timer
F	128	4	texidx
F	132	4	nentries
F	136	4	icon
F	140	72	icontree
F	212	4	icony
F	216	4	icont
F	220	4	blit
F	224	4	burn
F	228	4	burntex
S	OPTIONS	48	misc
F	0	4	no_damage
F	4	4	unlimited
F	8	4	gen_active
F	12	4	players
F	16	4	items
F	20	4	showcam
F	24	4	fly
F	28	4	showfps
F	32	4	showpos
F	36	4	startwave
F	40	4	testai
F	44	4	skip
S	CAMERA	396	misc
F	0	4	state
F	4	64	mat
F	68	16	limit_pos
F	84	16	limit_vel
F	100	16	wpos
F	116	16	old_wpos
F	132	16	vel
F	148	16	avel
F	164	16	pyr
F	180	16	pyr_delta
F	196	4	radius
F	200	4	trans_mode
F	204	4	timer
F	208	4	mode
F	212	4	flags
F	216	4	unvib
F	220	4	value
F	224	4	num1
F	228	4	num2
F	232	4	num3
F	236	4	c_mode
F	240	4	pc_mode
F	244	4	camobj
F	248	4	a_mode
F	252	4	pa_mode
F	256	4	pn
F	260	4	en
F	264	4	gn
F	268	4	mn
F	272	4	ln
F	276	4	cn
F	280	4	attnobj
F	284	16	offset
F	300	16	attn
F	316	16	old_attn
F	332	16	delta
F	348	16	attn_dest
F	364	16	attn_dest_no_offset
F	380	16	cam_dest
S	PREFS	32	misc
F	0	4	sfx_volume
F	4	4	music_volume
F	8	4	mono_stereo
F	12	4	screen_dx
F	16	4	screen_dy
F	20	4	difficulty
F	24	4	compass
F	28	4	multiplayer
S	__unnamed_2260	36	misc
F	0	4	color
F	4	4	type
F	8	8	name
F	16	16	dir
F	32	4	disable
S	__unnamed_2261	20	misc
F	0	8	name
F	8	4	type
F	12	4	add
F	16	4	flags
S	__unnamed_2264	76	misc
F	0	76	item
F	0	36	random
S	iteminfo	80	misc
F	0	4	type
F	4	76	info
S	newcam	432	misc
F	0	48	mat
F	48	16	pos
F	64	64	normal
F	128	12	vel
F	140	12	pyr
F	152	12	pyr_vel
F	164	12	attn
F	176	12	attn_ref
F	188	12	attn_vel_dir
F	200	12	attn_vel_dir_vel
F	212	4	attn_dist
F	216	4	attn_dist_vel
F	220	4	cur_max_dist
F	224	12	lookdir
F	236	4	yaw
F	240	4	yaw_vel
F	244	4	dist
F	248	4	dist_vel
F	252	4	dist_frac
F	256	4	viewdist
F	260	4	pitch
F	264	4	pitch_vel
F	268	4	hang
F	272	4	aspect
F	276	108	histAttnPos
F	384	36	histDist
F	420	4	histIndex
F	424	4	lastTransmitter
F	428	4	frameCount
S	__unnamed_2272	136	misc
F	0	16	pos
F	16	16	dir
F	32	4	pitch
F	36	4	onscreen
F	40	4	time
F	44	4	delay
F	48	4	endtime
F	52	4	speed
F	56	4	dpitch
F	60	4	node
F	64	72	tree
S	P_SAVE	10868	misc
F	0	8	name
F	8	2	last_alttype
F	10	1	last_color
F	11	1	saved
F	12	2	class_unlock
F	14	2	leveltot
F	16	384	atts
F	400	448	stats
F	848	9536	stuff
F	10384	224	waves
F	10608	1	control_scheme
F	10609	1	control_rumble
F	10610	1	control_autoattack
F	10611	1	control_autoaim
F	10612	256	help_disp
S	__unnamed_2278	8	misc
F	0	1	Resv2
F	1	1	Sec
F	2	1	Min
F	3	1	Hour
F	4	1	Day
F	5	1	Month
F	6	2	Year
S	OBJGRP	104	misc
F	0	64	worldmat
F	64	16	attn_pos
F	80	16	coll_pos
F	96	4	node
F	100	4	flags
S	__unnamed_2285	44	misc
F	0	4	type
F	4	11	name
F	15	1	letter
F	16	4	exists
F	20	4	nlevels
F	24	4	difficulty
F	28	12	powerups
F	40	4	attlevel
S	__unnamed_2286	36	misc
F	0	4	type
F	4	16	desc
F	20	16	prefix
S	_sif_client_data	40	misc
F	0	16	rpcd
F	16	4	command
F	20	4	buff
F	24	4	cbuff
F	32	4	para
F	36	4	serve
S	UsbMagicBusData	12	misc
F	0	4	attached
F	4	8	switches
S	crit_target	36	misc
F	0	4	pidx
F	4	4	dp
F	8	4	dist
F	12	4	testdist
F	16	4	invanger
F	20	16	dpos
S	MISSILEINFO	48	misc
F	0	4	dmgtype
F	4	4	damage
F	8	4	speed
F	12	4	colrad
F	16	4	hitrad
F	20	12	pyrvel
F	32	4	weight
F	36	4	fxhit
F	40	4	audio
F	44	4	wallsnd
S	STRINGINFO	68	misc
F	0	12	Wad
F	12	4	Fonts
F	16	4	Text
F	20	4	TextOff
F	24	4	Messages
F	28	4	ListOff
F	32	4	Lists
F	36	4	Defs
F	40	4	MsgDefOff
F	44	4	ListDefOff
F	48	4	NFonts
F	52	4	NMessages
F	56	4	NLists
F	60	4	NMsgDefs
F	64	4	NListDefs
S	gamecam	96	misc
F	0	48	mat
F	48	12	pos
F	60	12	vel
F	72	12	pyr
F	84	12	pyr_vel
S	__unnamed_2307	28	misc
F	0	16	desc
F	16	4	value
F	20	4	prop
F	24	4	time
S	__unnamed_2309	20	misc
F	0	4	idx
F	4	4	vol
F	8	4	pan
F	12	4	pri
F	16	4	len
S	__unnamed_2310	80	misc
F	0	32	dir
F	32	20	blit
F	52	4	time
F	56	4	text
F	60	16	stream
F	76	4	stereo
S	vec4_s	16	misc
F	0	16	s
F	0	16	r
S	_MSF	8	misc
F	0	1	Reserved1
F	1	1	StartingM
F	2	1	StartingS
F	3	1	StartingF
F	4	1	EndingM
F	5	1	EndingS
F	6	1	EndingF
F	7	1	Reserved2
S	_LBA	8	misc
F	0	4	StartingBlockAddress
F	4	4	PlayLength
S	_CDB	16	misc
F	0	6	CDB6GENERIC
F	0	4	PCDB6GENERIC
F	0	6	CDB6READWRITE
F	0	4	PCDB6READWRITE
F	0	6	CDB6INQUIRY
F	0	4	PCDB6INQUIRY
F	0	6	CDB6VERIFY
F	0	4	PCDB6VERIFY
F	0	6	CDB6FORMAT
F	0	4	PCDB6FORMAT
F	0	12	CDB10
F	0	4	PCDB10
F	0	12	CDB12
F	0	4	PCDB12
F	0	10	PAUSE_RESUME
F	0	4	PPAUSE_RESUME
F	0	10	READ_TOC
F	0	4	PREAD_TOC
F	0	10	READ_DISK_INFORMATION
F	0	4	PREAD_DISK_INFORMATION
F	0	10	READ_TRACK_INFORMATION
F	0	4	PREAD_TRACK_INFORMATION
F	0	10	READ_HEADER
F	0	4	PREAD_HEADER
F	0	10	PLAY_AUDIO
F	0	4	PPLAY_AUDIO
F	0	10	PLAY_AUDIO_MSF
F	0	4	PPLAY_AUDIO_MSF
F	0	12	PLAY_CD
F	0	4	PPLAY_CD
F	0	12	SCAN_CD
F	0	4	PSCAN_CD
F	0	10	STOP_PLAY_SCAN
F	0	4	PSTOP_PLAY_SCAN
F	0	10	SUBCHANNEL
F	0	4	PSUBCHANNEL
F	0	12	READ_CD
F	0	4	PREAD_CD
F	0	13	READ_CD_MSF
F	0	4	PREAD_CD_MSF
F	0	12	PLXTR_READ_CDDA
F	0	4	PPLXTR_READ_CDDA
F	0	10	NEC_READ_CDDA
F	0	4	PNEC_READ_CDDA
F	0	6	MODE_SENSE
F	0	4	PMODE_SENSE
F	0	10	MODE_SENSE10
F	0	4	PMODE_SENSE10
F	0	6	MODE_SELECT
F	0	4	PMODE_SELECT
F	0	10	MODE_SELECT10
F	0	4	PMODE_SELECT10
F	0	10	LOCATE
F	0	4	PLOCATE
F	0	10	LOGSENSE
F	0	4	PLOGSENSE
F	0	10	LOGSELECT
F	0	4	PLOGSELECT
F	0	6	PRINT
F	0	4	PPRINT
F	0	10	SEEK
F	0	4	PSEEK
F	0	6	ERASE
F	0	4	PERASE
F	0	6	START_STOP
F	0	4	PSTART_STOP
F	0	6	MEDIA_REMOVAL
F	0	4	PMEDIA_REMOVAL
F	0	6	SEEK_BLOCK
F	0	4	PSEEK_BLOCK
F	0	6	REQUEST_BLOCK_ADDRESS
F	0	4	PREQUEST_BLOCK_ADDRESS
F	0	6	PARTITION
F	0	4	PPARTITION
F	0	6	WRITE_TAPE_MARKS
F	0	4	PWRITE_TAPE_MARKS
F	0	6	SPACE_TAPE_MARKS
F	0	4	PSPACE_TAPE_MARKS
F	0	10	READ_POSITION
F	0	4	PREAD_POSITION
F	0	6	CDB6READWRITETAPE
F	0	4	PCDB6READWRITETAPE
F	0	6	INIT_ELEMENT_STATUS
F	0	4	PINIT_ELEMENT_STATUS
F	0	10	INITIALIZE_ELEMENT_RANGE
F	0	4	PINITIALIZE_ELEMENT_RANGE
F	0	10	POSITION_TO_ELEMENT
F	0	4	PPOSITION_TO_ELEMENT
F	0	12	MOVE_MEDIUM
F	0	4	PMOVE_MEDIUM
F	0	12	EXCHANGE_MEDIUM
F	0	4	PEXCHANGE_MEDIUM
F	0	12	READ_ELEMENT_STATUS
F	0	4	PREAD_ELEMENT_STATUS
F	0	12	SEND_VOLUME_TAG
F	0	4	PSEND_VOLUME_TAG
F	0	12	REQUEST_VOLUME_ELEMENT_ADDRESS
F	0	4	PREQUEST_VOLUME_ELEMENT_ADDRESS
F	0	12	LOAD_UNLOAD
F	0	4	PLOAD_UNLOAD
F	0	12	MECH_STATUS
F	0	4	PMECH_STATUS
F	0	10	SYNCHRONIZE_CACHE10
F	0	4	PSYNCHRONIZE_CACHE10
F	0	10	GET_EVENT_STATUS_NOTIFICATION
F	0	4	PGET_EVENT_STATUS_NOTIFICATION
F	0	12	READ_DVD_STRUCTURE
F	0	4	PREAD_DVD_STRUCTURE
F	0	12	SEND_KEY
F	0	4	PSEND_KEY
F	0	12	REPORT_KEY
F	0	4	PREPORT_KEY
F	0	12	SET_READ_AHEAD
F	0	4	PSET_READ_AHEAD
F	0	10	READ_FORMATTED_CAPACITIES
F	0	4	PREAD_FORMATTED_CAPACITIES
F	0	12	REPORT_LUNS
F	0	4	PREPORT_LUNS
F	0	16	AsUlong
F	0	16	AsByte
S	_MEDIA_REMOVAL	6	misc
F	0	1	OperationCode
F	1	1	Reserved1
F	1	1	LogicalUnitNumber
F	2	2	Reserved2
F	4	1	Prevent
F	4	1	Persistant
F	4	1	Reserved3
F	5	1	Control
S	_SEEK	10	misc
F	0	1	OperationCode
F	1	1	Reserved1
F	1	1	LogicalUnitNumber
F	2	4	LogicalBlockAddress
F	6	3	Reserved2
F	9	1	Control
S	_CDB6READWRITE	6	misc
F	0	1	OperationCode
F	1	1	LogicalBlockMsb1
F	1	1	LogicalUnitNumber
F	2	1	LogicalBlockMsb0
F	3	1	LogicalBlockLsb
F	4	1	TransferBlocks
F	5	1	Control
S	_STOP_PLAY_SCAN	10	misc
F	0	1	OperationCode
F	1	1	Reserved1
F	1	1	Lun
F	2	7	Reserved2
F	9	1	Control
S	_READ_CD_MSF	13	misc
F	0	1	OperationCode
F	1	1	RelativeAddress
F	1	1	Reserved1
F	1	1	ExpectedSectorType
F	1	1	Lun
F	2	1	Reserved2
F	3	1	StartingM
F	4	1	StartingS
F	5	1	StartingF
F	6	1	EndingM
F	7	1	EndingS
F	8	1	EndingF
F	9	1	Reserved3
F	10	1	Reserved4
F	10	1	ErrorFlags
F	10	1	IncludeEDC
F	10	1	IncludeUserData
F	10	1	HeaderCode
F	10	1	IncludeSyncData
F	11	1	SubChannelSelection
F	11	1	Reserved5
F	12	1	Control
S	_GET_EVENT_STATUS_NOTIFICATION	10	misc
F	0	1	OperationCode
F	1	1	Immediate
F	1	1	Reserved
F	1	1	Lun
F	2	2	Reserved2
F	4	1	NotificationClassRequest
F	5	2	Reserved3
F	7	2	EventListLength
F	9	1	Control
S	_SYNCHRONIZE_CACHE10	10	misc
F	0	1	OperationCode
F	1	1	RelAddr
F	1	1	Immediate
F	1	1	Reserved
F	1	1	Lun
F	2	4	LogicalBlockAddress
F	6	1	Reserved2
F	7	2	BlockCount
F	9	1	Control
S	_CDB10	12	misc
F	0	1	OperationCode
F	1	1	RelativeAddress
F	1	1	Reserved1
F	1	1	ForceUnitAccess
F	1	1	DisablePageOut
F	1	1	LogicalUnitNumber
F	2	1	LogicalBlockByte0
F	3	1	LogicalBlockByte1
F	4	1	LogicalBlockByte2
F	5	1	LogicalBlockByte3
F	2	4	LogicalBlock
F	6	1	Reserved2
F	7	1	TransferBlocksMsb
F	8	1	TransferBlocksLsb
F	7	4	TransferBlocks
F	11	1	Control
S	_READ_FORMATTED_CAPACITIES	10	misc
F	0	1	OperationCode
F	1	1	Reserved1
F	1	1	Lun
F	2	5	Reserved2
F	7	2	AllocationLength
F	9	1	Control
S	_SEEK_BLOCK	6	misc
F	0	1	OperationCode
F	1	1	Immediate
F	1	1	Reserved1
F	2	3	BlockAddress
F	5	1	Link
F	5	1	Flag
F	5	1	Reserved2
F	5	1	VendorUnique
S	_ERASE	6	misc
F	0	1	OperationCode
F	1	1	Long
F	1	1	Immediate
F	1	1	Reserved1
F	1	1	LogicalUnitNumber
F	2	3	Reserved2
F	5	1	Control
S	_SET_READ_AHEAD	12	misc
F	0	1	OperationCode
F	1	1	Reserved1
F	1	1	Lun
F	2	4	TriggerLBA
F	6	4	ReadAheadLBA
F	10	1	Reserved2
F	11	1	Control
S	_CDB6FORMAT	6	misc
F	0	1	OperationCode
F	1	1	FormatControl
F	1	1	LogicalUnitNumber
F	2	1	FReserved1
F	3	1	InterleaveMsb
F	4	1	InterleaveLsb
F	5	1	FReserved2
S	_READ_DVD_STRUCTURE	12	misc
F	0	1	OperationCode
F	1	1	Reserved1
F	1	1	Lun
F	2	4	RMDBlockNumber
F	6	1	LayerNumber
F	7	1	Format
F	8	2	AllocationLength
F	10	1	Reserved3
F	10	1	AGID
F	11	1	Control
S	_READ_POSITION	10	misc
F	0	1	Operation
F	1	1	BlockType
F	1	1	Reserved1
F	1	1	Lun
F	2	7	Reserved2
F	9	1	Control
S	_EXCHANGE_MEDIUM	12	misc
F	0	1	OperationCode
F	1	1	Reserved1
F	1	1	LogicalUnitNumber
F	2	2	TransportElementAddress
F	4	2	SourceElementAddress
F	6	2	Destination1ElementAddress
F	8	2	Destination2ElementAddress
F	10	1	Flip1
F	10	1	Flip2
F	10	1	Reserved3
F	11	1	Control
S	_MOVE_MEDIUM	12	misc
F	0	1	OperationCode
F	1	1	Reserved1
F	1	1	LogicalUnitNumber
F	2	2	TransportElementAddress
F	4	2	SourceElementAddress
F	6	2	DestinationElementAddress
F	8	2	Reserved2
F	10	1	Flip
F	10	1	Reserved3
F	11	1	Control
S	_CDB6GENERIC	6	misc
F	0	1	OperationCode
F	1	1	Immediate
F	1	1	CommandUniqueBits
F	1	1	LogicalUnitNumber
F	2	3	CommandUniqueBytes
F	5	1	Link
F	5	1	Flag
F	5	1	Reserved
F	5	1	VendorUnique
S	_REQUEST_VOLUME_ELEMENT_ADDRESS	12	misc
F	0	1	OperationCode
F	1	1	ElementType
F	1	1	VolTag
F	1	1	LogicalUnitNumber
F	2	2	StartingElementAddress
F	4	2	NumberElements
F	6	1	Reserved1
F	7	3	AllocationLength
F	10	1	Reserved2
F	11	1	Control
S	_SEND_VOLUME_TAG	12	misc
F	0	1	OperationCode
F	1	1	ElementType
F	1	1	Reserved1
F	1	1	LogicalUnitNumber
F	2	2	StartingElementAddress
F	4	1	Reserved2
F	5	1	ActionCode
F	5	1	Reserved3
F	6	2	Reserved4
F	8	2	ParameterListLength
F	10	1	Reserved5
F	11	1	Control
S	_MECH_STATUS	12	misc
F	0	1	OperationCode
F	1	1	Reserved
F	1	1	Lun
F	2	6	Reserved1
F	8	2	AllocationLength
F	10	1	Reserved2
F	11	1	Control
S	_REQUEST_BLOCK_ADDRESS	6	misc
F	0	1	OperationCode
F	1	3	Reserved1
F	4	1	AllocationLength
F	5	1	Link
F	5	1	Flag
F	5	1	Reserved2
F	5	1	VendorUnique
S	_READ_HEADER	10	misc
F	0	1	OperationCode
F	1	1	Reserved1
F	1	1	Msf
F	1	1	Reserved2
F	1	1	Lun
F	2	4	LogicalBlockAddress
F	6	1	Reserved3
F	7	2	AllocationLength
F	9	1	Control
S	_PAUSE_RESUME	10	misc
F	0	1	OperationCode
F	1	1	Reserved1
F	1	1	LogicalUnitNumber
F	2	6	Reserved2
F	8	1	Action
F	9	1	Control
S	_LOGSENSE	10	misc
F	0	1	OperationCode
F	1	1	SPBit
F	1	1	PPCBit
F	1	1	Reserved1
F	1	1	LogicalUnitNumber
F	2	1	PageCode
F	2	1	PCBit
F	3	1	Reserved2
F	4	1	Reserved3
F	5	2	ParameterPointer
F	7	2	AllocationLength
F	9	1	Control
S	_READ_TRACK_INFORMATION	10	misc
F	0	1	OperationCode
F	1	1	Track
F	1	1	Reserved1
F	1	1	Reserved2
F	1	1	Lun
F	2	4	BlockAddress
F	6	1	Reserved3
F	7	2	AllocationLength
F	9	1	Control
S	_INITIALIZE_ELEMENT_RANGE	10	misc
F	0	1	OperationCode
F	1	1	Range
F	1	1	Reserved1
F	1	1	LogicalUnitNubmer
F	2	2	FirstElementAddress
F	4	2	Reserved2
F	6	2	NumberOfElements
F	8	1	Reserved3
F	9	1	Reserved4
F	9	1	NoBarCode
S	_DVDX2_AUTHENTICATION	28	misc
F	0	8	Header
F	8	20	AuthenticationPage
S	_CDB6READWRITETAPE	6	misc
F	0	1	OperationCode
F	1	1	VendorSpecific
F	1	1	Reserved
F	2	1	TransferLenMSB
F	3	1	TransferLen
F	4	1	TransferLenLSB
F	5	1	Link
F	5	1	Flag
F	5	1	Reserved1
F	5	1	VendorUnique
S	_READ_ELEMENT_STATUS	12	misc
F	0	1	OperationCode
F	1	1	ElementType
F	1	1	VolTag
F	1	1	LogicalUnitNumber
F	2	2	StartingElementAddress
F	4	2	NumberOfElements
F	6	1	Reserved1
F	7	3	AllocationLength
F	10	1	Reserved2
F	11	1	Control
S	_SEND_KEY	12	misc
F	0	1	OperationCode
F	1	1	Reserved1
F	1	1	Lun
F	2	6	Reserved2
F	8	2	ParameterListLength
F	10	1	KeyFormat
F	10	1	AGID
F	11	1	Control
S	_REPORT_KEY	12	misc
F	0	1	OperationCode
F	1	1	Reserved1
F	1	1	Lun
F	2	4	LogicalBlockAddress
F	6	2	Reserved2
F	8	2	AllocationLength
F	10	1	KeyFormat
F	10	1	AGID
F	11	1	Control
S	_REPORT_LUNS	12	misc
F	0	1	OperationCode
F	1	5	Reserved1
F	6	4	AllocationLength
F	10	1	Reserved2
F	11	1	Control
S	_DVDX2_AUTHENTICATION_PAGE	20	misc
F	0	1	PageCode
F	0	1	Reserved
F	0	1	PSBit
F	1	1	PageLength
F	2	1	PartitionArea
F	3	1	CDFValid
F	4	1	Authentication
F	5	1	DiscCategoryAndVersion
F	6	1	DrivePhaseLevel
F	7	1	ChallengeID
F	8	4	ChallengeValue
F	12	4	ResponseValue
F	16	4	Reserved2
S	_PLAY_CD	12	misc
F	0	1	OperationCode
F	1	1	Reserved1
F	1	1	CMSF
F	1	1	ExpectedSectorType
F	1	1	Lun
F	2	8	LBA
F	2	8	MSF
F	10	1	Audio
F	10	1	Composite
F	10	1	Port1
F	10	1	Port2
F	10	1	Reserved2
F	10	1	Speed
F	11	1	Control
S	_LOAD_UNLOAD	12	misc
F	0	1	OperationCode
F	1	1	Immediate
F	1	1	Reserved1
F	1	1	Lun
F	2	2	Reserved2
F	4	1	Start
F	4	1	LoadEject
F	4	1	Reserved3
F	5	3	Reserved4
F	8	1	Slot
F	9	3	Reserved5
S	_POSITION_TO_ELEMENT	10	misc
F	0	1	OperationCode
F	1	1	Reserved1
F	1	1	LogicalUnitNumber
F	2	2	TransportElementAddress
F	4	2	DestinationElementAddress
F	6	2	Reserved2
F	8	1	Flip
F	8	1	Reserved3
F	9	1	Control
S	_WRITE_TAPE_MARKS	6	misc
F	0	1	OperationCode
F	1	1	Immediate
F	1	1	WriteSetMarks
F	1	1	Reserved
F	1	1	LogicalUnitNumber
F	2	3	TransferLength
F	5	1	Control
S	_SCAN_CD	12	misc
F	0	1	OperationCode
F	1	1	RelativeAddress
F	1	1	Reserved1
F	1	1	Direct
F	1	1	Lun
F	2	4	StartingAddress
F	6	3	Reserved2
F	9	1	Reserved3
F	9	1	Type
F	10	1	Reserved4
F	11	1	Control
S	_NEC_READ_CDDA	10	misc
F	0	1	OperationCode
F	1	1	Reserved0
F	2	1	LogicalBlockByte0
F	3	1	LogicalBlockByte1
F	4	1	LogicalBlockByte2
F	5	1	LogicalBlockByte3
F	6	1	Reserved1
F	7	1	TransferBlockByte0
F	8	1	TransferBlockByte1
F	9	1	Control
S	_READ_TOC	10	misc
F	0	1	OperationCode
F	1	1	Reserved0
F	1	1	Msf
F	1	1	Reserved1
F	1	1	LogicalUnitNumber
F	2	1	Format2
F	2	1	Reserved2
F	3	3	Reserved3
F	6	1	StartingTrack
F	7	2	AllocationLength
F	9	1	Control
F	9	1	Format
S	_SUBCHANNEL	10	misc
F	0	1	OperationCode
F	1	1	Reserved0
F	1	1	Msf
F	1	1	Reserved1
F	1	1	LogicalUnitNumber
F	2	1	Reserved2
F	2	1	SubQ
F	2	1	Reserved3
F	3	1	Format
F	4	2	Reserved4
F	6	1	TrackNumber
F	7	2	AllocationLength
F	9	1	Control
S	_CDB6VERIFY	6	misc
F	0	1	OperationCode
F	1	1	Fixed
F	1	1	ByteCompare
F	1	1	Immediate
F	1	1	Reserved
F	1	1	LogicalUnitNumber
F	2	3	VerificationLength
F	5	1	Control
S	_PARTITION	6	misc
F	0	1	OperationCode
F	1	1	Immediate
F	1	1	Sel
F	1	1	PartitionSelect
F	2	3	Reserved1
F	5	1	Control
S	_INIT_ELEMENT_STATUS	6	misc
F	0	1	OperationCode
F	1	1	Reserved1
F	1	1	LogicalUnitNubmer
F	2	3	Reserved2
F	5	1	Reserved3
F	5	1	NoBarCode
S	_LOCATE	10	misc
F	0	1	OperationCode
F	1	1	Immediate
F	1	1	CPBit
F	1	1	BTBit
F	1	1	Reserved1
F	1	1	LogicalUnitNumber
F	2	1	Reserved3
F	3	4	LogicalBlockAddress
F	7	1	Reserved4
F	8	1	Partition
F	9	1	Control
S	_READ_DISK_INFORMATION	10	misc
F	0	1	OperationCode
F	1	1	Reserved1
F	1	1	Lun
F	2	5	Reserved2
F	7	2	AllocationLength
F	9	1	Control
S	_CDB6INQUIRY	6	misc
F	0	1	OperationCode
F	1	1	Reserved1
F	1	1	LogicalUnitNumber
F	2	1	PageCode
F	3	1	IReserved
F	4	1	AllocationLength
F	5	1	Control
S	_LOGSELECT	10	misc
F	0	1	OperationCode
F	1	1	SPBit
F	1	1	PCRBit
F	1	1	Reserved1
F	1	1	LogicalUnitNumber
F	2	1	Reserved
F	2	1	PCBit
F	3	4	Reserved2
F	7	2	ParameterListLength
F	9	1	Control
S	_CDB12	12	misc
F	0	1	OperationCode
F	1	1	RelativeAddress
F	1	1	Reserved1
F	1	1	ForceUnitAccess
F	1	1	DisablePageOut
F	1	1	LogicalUnitNumber
F	2	4	LogicalBlock
F	6	4	TransferLength
F	10	1	Reserved2
F	11	1	Control
S	_START_STOP	6	misc
F	0	1	OperationCode
F	1	1	Immediate
F	1	1	Reserved1
F	1	1	LogicalUnitNumber
F	2	2	Reserved2
F	4	1	Start
F	4	1	LoadEject
F	4	1	Reserved3
F	5	1	Control
S	_READ_CD	12	misc
F	0	1	OperationCode
F	1	1	RelativeAddress
F	1	1	Reserved0
F	1	1	ExpectedSectorType
F	1	1	Lun
F	2	4	StartingLBA
F	6	3	TransferBlocks
F	9	1	Reserved2
F	9	1	ErrorFlags
F	9	1	IncludeEDC
F	9	1	IncludeUserData
F	9	1	HeaderCode
F	9	1	IncludeSyncData
F	10	1	SubChannelSelection
F	10	1	Reserved3
F	11	1	Control
S	_PRINT	6	misc
F	0	1	OperationCode
F	1	1	Reserved
F	1	1	LogicalUnitNumber
F	2	3	TransferLength
F	5	1	Control
S	_SCSI_PASS_THROUGH_DIRECT	44	misc
F	0	2	Length
F	2	1	ScsiStatus
F	3	1	PathId
F	4	1	TargetId
F	5	1	Lun
F	6	1	CdbLength
F	7	1	SenseInfoLength
F	8	1	DataIn
F	9	3	__align0
F	12	4	DataTransferLength
F	16	4	TimeOutValue
F	20	4	DataBuffer
F	24	4	SenseInfoOffset
F	28	16	Cdb
S	_PLXTR_READ_CDDA	12	misc
F	0	1	OperationCode
F	1	1	Reserved0
F	1	1	LogicalUnitNumber
F	2	1	LogicalBlockByte0
F	3	1	LogicalBlockByte1
F	4	1	LogicalBlockByte2
F	5	1	LogicalBlockByte3
F	6	1	TransferBlockByte0
F	7	1	TransferBlockByte1
F	8	1	TransferBlockByte2
F	9	1	TransferBlockByte3
F	10	1	SubCode
F	11	1	Control
S	__unnamed_2381	1	misc
F	0	1	Link
F	0	1	Flag
F	0	1	Reserved
F	0	1	VendorUnique
S	__unnamed_2382	1	misc
F	0	1	value
F	0	1	Fields
S	_SPACE_TAPE_MARKS	6	misc
F	0	1	OperationCode
F	1	1	Code
F	1	1	Reserved
F	1	1	LogicalUnitNumber
F	2	1	NumMarksMSB
F	3	1	NumMarks
F	4	1	NumMarksLSB
F	5	1	Byte6
S	_DMGD	28	misc
F	0	4	FrameCounter
F	4	4	FlipCounter
F	8	4	Surface
F	12	4	RegisterBase
F	16	4	PerfCounters
F	20	4	pdwOpcode
F	24	4	ppSnapshotBuffer
S	_DMXAPI	12	misc
F	0	1	XapiStarted
F	1	3	__align0
F	4	4	LastErrorTlsOff
F	8	4	CurrentFiberTlsOff
S	_DMINIT	56	misc
F	4	4	LoadedModuleList
F	8	4	Flags
F	12	4	ClockIntRoutine
F	16	4	ProfIntRoutine
F	24	4	CtxSwapNotifyRoutine
F	28	4	XProfpDataPtr
F	32	4	D3DDriverData
F	36	4	XapiData
F	40	4	DisallowXbdm
S	_DMREGISTERPERFCOUNTERPARAMBLOCK	12	misc
F	0	4	szName
F	4	4	dwType
F	8	4	pvArg
S	_USBD_ISOCH_PACKET_STATUS_WORD	2	misc
F	0	2	BytesRead
F	0	2	ConditionCode
S	_USBD_ISOCH_TRANSFER_STATUS	24	misc
F	0	4	Status
F	4	4	FrameCount
F	8	16	PacketStatus
S	_USBD_ISOCH_BUFFER_DESCRIPTOR	32	misc
F	0	4	FrameCount
F	4	4	TransferBuffer
F	8	16	Pattern
F	28	4	Context
S	_URB_OPEN_ENDPOINT	32	misc
F	0	16	Hdr
F	16	4	EndpointHandle
F	20	1	FunctionAddress
F	21	1	EndpointAddress
F	22	1	EndpointType
F	23	1	Interval
F	24	4	DataToggleBits
F	28	2	MaxPacketSize
F	30	1	LowSpeed
S	_USB_DEVICE_DESCRIPTOR8	8	misc
F	0	1	bLength
F	1	1	bDescriptorType
F	2	2	bcdUSB
F	4	1	bDeviceClass
F	5	1	bDeviceSubClass
F	6	1	bDeviceProtocol
F	7	1	bMaxPacketSize0
S	_USB_CONFIGURATION_DESCRIPTOR	9	misc
F	0	1	bLength
F	1	1	bDescriptorType
F	2	2	wTotalLength
F	4	1	bNumInterfaces
F	5	1	bConfigurationValue
F	6	1	iConfiguration
F	7	1	bmAttributes
F	8	1	MaxPower
S	_USB_INTERFACE_DESCRIPTOR	9	misc
F	0	1	bLength
F	1	1	bDescriptorType
F	2	1	bInterfaceNumber
F	3	1	bAlternateSetting
F	4	1	bNumEndpoints
F	5	1	bInterfaceClass
F	6	1	bInterfaceSubClass
F	7	1	bInterfaceProtocol
F	8	1	iInterface
S	_USB_ENDPOINT_DESCRIPTOR	7	misc
F	0	1	bLength
F	1	1	bDescriptorType
F	2	1	bEndpointAddress
F	3	1	bmAttributes
F	4	2	wMaxPacketSize
F	6	1	bInterval
S	_HCD_RESOURCE_REQUIREMENTS	16	misc
F	0	4	EndpointCount
F	4	4	IsochEndpointCount
F	8	4	TDCount
F	12	1	ControlTDQuota
F	13	1	BulkTDQuota
F	14	1	IsochMaxBuffers
S	_USB_CONTROL_SETUP_PACKET	8	misc
F	0	1	bmRequestType
F	1	1	bRequest
F	2	2	wValue
F	4	2	wIndex
F	6	2	wLength
S	_URB_ABORT_ENDPOINT	24	misc
F	0	16	Hdr
F	16	4	EndpointHandle
F	20	4	HcdNextAbort
S	_USBD_HOST_CONTROLLER	24	misc
F	0	4	ControllerNumber
F	4	4	RootHub
F	8	16	AddressList
S	_URB_GET_FRAME_NUMBER	24	misc
F	0	16	Hdr
F	16	1	DeviceNode
F	17	3	__align0
F	20	4	FrameNumber
S	_URB_GET_SET_ENDPOINT_STATE	24	misc
F	0	16	Hdr
F	16	4	EndpointHandle
F	20	4	EndpointState
S	_PNP_CLASS_ID	4	misc
F	0	4	AsLong
F	0	4	USB
S	_URB_RESET_PORT	20	misc
F	0	16	Hdr
F	16	1	DeviceNode
F	17	1	PortNumber
S	_URB_ISOCH_OPEN_ENDPOINT	28	misc
F	0	16	Hdr
F	16	4	EndpointHandle
F	20	1	FunctionAddress
F	21	1	EndpointAddress
F	22	2	MaxPacketSize
F	24	2	Flags
F	26	2	Pad
S	_URB_BULK_OR_INTERRUPT_TRANSFER	40	misc
F	0	16	Hdr
F	16	4	EndpointHandle
F	20	4	TransferBufferLength
F	24	4	TransferBuffer
F	28	1	TransferDirection
F	29	1	ShortTransferOK
F	30	1	InterruptDelay
F	31	1	Padding
F	32	8	Hca
S	_URB_HEADER	16	misc
F	0	1	Length
F	1	1	Function
F	2	2	__align0
F	4	4	Status
F	12	4	CompleteContext
S	_URB_ISOCH_START_TRANSFER	28	misc
F	0	16	Hdr
F	16	4	EndpointHandle
F	20	4	FrameNumber
F	24	4	Flags
S	_URB_ISOCH_STOP_TRANSFER	20	misc
F	0	16	Hdr
F	16	4	EndpointHandle
S	_URB_ISOCH_ATTACH_BUFFER	28	misc
F	0	16	Hdr
F	16	4	EndpointHandle
F	20	1	InterruptDelay
F	21	3	__align0
F	24	4	BufferDescriptor
S	_URB_HCD_AREA	8	misc
F	0	2	HcdTDCount
F	0	2	HcdOriginalLength
F	2	2	HcdUrbFlags
F	4	4	HcdUrbLink
S	_URB_CLOSE_ENDPOINT	28	misc
F	0	16	Hdr
F	16	4	EndpointHandle
F	20	4	HcdNextClose
F	24	4	DataToggleBits
S	_URB	48	misc
F	0	16	Header
F	0	48	ControlTransfer
F	0	40	BulkOrInterruptTransfer
F	0	40	CommonTransfer
F	0	32	OpenEndpoint
F	0	28	CloseEndpoint
F	0	24	GetSetEndpointState
F	0	24	AbortEndpoint
F	0	20	ResetPort
F	0	24	GetFrame
F	0	28	IsochAttachBuffer
F	0	28	IsochStartTransfer
F	0	20	IsochStopTransfer
F	0	28	IsochOpenEndpoint
F	0	28	IsochCloseEndpoint
S	_USB_CLASS_DRIVER_DESCRIPTION	24	misc
F	0	4	ClassId
F	16	4	DeviceTypeCount
F	20	4	DeviceTypes
S	_URB_CONTROL_TRANSFER	48	misc
F	0	16	Hdr
F	16	4	EndpointHandle
F	20	4	TransferBufferLength
F	24	4	TransferBuffer
F	28	1	TransferDirection
F	29	1	ShortTransferOK
F	30	1	InterruptDelay
F	31	1	Padding
F	32	8	Hca
F	40	8	SetupPacket
S	_USB_RESOURCE_REQUIREMENTS	10	misc
F	0	1	ConnectorType
F	1	1	MaxDevices
F	2	1	MaxCompositeInterfaces
F	3	1	MaxControlEndpoints
F	4	1	MaxBulkEndpoints
F	5	1	MaxInterruptEndpoints
F	6	1	MaxControlTDperTransfer
F	7	1	MaxBulkTDperTransfer
F	8	1	MaxIsochEndpoints
F	9	1	MaxIsochMaxBuffers
S	_XID_DESCRIPTOR	16	misc
F	0	1	bLength
F	1	1	bDescriptorType
F	2	2	bcdXid
F	4	1	bType
F	5	1	bSubType
F	6	1	bMaxInputReportSize
F	7	1	bMaxOutputReportSize
F	8	8	wAlternateProductIds
S	_USB_DEVICE_DESCRIPTOR	18	misc
F	0	1	bLength
F	1	1	bDescriptorType
F	2	2	bcdUSB
F	4	1	bDeviceClass
F	5	1	bDeviceSubClass
F	6	1	bDeviceProtocol
F	7	1	bMaxPacketSize0
F	8	2	idVendor
F	10	2	idProduct
F	12	2	bcdDevice
F	14	1	iManufacturer
F	15	1	iProduct
F	16	1	iSerialNumber
F	17	1	bNumConfigurations
S	_XID_GLOBALS	160	misc
F	0	2	DeviceNodeCount
F	2	2	DeviceNodeInUseCount
F	4	4	DeviceNodes
F	8	4	DeviceHandles
F	12	16	EnumXidDescriptor
F	12	18	EnumDeviceDescriptor
F	30	2	__align0
F	32	48	EnumUrb
F	80	1	EnumNode
F	81	7	__align1
F	88	40	EnumWatchdogTimer
F	128	28	EnumWatchdogTimerDpc
S	_XID_TYPE_INFORMATION	28	misc
F	0	1	ucType
F	1	1	bRemainingHandles
F	2	1	bMaxInputReportId
F	3	1	bMaxOutputReportId
F	4	4	XppType
F	8	4	pInputReportInfoList
F	12	4	pOutputReportInfoList
F	16	4	DefaultPollingParameters
F	24	4	ulFlags
S	_XID_DEVICE_NODE	22	misc
F	0	4	Device
F	4	1	InUse
F	4	1	PendingRemove
F	4	1	Opened
F	4	1	Ready
F	4	1	Padding
F	5	1	InterfaceNumber
F	6	1	MaxPacketIn
F	7	1	MaxPacketOut
F	8	1	EndpointAddressIn
F	9	1	EndpointAddressOut
F	10	1	TypeIndex
F	11	1	SubType
F	12	1	bMaxInputReportSize
F	13	1	bMaxOutputReportSize
F	14	4	TypeInformation
F	18	4	OpenDevice
S	_XID_OPEN_DEVICE	171	misc
F	0	4	XidNode
F	4	4	OutstandingPoll
F	8	4	PacketNumber
F	12	4	InterruptInEndpointHandle
F	16	4	InterruptOutEndpointHandle
F	20	30	Report
F	50	32	ReportForUrb
F	82	48	Urb
F	130	28	CloseUrb
F	158	4	CloseEvent
F	162	1	ClosePending
F	162	1	ControlEndpointOpen
F	162	1	EndpointsPendingClose
F	162	1	AutoPoll
F	162	1	Pad
F	163	4	TypeInformation
F	167	4	NextOpenDevice
S	_XID_REPORT_TYPE_INFO	5	misc
F	0	1	bCurrentSize
F	1	4	pDefaultValues
S	_XID_KEYBOARD_SERVICES	16	misc
S	_USBHUB_INFO	392	misc
F	0	2	NodeCount
F	2	2	NodesInUse
F	4	384	Nodes
F	388	4	EndpointMemory
S	_USBHUB_ENUM_BLOCK	176	misc
F	0	48	EnumBuffer
F	48	48	ResetUrb
F	96	4	ResetContext
F	100	4	__align0
F	104	40	WatchdogTimer
F	144	28	WatchdogTimerDpc
F	172	4	WatchdogReason
S	_USBHUB_DEVICE_NODE	64	misc
F	0	1	InUse
F	0	1	RemovePending
F	0	1	PoweringPorts
F	0	1	NotResponding
F	0	1	Padding
F	1	1	InterruptEndpointAddress
F	2	1	PortCount
F	3	1	PortProcessIndex
F	4	1	PortStatusChangeBitmap
F	5	1	PortConnectedBitmap
F	6	1	ErrorCount
F	7	1	InterruptEndpointMaxPacket
F	8	48	Urb
F	56	4	RequestBuffer
F	56	4	PortStatus
F	60	4	InterruptEndpointHandle
S	_USB_COMMON_DESCRIPTOR	2	misc
F	0	1	bLength
F	1	1	bDescriptorType
S	_USB_HUB_DESCRIPTOR	8	misc
F	0	1	bDescriptorLength
F	1	1	bDescriptorType
F	2	1	bNumberOfPorts
F	3	2	wHubCharacteristics
F	5	1	bPowerOnToPowerGood
F	6	1	bHubControlCurrent
F	7	1	DeviceRemovable
S	_OHCD_POOL	48	misc
F	0	4	VirtualToPhysical
F	4	4	Hcca
F	8	4	FreeEndpoints
F	12	4	FreeTDs
F	16	4	FirstTD
F	20	4	LastTD
F	24	4	LostDoneHeadCount
F	28	4	LostMinimumDoneListLength
F	32	2	ControlQuota
F	34	2	ControlQuotaRemaining
F	36	2	BulkQuota
F	38	2	BulkQuotaRemaining
F	40	4	IsochFreeEndpoints
F	44	4	IsochMaxBuffers
S	_HC_COMMAND_STATUS	4	misc
F	0	4	ul
F	0	4	HostControllerReset
F	0	4	ControlListFilled
F	0	4	BulkListFilled
F	0	4	OwnerShipChangeRequest
F	0	4	Reserved
F	0	4	SchedulingOverrunCount
F	0	4	Reserved2
S	_HC_FRAME_INTERVAL	4	misc
F	0	4	ul
F	0	4	FrameInterval
F	0	4	Reserved
F	0	4	FullSpeedMaximumPacketSize
F	0	4	FrameIntervalToggle
S	_HC_RH_DESCRIPTOR_B	4	misc
F	0	4	ul
F	0	2	DeviceRemovable
F	2	2	PortPowerControlMask
S	_HC_RH_STATUS	4	misc
F	0	4	ul
F	0	2	HubStatus
F	2	2	HubStatusChange
S	_OHCD_INTERRUPT_SCHEDULE_NODE	16	misc
F	0	1	RegisterHead
F	1	1	Pad
F	2	2	Bandwidth
F	4	2	BandwidthChildren
F	6	2	BandwidthParents
F	8	4	EndpointHead
F	12	4	EndpointTail
S	_HC_RH_DESCRIPTOR_A	4	misc
F	0	4	ul
F	0	1	NumberDownstreamPorts
F	1	1	PowerSwitchingMode
F	1	1	NoPowerSwitch
F	1	1	DeviceType
F	1	1	OverCurrentProtectionMode
F	1	1	NoOverCurrentProtection
F	1	1	ReservedBits
F	2	1	Reserved
F	3	1	PowerOnToPowerGoodTime
S	_OHCI_HCCA	256	misc
F	0	128	InterruptTable
F	128	2	FrameNumber
F	130	2	Pad1
F	132	4	DoneHead
F	136	120	Reserved
S	_OHCD_ISOCH_TRANSFER_DESCRIPTOR	64	misc
F	0	32	IsochTransferDescriptor
F	32	4	Endpoint
F	40	4	Context
F	44	1	TdIndex
F	45	1	TdIndexPrev
F	46	2	Pad
F	48	16	Offsets
S	_HC_RH_PORT_STATUS	4	misc
F	0	4	ul
F	0	2	PortStatus
F	2	2	PortStatusChange
S	_OHCI_OPERATIONAL_REGISTERS	88	misc
F	0	4	HcRevision
F	4	4	HcControl
F	8	4	HcCommandStatus
F	12	4	HcInterruptStatus
F	16	4	HcInterruptEnable
F	20	4	HcInterruptDisable
F	24	4	HcHCCA
F	28	4	HcPeriodCurrentED
F	32	4	HcControlHeadED
F	36	4	HcControlCurrentED
F	40	4	HcBulkHeadED
F	44	4	HcBulkCurrentED
F	48	4	HcDoneHead
F	52	4	HcFmInterval
F	56	4	HcFmRemaining
F	60	4	HcFmNumber
F	64	4	HcPeriodicStart
F	68	4	HcLSThreshold
F	72	4	HcRhDescriptorA
F	76	4	HcRhDescriptorB
F	80	4	HcRhStatus
F	84	4	HcRhPortStatus
S	_OHCD_ENDPOINT	48	misc
F	0	16	HcEndpointDescriptor
F	16	1	Flags
F	17	1	EndpointType
F	18	1	ScheduleIndex
F	19	1	PollingInterval
F	20	4	PhysicalAddress
F	24	4	Next
F	28	4	PauseFrame
F	32	1	PendingPauseCount
F	33	1	Padding
F	34	2	Bandwidth
F	36	2	TDInUseCount
F	38	1	QueuedUrbCount
F	39	1	ProgrammedUrbCount
F	40	4	PendingUrbHeadP
F	44	4	PendingUrbTailP
S	_HC_CONTROL_REGISTER	4	misc
F	0	4	ul
F	0	4	ControlBulkServiceRatio
F	0	4	PeriodicListEnable
F	0	4	IsochronousEnable
F	0	4	ControlListEnable
F	0	4	BulkListEnable
F	0	4	HostControllerFunctionalState
F	0	4	InterruptRouting
F	0	4	RemoteWakeupConnected
F	0	4	RemoteWakeupEnabled
F	0	4	Reserved
S	_OHCD_ENDPOINT_SCHEDULE	1036	misc
F	0	1024	InterruptSchedule
F	1024	4	ControlHead
F	1028	4	BulkHead
F	1032	2	BandwidthPeriodic
F	1034	2	BandwidthTotal
S	_OHCD_ISOCH_ENDPOINT	48	misc
F	0	16	HcEndpointDescriptor
F	16	1	Flags
F	17	1	EndpointType
F	18	1	ScheduleIndex
F	19	1	PollingInterval
F	20	4	PhysicalAddress
F	24	4	Next
F	28	4	PauseFrame
F	32	1	PendingPauseCount
F	33	1	Padding
F	34	2	Bandwidth
F	36	1	MaxAttachedBuffers
F	37	1	AttachedBuffers
F	38	1	NextFreeTD
F	39	1	Alignment
F	40	4	NextUnusedFrame
F	44	4	TransferDescriptors
S	_OHCD_TRANSFER_DESCRIPTOR	32	misc
F	0	16	HcTransferDescriptor
F	16	4	PhysicalAddress
F	20	4	NextFree
F	20	4	Endpoint
F	24	4	Urb
F	28	1	Flags
F	29	1	Bytes
F	30	1	Type
F	31	1	HostControllerNumber
S	_OHCI_ENDPOINT_CONTROL	4	misc
F	0	4	ul
F	0	4	FunctionAddress
F	0	4	EndpointAddress
F	0	4	Direction
F	0	4	Speed
F	0	4	Skip
F	0	4	Format
F	0	4	MaximumPacketSize
F	0	4	FutureSoftwareUse
S	_OHCI_TRANSFER_DESCRIPTOR	16	misc
F	0	4	FutureSoftwareUse1
F	0	4	Format
F	0	4	FutureSoftwareUse2
F	0	4	BufferRounding
F	0	4	Direction_PID
F	0	4	DelayInterrupt
F	0	4	DataToggle
F	0	4	ErrorCount
F	0	4	ConditionCode
F	4	4	CurrentBufferPointer
F	8	4	NextTD
F	8	4	NextTDVirtual
F	12	4	BufferEnd
S	_OHCI_ISOCHRONOUS_TRANSFER_DESCRIPTOR	32	misc
F	0	4	StartingFrame
F	0	4	Format
F	0	4	FutureSoftwareUse
F	0	4	DelayInterrupt
F	0	4	FrameCount
F	0	4	FutureSoftwareUse2
F	0	4	ConditionCode
F	4	4	BufferPage0
F	8	4	NextTD
F	12	4	BufferEnd
F	16	16	Offset_PSW
S	_OHCD_ROOT_HUB_OBJECT	96	misc
F	0	1	NumberOfPorts
F	1	1	DeviceDetectedBitmap
F	2	6	__align0
F	8	8	PowerOnToGoodTime
F	20	4	ResetContext
F	24	40	ResetTimeoutTimer
F	64	28	ResetTimeoutDPC
S	_OHCI_ENDPOINT_DESCRIPTOR	16	misc
F	0	4	Control
F	4	4	TailP
F	8	4	HeadPHaltCarry
F	12	4	NextED
S	__unnamed_2467	8	misc
F	0	4	InterruptsSignaled
F	4	4	Frame
S	_OHCD_DEVICE_EXTENSION	1232	misc
F	0	4	OperationalRegisters
F	4	4	OperationalRegistersLength
F	8	4	HCCA
F	12	1036	Schedule
F	1048	4	FrameHighPart
F	1052	4	ControlUrbHeadP
F	1056	4	ControlUrbTailP
F	1060	4	BulkUrbHeadP
F	1064	4	BulkUrbTailP
F	1068	4	PendingCancels
F	1072	4	PendingAborts
F	1076	4	PendingCloses
F	1080	8	IsrDpc_Context
F	1088	28	IsrDpc
F	1116	4	HostControllerNumber
F	1120	96	RootHubObject
F	1216	16	ShutdownRegistration
S	_OHCD_PORT_INFO	4	misc
F	0	2	PortsConnectionChanged
F	2	2	PortsConnected
S	_OHCD_SETUP_BUFFER	32	misc
F	0	8	Setup
F	8	8	Pad1
F	16	4	PhysicalAddress
F	20	12	Pad2
S	XCALCSIG_CONTEXT	124	misc
F	0	4	dwFlags
F	4	4	pbTitleKey
F	8	116	shactx
S	_XPP_DEVICE_TYPE_INTERNAL	12	misc
F	0	4	CurrentConnected
F	4	4	ChangeConnected
F	8	4	PreviousConnected
S	__unnamed_2473	328	misc
F	0	72	DirInfo
F	72	255	Names
S	_XAPI_AUTOPOWERDOWN_GLOBAL	80	misc
F	0	28	AutoPowerDownDpc
F	28	4	__align0
F	32	40	AutoPowerDownTimer
F	72	4	fAutoPowerDown
F	76	4	fReadWriteFailure
S	_MMTIMER	68	misc
F	0	40	KernelTimer
F	44	4	dwTimeCallbackData
F	48	1	Allocated
F	49	1	Flags
F	50	2	SerialNumber
F	52	8	FireTime
F	60	8	Interval
S	_MMTIMER_THREAD_STATE	4300	misc
F	0	4284	Timers
F	4284	16	ThreadEvent
S	_LAUNCH_DATA_HEADER	532	misc
F	0	4	dwLaunchDataType
F	4	4	dwTitleId
F	8	520	szLaunchPath
F	528	4	dwFlags
S	_LAUNCH_DATA_PAGE	4096	misc
F	0	532	Header
F	532	492	Pad
F	1024	3072	LaunchData
S	_FAT_VOLUME_METADATA	2128	misc
F	0	4	Signature
F	4	4	SerialNumber
F	8	4	SectorsPerCluster
F	12	4	RootDirFirstCluster
F	16	64	VolumeName
F	80	2048	OnlineData
S	__unnamed_2482	328	misc
F	0	72	DirInfo
F	72	256	FileName
S	_HEAP_VIRTUAL_ALLOC_ENTRY	48	misc
F	0	8	Entry
F	8	16	ExtraStuff
F	24	4	CommitSize
F	28	4	ReserveSize
F	32	16	BusyBlock
S	_HEAP_ENTRY_EXTRA	16	misc
F	0	2	AllocatorBackTraceIndex
F	2	2	TagIndex
F	4	4	Settable
F	0	8	ZeroInit
F	8	8	ZeroInit1
S	__unnamed_2490	28	misc
F	0	28	CriticalSection
S	_HEAP_LOCK	28	misc
F	0	28	Lock
S	_HEAP_PSEUDO_TAG_ENTRY	12	misc
F	0	4	Allocs
F	4	4	Frees
F	8	4	Size
S	_HEAP_SEGMENT	72	misc
F	0	16	Entry
F	16	4	Signature
F	20	4	Flags
F	24	4	Heap
F	28	4	LargestUnCommittedRange
F	32	4	BaseAddress
F	36	4	NumberOfPages
F	40	4	FirstEntry
F	44	4	LastValidEntry
F	48	4	NumberOfUnCommittedPages
F	52	4	NumberOfUnCommittedRanges
F	56	4	UnCommittedRanges
F	60	2	AllocatorBackTraceIndex
F	62	2	Reserved
F	64	4	LastEntryInSegment
S	_HEAP_UCR_SEGMENT	16	misc
F	0	4	Next
F	4	4	ReservedSize
F	8	4	CommittedSize
F	12	4	filler
S	_HEAP_ENTRY	16	misc
F	0	2	Size
F	2	2	PreviousSize
F	4	1	SegmentIndex
F	5	1	Flags
F	6	1	UnusedBytes
F	7	1	SmallTagIndex
F	8	8	Reserved1
S	_HEAP_FREE_ENTRY	24	misc
F	0	2	Size
F	2	2	PreviousSize
F	4	1	SegmentIndex
F	5	1	Flags
F	6	1	Index
F	7	1	Mask
F	8	8	FreeList
F	16	8	Reserved1
S	__unnamed_2497	16	misc
F	0	16	FreeListsInUseUlong
F	0	16	FreeListsInUseBytes
S	_HEAP	1424	misc
F	0	16	Entry
F	16	4	Signature
F	20	4	Flags
F	24	4	ForceFlags
F	28	4	VirtualMemoryThreshold
F	32	4	SegmentReserve
F	36	4	SegmentCommit
F	40	4	DeCommitFreeBlockThreshold
F	44	4	DeCommitTotalFreeThreshold
F	48	4	TotalFreeSize
F	52	4	MaximumAllocationSize
F	56	2	ProcessHeapsListIndex
F	58	2	HeaderValidateLength
F	60	4	HeaderValidateCopy
F	64	2	NextAvailableTagIndex
F	66	2	MaximumTagIndex
F	68	4	TagEntries
F	72	4	UCRSegments
F	76	4	UnusedUnCommittedRanges
F	80	4	AlignRound
F	84	4	AlignMask
F	88	8	VirtualAllocdBlocks
F	96	256	Segments
F	352	16	u
F	368	2	FreeListsInUseTerminate
F	370	2	AllocatorBackTraceIndex
F	372	8	Reserved1
F	380	4	PseudoTagEntries
F	384	1024	FreeLists
F	1408	4	LockVariable
F	1416	4	Lookaside
F	1420	4	LookasideLockCount
S	_HEAP_TAG_ENTRY	64	misc
F	0	4	Allocs
F	4	4	Frees
F	8	4	Size
F	12	2	TagIndex
F	14	2	CreatorBackTraceIndex
F	16	48	TagName
S	_HEAP_UNCOMMMTTED_RANGE	16	misc
F	0	4	Next
F	4	4	Address
F	8	4	Size
F	12	4	filler
S	FCOLOR	16	misc
F	0	16	rgba
S	LF_To	16	misc
F	0	16	pFrom
S	LF_From	8	misc
F	0	4	uFrom
F	4	4	fWeight
S	TF_Row	12	misc
F	0	4	pclr
F	4	4	fWeight
F	8	4	pNext
S	TF_From	12	misc
F	0	4	uSize
F	4	8	pTo
S	TF_To	8	misc
F	0	4	uTo
F	4	4	fWeight
S	TF_Filter	16	misc
F	0	4	uSize
F	4	12	pFrom
S	DDS_HEADER	124	misc
F	0	4	dwSize
F	4	4	dwReserved1
F	8	4	dwHeight
F	12	4	dwWidth
F	16	4	dwLinearSize
F	20	4	dwReserved2
F	24	4	dwMipMapCount
F	28	44	dwReserved3
F	72	32	ddspf
F	104	4	dwFlags
F	108	4	dwCubemapFlags
F	112	12	dwReserved4
S	DDS_PIXELFORMAT	32	misc
F	0	4	dwSize
F	4	4	dwFlags
F	8	4	dwFourCC
F	12	4	dwRGBBitCount
F	16	4	dwRBitMask
F	20	4	dwGBitMask
F	24	4	dwBBitMask
F	28	4	dwABitMask
S	XGPLANE	16	misc
F	0	4	a
F	4	4	b
F	8	4	c
F	12	4	d
S	XGCOLOR	16	misc
F	0	4	r
F	4	4	g
F	8	4	b
F	12	4	a
S	SinCosTable	52	misc
F	0	4	sin_PIby4cSB
F	4	4	cos_PIby4cSB
F	8	4	sin_3PIby4cSB
F	12	4	cos_3PIby4cSB
F	16	4	sin_PIbycSB
F	20	4	cos_PIbycSB
F	24	4	sin_2PIbycSB
F	28	4	cos_2PIbycSB
F	32	4	sin_PIby2cSB
F	36	4	cos_PIby2cSB
F	40	4	two_sin_PIbycSB
F	44	4	sin_4PIbycSB
F	48	4	cos_4PIbycSB
S	PerChannelInfoENC	0	misc
S	PerChannelInfo	120	misc
F	0	4	m_rgiCoefQ
F	4	4	m_rgiMaskQ
F	8	4	m_rgbBandNotCoded
F	12	4	m_rgffltSqrtBWRatio
F	16	4	m_rgiNoisePower
F	20	4	m_rgiHuffDecTbl
F	24	4	m_rgiRunEntry
F	28	4	m_rgiLevelEntry
F	32	4	m_cSubbandActual
F	36	4	m_iPower
F	40	4	m_iActualPower
F	44	4	m_rguiWeightFactor
F	48	4	m_rgiCoefRecon
F	52	4	m_iMaxMaskQ
F	56	2	m_iCurrGetPCM_SubFrame
F	58	2	__align0
F	60	4	m_rgiCoefReconCurr
F	64	4	m_piPrevOutput
F	68	4	m_piPrevOutputSign
F	72	4	m_piPrevOutputCurr
F	76	4	m_iSin
F	80	4	m_iCos
F	84	4	m_iSin1
F	88	4	m_iCos1
F	92	4	m_iStep
F	96	4	m_rgfltCoefRecon
F	100	4	m_rgfltBandWeight
F	104	4	m_rgfltWeightFactor
F	108	4	m_wtMaxWeight
F	112	4	ppcinfoENC
F	116	4	m_rgfMaskNeededForBark
S	SubFrameConfigInfo	208	misc
F	0	4	m_cSubFrame
F	4	64	m_rgiSubFrameSize
F	68	64	m_rgiSubFrameStart
F	132	4	m_iFirstTransientSubFrm
F	136	4	m_iLastTransientSubFrm
F	140	4	m_cMaskUpdate
F	144	64	m_rgfMaskUpdate
S	MaskResampleInfo	12	misc
F	0	4	iMaskResampleRatio
F	4	4	iMaskResampleRatioPow
F	8	4	cValidBarkBandLatestUpdate
S	CWMAInputBitStream	56	misc
F	4	4	m_dwUser
F	8	4	m_dwOwner
F	12	4	m_dwHeaderBuf
F	16	4	m_pBufferBegin
F	20	4	m_cbBuflenBegin
F	24	4	m_pBuffer
F	28	4	m_cbBuflen
F	32	4	m_dwDot
F	36	4	m_dwBitsLeft
F	40	4	m_iPrevPacketNum
F	44	4	m_fAllowPackets
F	48	4	m_fSuppressPacketLoss
S	WMARawDecStruct	4	misc
F	0	4	pAudDecoder
S	_WMCCommandEntry	12	misc
F	0	4	time
F	4	2	type
F	6	2	__align0
F	8	4	param
S	tPACKET_PARSE_INFO_EX	66	misc
F	0	4	fParityPacket
F	4	4	cbParseOffset
F	8	4	fEccPresent
F	12	1	bECLen
F	13	1	bPacketLenType
F	14	4	cbPacketLenTypeOffset
F	18	1	bPadLenType
F	19	1	bSequenceLenType
F	20	4	fMultiPayloads
F	24	1	bOffsetBytes
F	25	1	bOffsetLenType
F	26	4	cbPacketLenOffset
F	30	4	cbExplicitPacketLength
F	34	4	cbSequenceOffset
F	38	4	dwSequenceNum
F	42	4	cbPadLenOffset
F	46	4	cbPadding
F	50	4	dwSCR
F	54	2	wDuration
F	56	1	bPayLenType
F	57	1	bPayBytes
F	58	4	cbPayLenTypeOffset
F	62	4	cPayloads
S	__unnamed_2788	4	misc
F	0	4	pwszString
F	0	4	pbBinary
F	0	4	pfBool
F	0	4	pdwDword
F	0	4	pqwQword
F	0	4	pwWord
S	_ECD_DESCRIPTOR	16	misc
F	0	2	cbName
F	2	2	__align0
F	4	4	pwszName
F	8	2	data_type
F	10	2	cbValue
F	12	4	uValue
S	tPAYLOAD_MAP_ENTRY_EX	39	misc
F	0	2	cbPacketOffset
F	2	2	cbTotalSize
F	4	1	bStreamId
F	5	1	bObjectId
F	6	4	cbObjectOffset
F	10	4	cbObjectSize
F	14	4	msObjectPres
F	18	1	cbRepData
F	19	1	bJunk
F	20	2	cbPayloadSize
F	22	1	bIsKeyFrame
F	23	1	bFrameRate
F	24	2	wTotalDataBytes
F	26	4	dwDeltaPresTime
F	30	1	bIsCompressedPayload
F	31	2	wBytesRead
F	33	1	bSubPayloadState
F	34	1	bNextSubPayloadSize
F	35	2	wSubpayloadLeft
F	37	2	wSubCount
S	tBitRateInfo	8	misc
F	0	2	wStreamId
F	2	2	__align0
F	4	4	dwBitRate
S	tHeaderInfo	1216	misc
F	0	8	cbPacketOffset
F	8	8	cbLastPacketOffset
F	16	8	cbCurrentPacketOffset
F	24	8	cbFirstPacketOffset
F	32	8	cbNextPacketOffset
F	40	4	cbHeader
F	44	4	cbPacketSize
F	48	4	cPackets
F	52	4	msDuration
F	56	4	msPreroll
F	60	4	msSendDuration
F	64	4	dwMaxBitrate
F	68	2	wNoOfStreams
F	70	2	wNoOfAudioStreams
F	72	2	wNoOfVideoStreams
F	74	2	wNoOfBinaryStreams
F	76	1016	tBitRateInfo
F	1092	66	ppex
F	1158	39	payload
F	1197	3	__align0
F	1200	4	iPayload
F	1204	2	wPayStart
F	1206	2	__align1
F	1208	4	bHasBitRateInfo
F	1212	4	dwPayloadOffset
S	tVideoStreamInfo	2688	misc
F	0	4	windowWidth
F	4	4	windowHeight
F	8	1	flags
F	9	1	__align0
F	10	2	imageInfoLen
F	12	4	biSize
F	16	4	biWidth
F	20	4	biHeight
F	24	2	biPlanes
F	26	2	biBitCount
F	28	4	biCompression
F	32	4	biSizeImage
F	36	4	biXPelsPerMeter
F	40	4	biYPelsPerMeter
F	44	4	biClrUsed
F	48	4	biClrImportant
F	52	2	biBitCountOut
F	54	2	__align1
F	56	4	biCompressionOut
F	60	4	biSizeImageOut
F	64	4	pVDec
F	68	2	wStreamId
F	70	2	__align2
F	72	4	bTobeDecoded
F	76	4	bIsDecodable
F	80	4	bWantOutput
F	84	4	bFirst
F	88	4	pbVideoBuffer
F	92	4	dwVideoBufSize
F	96	4	dwVideoBufCurOffset
F	100	1	bBlockStart
F	101	3	__align3
F	104	4	dwBlockLeft
F	108	4	dwPayloadLeft
F	112	4	dwFrameLeft
F	116	4	cbNbFramesVidBuf
F	120	4	dwVideoBufDecoded
F	124	4	dwVideoTimeStamp
F	128	4	dwNbFrames
F	132	1024	bAdditionalInfo
F	1156	768	bPalette
F	1924	522	bVideoBuffer
F	2446	2	__align4
F	2448	4	bInitStage
F	2452	4	cbUsed
F	2456	4	dwFrameSize
F	2460	4	cbFrame
F	2464	4	bIsKeyFrame
F	2468	4	pSCInBuffer
F	2472	4	pSCOutBuffer
F	2476	4	bScOutGiven
F	2480	4	pStoreFrameStartPointer
F	2484	4	pStoreNextFrameStartPointer
F	2488	4	pDecodeFrameStartPointer
F	2492	4	pDecodeNextFrameStartPointer
F	2496	4	bBufferIncreased
F	2500	4	bStopReading
F	2504	4	bGotCompOutput
F	2508	4	bOutputisReady
F	2512	4	bHasGivenAnyOutput
F	2516	4	bNowStopReadingAndDecoding
F	2520	4	tOutVideoFormat
F	2524	4	__align5
F	2528	8	cbPacketOffset
F	2536	8	cbCurrentPacketOffset
F	2544	8	cbNextPacketOffset
F	2552	66	ppex
F	2618	39	payload
F	2657	3	__align6
F	2660	4	iPayload
F	2664	2	wPayStart
F	2666	2	__align7
F	2668	4	dwPayloadOffset
F	2672	4	parse_state
F	2676	4	dwNextVideoTimeStamp
F	2680	4	bFrameGiven
S	tWMFDecoderEx	6944	misc
F	0	1216	tHeaderInfo
F	1216	508	tAudioStreamInfo
F	1724	508	tVideoStreamInfo
F	2232	508	tBinaryStreamInfo
F	2740	4	pszType
F	2744	4	pszKeyID
F	2748	4	cbEnhData
F	2752	4	pbEnhData
F	2756	4	cbSecData
F	2760	4	pbSecData
F	2764	4	parse_state
F	2768	4	m_dwMarkerNum
F	2772	4	m_pContentDesc
F	2776	4	m_pMarkers
F	2780	4	m_pExtendedContentDesc
F	2784	4	m_pScriptCommand
F	2788	4	m_dwLicenseLen
F	2792	4	m_pLicData
F	2796	1	bHasDRM
F	2797	1	cTotalIndexs
F	2798	2	__align0
F	2800	2540	tIndexInfo
F	5340	4	bParsed
F	5344	4	i32CurrentAudioStreamIndex
F	5348	4	i32CurrentVideoStreamIndex
F	5352	4	i32CurrentBinaryStreamIndex
F	5356	1528	tPlannedOutputInfo
F	6884	4	pStreamIdnMediaType
F	6888	4	u32UserData
F	6892	4	bSkipToNextI
F	6896	4	m_dwNumCodec
F	6900	4	m_pCodecEntry
F	6904	8	u64SeekTimeRequest
F	6912	4	bInSeekState
F	6916	4	tDispRotateDegree
F	6920	4	i32PostProc
F	6924	4	iHurryUp
F	6928	4	bIsNoBufferMode
F	6932	8	tMetaDataEntry
S	tBinaryStreamInfo	264	misc
F	0	2	wStreamId
F	2	2	__align0
F	4	4	bWantOutput
F	8	4	dwBinaryBufSize
F	12	4	pbBinaryBuffer
F	16	4	dwBinaryBufCurOffset
F	20	4	dwBinaryTimeStamp
F	24	4	cbNbFramesBinBuf
F	28	4	dwBlockLeft
F	32	4	dwPayloadLeft
F	36	4	dwFrameLeft
F	40	4	cbUsed
F	44	4	dwFrameSize
F	48	4	cbFrame
F	52	4	dwNbFrames
F	56	4	dwBinaryBufDecoded
F	60	4	pStoreFrameStartPointer
F	64	4	pStoreNextFrameStartPointer
F	68	4	pDecodeFrameStartPointer
F	72	4	pDecodeNextFrameStartPointer
F	76	4	bBufferIncreased
F	80	4	bStopReading
F	84	4	bGotCompOutput
F	88	4	bOutputisReady
F	92	4	bHasGivenAnyOutput
F	96	4	bNowStopReadingAndDecoding
F	100	4	__align1
F	104	8	cbPacketOffset
F	112	8	cbCurrentPacketOffset
F	120	8	cbNextPacketOffset
F	128	66	ppex
F	194	39	payload
F	233	3	__align2
F	236	4	iPayload
F	240	2	wPayStart
F	242	2	__align3
F	244	4	dwPayloadOffset
F	248	4	parse_state
F	252	4	dwNextBinaryTimeStamp
F	256	4	bFrameGiven
S	strBinaryStreamInfo_WMC	8	misc
F	0	4	bNothing
F	4	2	u16StreamId
S	strHeaderInfo_WMC	24	misc
F	0	4	u32PlayDuration
F	4	4	u32Preroll
F	8	4	u32SendDuration
F	12	4	u32MaxBitrate
F	16	1	u8HasDRM
F	17	3	__align0
F	20	4	u32PacketSize
S	strVideoStreamInfo_WMC	796	misc
F	0	4	u32Compression
F	4	4	u32BitsPerSecond
F	8	4	fltFramesPerSecond
F	12	4	i32Width
F	16	4	i32Height
F	20	768	bPalette
F	788	2	u16StreamId
F	790	2	u16VideoOutputBitCount
F	792	4	u32VideoOutputPixelType
S	tAsfXGenericImageTypeSpecific	12	misc
F	0	4	windowWidth
F	4	4	windowHeight
F	8	1	flags
F	9	2	imageInfoLen
F	11	1	imageInfo
S	_CDCTTableInfo_Dec	36	misc
F	0	4	hufDCTACDec
F	4	4	iTcoef_ESCAPE
F	8	4	iStartIndxOfLastRunMinus1
F	12	4	puiNotLastNumOfLevelAtRun
F	16	4	puiLastNumOfLevelAtRun
F	20	4	puiNotLastNumOfRunAtLevel
F	24	4	puiLastNumOfRunAtLevel
F	28	4	pcLevelAtIndx
F	32	4	puiRunAtIndx
S	_TableInitInfo	20	misc
F	0	4	prefix
F	4	4	start
F	8	4	end
F	12	4	bits
F	16	4	maxBits
S	_TableInfo	8	misc
F	0	4	bits
F	4	4	table
S	Buffer	256	misc
F	0	128	i16
F	0	256	i32
S	_HuffDecInfo	2	misc
F	0	2	symbol
F	0	2	length
S	_Huffman_WMV	40	misc
F	0	4	m_uiUserData
F	4	4	m_alphabetSize
F	8	4	m_maxCodeLength
F	12	4	m_numDecEntries
F	16	4	m_allocDecEntries
F	20	4	m_allocTables
F	24	4	m_encInfo
F	28	4	m_decInfo
F	32	4	m_tableInfo
F	36	4	m_initInfo
S	InitEncInfo	12	misc
F	0	4	code
F	4	4	length
F	8	4	table
S	t_SpatialPredictor	52	misc
F	0	4	m_pClampTable
F	0	4	m_bIsMMX
F	4	4	m_pRef
F	8	4	m_iRefStride
F	12	4	m_bFlat
F	16	4	m_iDcValue
F	20	4	m_pLeft
F	24	4	m_pTop
F	28	4	m_pNeighbors
F	32	4	m_bInitZeroPredictor
F	36	4	m_pSums
F	40	4	m_pLeftSum
F	44	4	m_pTopSum
F	48	4	m_pBuffer16
S	t_ContextWMV	16	misc
F	0	4	m_iRow
F	4	4	m_iCol
F	8	4	m_iColGt2
F	12	4	m_pData
S	t_AltTablesDecoder	64	misc
F	0	4	m_uiUserData
F	4	4	m_iNewFrame
F	8	4	m_iNewIntraFrame
F	12	36	m_paLH
F	48	4	m_bIntraFrame
F	52	4	m_iNContexts
F	56	4	m_iQLev
F	60	4	m_bIsFirstRun
S	t_LocalHuffmanDecoder	48	misc
F	0	4	m_pAltTable
F	4	4	m_iN
F	8	4	m_pFine
F	12	4	m_iMode
F	16	4	m_i1shiftMode
F	20	4	m_iK
F	24	4	logK
F	28	4	opt
F	32	4	m_pCodeTablePtr
F	36	4	fineMask
F	40	4	m_pHuff
F	44	4	m_pCodeTable
S	IOBUF	36	misc
F	0	4	StartPtr
F	4	4	StartOffset
F	8	4	ByteCount
F	12	4	State
F	16	20	Overlapped
S	CFileBuffer	1256	misc
F	0	4	m_File
F	4	4	m_FileSize
F	8	4	m_AllocBuffer
F	12	4	m_ErrorFlag
F	16	4	m_MaxBackwardJump
F	20	4	m_CurBuf
F	24	648	m_Buffers
F	672	72	m_Events
F	744	512	m_PartialBuf
S	lconv	48	misc
F	0	4	decimal_point
F	4	4	thousands_sep
F	8	4	grouping
F	12	4	int_curr_symbol
F	16	4	currency_symbol
F	20	4	mon_decimal_point
F	24	4	mon_thousands_sep
F	28	4	mon_grouping
F	32	4	positive_sign
F	36	4	negative_sign
F	40	1	int_frac_digits
F	41	1	frac_digits
F	42	1	p_cs_precedes
F	43	1	p_sep_by_space
F	44	1	n_cs_precedes
F	45	1	n_sep_by_space
F	46	1	p_sign_posn
F	47	1	n_sign_posn
S	_Iosarray	16	misc
F	0	4	_Next
F	4	4	_Index
F	8	4	_Lo
F	12	4	_Vp
S	_Fnarray	12	misc
F	0	4	_Next
F	4	4	_Index
S	_Ctypevec	16	misc
F	0	4	_Hand
F	4	4	_Page
F	8	4	_Table
F	12	4	_Delfl
S	_Collvec	8	misc
F	0	4	_Hand
F	4	4	_Page
S	_Cvtvec	8	misc
F	0	4	_Hand
F	4	4	_Page
S	_U32ARRAY	16	misc
F	0	16	W
S	_U64	8	misc
F	0	8	W
S	_FP128	16	misc
F	0	16	W
S	_FPIEEE_RECORD	112	misc
F	0	4	RoundingMode
F	0	4	Precision
F	0	4	Operation
F	4	4	Cause
F	8	4	Enable
F	12	4	Status
F	16	32	Operand1
F	48	32	Operand2
F	80	32	Result
S	_FPIEEE_EXCEPTION_FLAGS	4	misc
F	0	4	Inexact
F	0	4	Underflow
F	0	4	Overflow
F	0	4	ZeroDivide
F	0	4	InvalidOperation
S	_FPQ64	16	misc
F	0	16	W
S	__unnamed_3027	16	misc
F	0	4	Fp32Value
F	0	8	Fp64Value
F	0	10	Fp80Value
F	0	16	Fp128Value
F	0	2	I16Value
F	0	4	I32Value
F	0	8	I64Value
F	0	2	U16Value
F	0	4	U32Value
F	0	8	U64Value
F	0	10	Bcd80Value
F	0	4	StringValue
F	0	4	CompareValue
F	0	16	U32ArrayValue
F	0	8	Q64Value
F	0	16	Fpq64Value
S	_FPIEEE_VALUE	32	misc
F	0	16	Value
F	16	4	OperandValid
F	16	4	Format
S	_I64	8	misc
F	0	8	W
S	_BCD80	10	misc
F	0	10	W
S	_FP80	10	misc
F	0	10	W
S	_dbl	8	misc
F	0	8	lng
F	0	8	dbl
S	__unnamed_3035	8	misc
F	0	4	opcode
F	4	4	name
S	_FloatOutStruct	26	misc
F	0	2	exp
F	2	1	sign
F	3	1	ManLen
F	4	22	man
S	_LDOUBLE	10	misc
F	0	10	ld
S	_LDBL12	12	misc
F	0	12	ld12
S	FpFormatDescriptor	24	misc
F	0	4	max_exp
F	4	4	min_exp
F	8	4	precision
F	12	4	exp_width
F	16	4	format_width
F	20	4	bias
S	DOUBLE	8	misc
F	0	8	x
S	FLOAT	4	misc
F	0	4	f
S	_strflt	16	misc
F	0	4	sign
F	4	4	decpt
F	8	4	flag
F	12	4	mantissa
S	FT	8	misc
F	0	8	ft_scalar
F	0	8	ft_struct
S	__unnamed_3048	1024	misc
F	0	512	sz
F	0	1024	wz
S	__unnamed_3049	4	misc
F	0	4	sz
F	0	4	wz
S	_count_string	8	misc
F	0	2	Length
F	2	2	MaximumLength
F	4	4	Buffer
S	__unnamed_3051	512	misc
F	0	512	sz
S	__unnamed_3052	16	misc
F	0	16	RawEvent
S	ioinfo	40	misc
F	0	4	osfhnd
F	4	1	osfile
F	5	1	pipech
F	6	2	__align0
F	8	4	lockinitflag
F	12	28	lock
S	__lc_time_data	184	misc
F	0	28	wday_abbr
F	28	28	wday
F	56	48	month_abbr
F	104	48	month
F	152	8	ampm
F	160	4	ww_sdatefmt
F	164	4	ww_ldatefmt
F	168	4	ww_timefmt
F	172	4	ww_lcid
F	176	4	ww_caltype
F	180	4	refcount
S	threadlocaleinfostruct	84	misc
F	0	4	refcount
F	4	4	lc_codepage
F	8	4	lc_collate_cp
F	12	24	lc_handle
F	36	4	lc_clike
F	40	4	mb_cur_max
F	44	4	lconv_intl_refcount
F	48	4	lconv_num_refcount
F	52	4	lconv_mon_refcount
F	56	4	lconv
F	60	4	lconv_intl
F	64	4	ctype1_refcount
F	68	4	ctype1
F	72	4	pctype
F	76	4	lc_time_curr
F	80	4	lc_time_intl
S	threadmbcinfostruct	544	misc
F	0	4	refcount
F	4	4	mbcodepage
F	8	4	ismbcodepage
F	12	4	mblcid
F	16	12	mbulinfo
F	28	257	mbctype
F	285	256	mbcasemap
S	_XCPT_ACTION	12	misc
F	0	4	XcptNum
F	4	4	SigNum
S	_tiddata	132	misc
F	0	4	_tid
F	4	4	_thandle
F	8	4	_terrno
F	12	4	_tdoserrno
F	16	4	_fpds
F	20	4	_holdrand
F	24	4	_token
F	28	4	_wtoken
F	32	4	_mtoken
F	36	4	_errmsg
F	40	4	_werrmsg
F	44	4	_namebuf0
F	48	4	_wnamebuf0
F	52	4	_namebuf1
F	56	4	_wnamebuf1
F	60	4	_asctimebuf
F	64	4	_wasctimebuf
F	68	4	_gmtimebuf
F	72	4	_cvtbuf
F	76	4	_initaddr
F	80	4	_initarg
F	84	4	_pxcptacttab
F	88	4	_tpxcptinfoptrs
F	92	4	_tfpecode
F	96	4	ptmbcinfo
F	100	4	_NLG_dwCode
F	104	4	_terminate
F	108	4	_unexpected
F	112	4	_translator
F	116	4	_curexception
F	120	4	_curcontext
F	124	4	_ProcessingThrow
F	128	4	_pFrameInfoChain
S	__unnamed_3063	8	misc
F	0	4	lock
F	4	4	kind
S	rterrmsgs	8	misc
F	0	4	rterrno
F	4	4	rterrtxt
S	code_page_info	60	misc
F	0	4	code_page
F	4	24	mbulinfo
F	28	32	rgrange
S	__unnamed_3066	8	misc
F	0	4	lowerhalf
F	4	4	upperhalf
S	doubleint	8	misc
F	0	8	bigint
F	0	8	twoints
S	TypeDescriptor	8	misc
F	0	4	hash
F	4	4	spare
S	_s_CatchableType	28	misc
F	0	4	properties
F	4	4	pType
F	8	12	thisDisplacement
F	20	4	sizeOrOffset
S	_s_CatchableTypeArray	4	misc
F	0	4	nCatchableTypes
S	_s_ThrowInfo	16	misc
F	0	4	attributes
F	12	4	pCatchableTypeArray
S	EHExceptionRecord	32	misc
F	0	4	ExceptionCode
F	4	4	ExceptionFlags
F	8	4	ExceptionRecord
F	12	4	ExceptionAddress
F	16	4	NumberParameters
F	0	4	magicNumber
F	4	4	pExceptionObject
F	8	4	pThrowInfo
F	12	8	__align0
F	20	12	params
S	_s_UnwindMapEntry	8	misc
F	0	4	toState
S	_s_TryBlockMapEntry	20	misc
F	0	4	tryLow
F	4	4	tryHigh
F	8	4	catchHigh
F	12	4	nCatches
F	16	4	pHandlerArray
S	_s_FuncInfo	28	misc
F	0	4	magicNumber
F	0	4	bbtFlags
F	4	4	maxState
F	8	4	pUnwindMap
F	12	4	nTryBlocks
F	16	4	pTryBlockMap
F	20	4	nIPMapEntries
F	24	4	pIPtoStateMap
S	_s_HandlerType	16	misc
F	0	4	adjectives
F	4	4	pType
F	8	4	dispCatchObj
F	12	4	addressOfHandler
S	EHRegistrationNode	12	misc
F	0	4	pNext
F	4	4	frameHandler
F	8	4	state
S	FrameInfo	8	misc
F	0	4	pExceptionObject
F	4	4	pNext
S	CatchGuardRN	20	misc
F	0	4	pNext
F	4	4	pFrameHandler
F	8	4	pFuncInfo
F	12	4	pRN
F	16	4	CatchDepth
S	TranslatorGuardRN	40	misc
F	0	4	pNext
F	4	4	pFrameHandler
F	8	4	pFuncInfo
F	12	4	pRN
F	16	4	CatchDepth
F	20	4	pMarkerRN
F	24	4	pContinue
F	28	4	ESP
F	32	4	EBP
F	36	4	DidUnwind
S	errentry	8	misc
F	0	4	oscode
F	4	4	errnocode
S	g3dhwlight	116	misc
F	0	4	mNext
F	4	112	mLightDesc
S	g3dcommandtoken_s	12	misc
F	0	4	pNext
F	4	4	mSize
F	8	4	pCommand
S	node_s	68	misc
F	0	32	name
F	32	4	index
F	36	4	parent
F	40	4	children
F	44	4	nChildren
F	48	4	startVertInf
F	52	4	nVertInfs
F	56	12	translate
S	tri_s	24	misc
F	0	12	vi
F	12	12	tc
S	triset_s	76	misc
F	0	4	startTri
F	4	4	nTris
F	8	4	startTexCoord
F	12	4	nTexCoords
F	16	4	texture
F	20	4	r
F	24	4	g
F	28	4	b
F	32	4	flags
F	36	4	nStripStart
F	40	4	nStripLength
F	44	32	name
S	vertinf_s	20	misc
F	0	4	vertIndex
F	4	12	localPos
F	16	4	weight
S	noderotkey_s	56	misc
F	0	36	val
F	36	4	time
F	40	12	axis
F	52	4	angle
S	nodeposkey_s	16	misc
F	0	4	time
F	4	12	val
S	nodesclkey_s	16	misc
F	0	4	time
F	4	12	val
S	edge_s	28	misc
F	0	4	v1
F	4	4	v2
F	8	16	intersection
F	24	4	t
S	vertpair_s	8	misc
F	0	4	srcVert
F	4	4	dstVert
S	lod_s	8	misc
F	0	4	startTriSet
F	4	4	nTriSets
S	switchnodekey_s	16	misc
F	0	4	time
F	4	4	switchVal
F	8	4	switchData
F	12	4	flags
S	color_s	12	misc
F	0	4	r
F	4	4	g
F	8	4	b
S	mat43_s	48	misc
F	0	48	row
F	0	48	r
S	mat22_s	16	misc
F	0	16	row
F	0	16	r
S	mat33_s	36	misc
F	0	36	row
F	0	36	r
S	value_type	12	misc
F	0	4	_Next
F	4	4	_Prev
F	8	4	_Myval
S	E_ATTRIBUTES	20	misc
F	0	4	invspeed
F	4	4	fight
F	8	4	armor
F	12	4	damagetype
F	16	4	armortype
S	__unnamed_3248	4	misc
F	0	4	obj
F	0	4	poly
F	0	4	blit
F	0	4	psys
S	mbnode	128	misc
F	0	64	mat
F	64	16	scale
F	80	2	id
F	82	1	type
F	83	1	alpha
F	84	4	zsort_add
F	88	4	texaltidx
F	92	2	texchangeidx
F	94	1	tex_shift_idx
F	95	1	extra_byte
F	96	4	flags
F	100	4	color
F	104	2	zmod
F	106	2	ambient_add
F	108	4	index
F	112	4	data
F	116	4	parent
F	120	4	child
F	124	4	next
S	skinfx	24	misc
F	0	4	nframes
F	4	4	frame
F	8	4	rate
F	12	4	texidx
F	16	4	repeat
F	20	4	ambientadd
S	__unnamed_3251	20	misc
F	0	20	container
F	0	20	trigger
F	0	20	enemy
F	0	20	gen
F	0	8	exit
F	0	12	trans
F	0	16	rot
F	0	20	sound
F	0	20	obsticle
F	0	8	trap
F	0	20	powerup
S	item	240	misc
F	0	4	info
F	4	104	objgrp
F	108	72	atree
F	180	12	coll_offset
F	192	2	ctriidx
F	194	2	nctris
F	196	2	active
F	198	2	activetime
F	200	1	action
F	201	1	paction
F	202	1	daction
F	203	1	opener
F	204	1	minplayers
F	205	1	minoff
F	206	1	playermask
F	207	1	armor
F	208	2	health
F	210	2	gridnext
F	212	4	visrad
F	216	4	fxhittime
F	220	20	data
S	worldobj	60	misc
F	0	16	desc
F	16	4	flags
F	20	2	triggertype
F	22	1	triggerstate
F	23	1	ptriggerstate
F	24	4	parent
F	28	12	pos
F	40	4	nodeptr
F	44	2	nextidx
F	46	2	childidx
F	48	4	rad
F	52	1	checked
F	53	1	nocol
F	54	2	nctris
F	56	4	ctriidx
S	__unnamed_3254	4	misc
F	0	4	anim
F	0	4	oanim
F	0	4	texmod
F	0	4	psys
S	anode	40	misc
F	0	4	node
F	4	4	parent
F	8	4	child
F	12	4	next
F	16	12	initpos
F	28	4	data
F	32	4	type
F	36	4	offset
S	anodeinfo	60	misc
F	0	32	mbdesc
F	32	12	initpos
F	44	2	type
F	46	2	flags
F	48	4	mbflags
F	52	4	offset
F	56	4	parentidx
S	player	24896	misc
F	0	4	index
F	4	4	plyr_color
F	8	4	type
F	12	4	alttype
F	16	4	seltype
F	20	104	objgrp
F	124	72	atree
F	196	12	pyr
F	208	12	rootpos
F	220	12	savepos
F	232	4	state
F	236	4	pstate
F	240	4	hidden
F	244	60	atts
F	304	512	powerups
F	816	32	powerup_states
F	848	4	npowerups
F	852	20	timer
F	872	4	pmotion
F	876	4	action
F	880	4	daction
F	884	1192	actionlist
F	2076	4	partner
F	2080	4	dpartner
F	2084	8	prefix
F	2092	4	shadow
F	2096	4	lhand
F	2100	4	rhand
F	2104	4	head
F	2108	4	glow
F	2112	4	dummy
F	2116	4	weapnode
F	2120	72	weapfxtree
F	2192	4	shield
F	2196	4	weapspecial
F	2200	4	helmet
F	2204	4	specialfx
F	2208	4	cloak
F	2212	4	ittag
F	2216	4	dmgdbgnode
F	2220	72	familiar
F	2292	72	special_anim
F	2364	4	wtreeidx
F	2368	24	skinfx
F	2392	4	model
F	2396	4	weap_texmod
F	2400	4	ambientadd
F	2404	4	weap_trail_max
F	2408	4	weap_trail_flag
F	2412	32	weap_trail_node
F	2444	4	power
F	2448	4	powcur
F	2452	4	next_level
F	2456	4	quest_item
F	2460	12	attn_offset
F	2472	12	coll_offset
F	2484	4	rad
F	2488	4	hht
F	2492	12	pushed
F	2504	12	push_next
F	2516	12	knockback
F	2528	12	prevpos
F	2540	12	ddpos
F	2552	4	faceang
F	2556	4	stuntime
F	2560	4	movetime
F	2564	4	scrnHX
F	2568	4	scrnHY
F	2572	4	colitem
F	2576	4	colexit
F	2580	4	grabbed
F	2584	4	floory
F	2588	4	exit_y
F	2592	4	floorslope
F	2596	4	floor_surf
F	2600	4	floor_wobj
F	2604	4	wall_wobj
F	2608	4	watery
F	2612	4	damage
F	2616	4	damagetype
F	2620	4	pdamagetype
F	2624	12	damagedir
F	2636	4	fxhittime
F	2640	4	wobjhittime
F	2644	4	attack_type
F	2648	4	attack_btn_held
F	2652	4	attack_btn_hit
F	2656	4	attack_start_time
F	2660	4	attack_flag
F	2664	4	attack_dang
F	2668	4	attack_count
F	2672	4	attack_target
F	2676	4	powsub
F	2680	4	bossdamage
F	2684	4	kill_enemies_only
F	2688	4	come_to_see
F	2692	4	just_killed
F	2696	4	total_damage
F	2700	4	show_crystal_idx
F	2704	4	show_crystal_time
F	2708	4	numcoins
F	2712	4	close_kill_count
F	2716	4	close_kill_time
F	2720	4	trans_away
F	2724	4	trans_count
F	2728	12	trans_pos
F	2740	2	touching_exit
F	2742	2	need_food
F	2744	2	is_it
F	2746	2	start_magic
F	2748	2	magic_hold_frames
F	2750	2	didskinfx
F	2752	2	specialaction
F	2754	2	halo_flag
F	2756	2	hourglass_flag
F	2758	2	step_flag
F	2760	2	anim_flag
F	2762	2	disp_flag
F	2764	4	hand_of_death
F	2768	72	mikey_obj_atree
F	2840	104	mikey_objgrp
F	2944	2	mikey_dropped_flag
F	2946	2	hand_of_death_flag
F	2948	2	health_vamp_flag
F	2950	2	__align0
F	2952	4	num_approaching
F	2956	4	dist_offset
F	2960	4	heartbeat
F	2964	4	heartbeat_max
F	2968	20	milestone
F	2988	4	speed_mul
F	2992	4	turn_mul
F	2996	4	joy_mul
F	3000	4	kb_mul
F	3004	4	prev_frame
F	3008	4	limscr_res
F	3012	4	disp_mode
F	3016	4	shop_x
F	3020	4	shop_y
F	3024	4	shop_sub
F	3028	4	shop_dfight
F	3032	4	shop_darmor
F	3036	4	shop_dmagic
F	3040	4	shop_dspeed
F	3044	10868	save
F	13912	4	health
F	13916	4	keys
F	13920	4	numpotions
F	13924	4	exp
F	13928	4	gold
F	13932	2	shards
F	13934	2	runes
F	13936	10868	save_backup
F	24804	36	potion_type
F	24840	4	lv
F	24844	4	has_played
F	24848	4	getname_state
F	24852	4	getname_index
F	24856	4	getname_char
F	24860	4	mstate
F	24864	4	pmstate
F	24868	4	power_bar_mode
F	24872	4	power_bar_timer
F	24876	4	confirm
F	24880	4	port
F	24884	4	slot
F	24888	4	cur_file
F	24892	4	save_file
S	P_ATTRIBUTES	60	misc
F	0	4	base_fight
F	4	4	base_armor
F	8	4	base_magic
F	12	4	base_speed
F	16	4	fight
F	20	4	armor
F	24	4	magic
F	28	4	speed
F	32	4	missiledmg
F	36	4	missilespd
F	40	4	damagetype
F	44	4	armortype
F	48	4	special
F	52	4	powerused
F	56	4	oldpowerused
S	P_POWERUP	16	misc
F	0	4	timeleft
F	4	4	type
F	8	4	attributeadd
F	12	4	specialflags
S	PLAYERTIMERS	20	misc
F	0	2	pain
F	2	2	exit
F	4	2	stats
F	6	2	heartbeat
F	8	2	name
F	10	2	move
F	12	2	reflect
F	14	2	block
F	16	2	idle1
F	18	2	idle2
S	atreeseq	48	misc
F	0	32	name
F	32	2	numframes
F	34	2	framerate
F	36	2	repeat
F	38	2	fixpos
F	40	2	ntexmods
F	42	2	flags
F	44	4	texmods
S	crit_sfx	80	misc
F	0	4	flags
F	4	4	nextfxidx
F	8	4	sfxidx
F	12	4	sndidx
F	16	16	fxdesc
F	32	16	snddesc
F	48	12	offset
F	60	4	maxlen
F	64	4	rate
F	68	2	zmod
F	70	2	alphamod
F	72	4	color
F	76	4	scale
S	world_data	56	misc
F	0	4	type
F	4	16	wavename
F	20	2	bosskey
F	22	2	curlevel
F	24	2	numlevels
F	26	2	numsounds
F	28	4	levels
F	32	4	enemies
F	36	4	cameras
F	40	4	audio
F	44	4	sounds
F	48	4	maps
F	52	4	bosscams
S	level_data	268	misc
F	0	4	flags
F	4	2	enabled
F	6	2	setup
F	8	4	name
F	12	2	wavetime
F	14	2	dummy
F	16	4	prep
F	20	16	title
F	36	16	audbank
F	52	16	movie
F	68	4	bosstype
F	72	4	earlyenemies
F	76	12	enemytype
F	88	2	camidx
F	90	2	audidx
F	92	2	mapidx
F	94	2	__align0
F	96	4	camera
F	100	4	audio
F	104	4	mapdata
F	108	4	bosscam
F	112	28	fog
F	140	2	bosscamidx
F	142	2	maxenemies
F	144	2	rune
F	146	2	legend
F	148	4	musicvol
F	152	4	soundvol
F	156	4	plevel
F	160	4	xpmul
F	164	4	damagemul
F	168	4	difficulty
F	172	4	ene_health
F	176	4	ene_speed
F	180	4	ene_visrad
F	184	4	ene_attack
F	188	4	ene_damage
F	192	4	ene_mrate
F	196	4	ene_mspeed
F	200	4	ene_macc
F	204	4	gen_health
F	208	4	gen_rate
F	212	4	gen_max
F	216	4	trap_rate
F	220	4	trap_damage
F	224	4	shop_maxgold
F	228	4	shop_maxkills
F	232	4	shop_maxexp
F	236	4	ambient
F	240	12	lightdir
F	252	12	lightcolor_fp
F	264	4	lightinten
S	camera_data	108	misc
F	0	2	dir
F	2	2	pitch_dir
F	4	4	dp
F	8	4	minpitch
F	12	12	min
F	24	12	max
F	36	1	limits
F	37	1	start_event
F	38	2	attcam
F	40	4	att_data
F	44	4	minrad
F	48	4	maxrad
F	52	2	enemax
F	54	2	special_radius
F	56	4	maxpitch
F	60	4	pitchsub
F	64	4	pitchmul
F	68	4	pitchadd
F	72	4	distmuladd
F	76	4	distmulfac
F	80	4	distmulmin
F	84	4	distmulmax
F	88	4	smooth
F	92	4	minyaw
F	96	4	maxyaw
F	100	4	bossminrad
F	104	4	bossmaxrad
S	map_data	72	misc
F	0	8	offset
F	8	64	dash
S	bosscam_data	84	misc
F	0	4	flags
F	4	4	maxyaw
F	8	4	cosmaxyaw
F	12	4	mindist
F	16	4	minpdist
F	20	4	maxdist
F	24	4	maxpdist
F	28	4	minpitch
F	32	4	maxpitch
F	36	12	minattn
F	48	12	maxattn
F	60	12	keyattn
F	72	12	wizattn
S	PLAYERCONTROL	60	misc
F	0	4	inactive
F	4	4	levels
F	8	4	edges
F	12	4	repedges
F	16	4	specialdelay
F	20	4	special
F	24	4	lastspecial
F	28	4	joyang
F	32	4	joymag
F	36	4	fireang
F	40	4	firemag
F	44	4	scheme
F	48	4	rumble
F	52	4	autoaim
F	56	4	autoattack
S	iteminfodata	76	misc
F	0	4	subtype
F	4	2	coltype
F	6	2	colflags
F	8	4	radius
F	12	4	height
F	16	4	xdim
F	20	4	zdim
F	24	12	coloffset
F	36	16	desc
F	52	4	mbflags
F	56	4	properties
F	60	2	value
F	62	2	armor
F	64	2	hitpoints
F	66	2	activetype
F	68	2	activeoff
F	70	2	activeon
F	72	4	atreeheader
S	randominfo	36	misc
F	0	4	numentries
F	4	32	infoidx
S	__unnamed_3279	4	misc
F	0	4	keymask
F	0	4	value
S	atreelist	24	misc
F	0	2	natrees
F	2	2	version
F	4	4	atreeinfo
F	8	4	ntexmods
F	12	4	texmods
F	16	4	npsys
F	20	4	psys
S	atreeinfo	36	misc
F	0	32	name
F	32	4	offset
S	texmod	88	misc
F	0	2	atree
F	2	2	seqidx
F	4	32	name
F	36	32	sourcename
F	68	4	texidx
F	72	4	sourceidx
F	76	2	nframes
F	78	2	startframe
F	80	4	rate
F	84	4	frame
S	WORLDPSYS	312	misc
F	0	4	version
F	4	2	preset
F	6	1	id
F	7	1	dummy
F	8	4	flags
F	12	4	flag_enables
F	16	4	enables
F	20	4	maxp
F	24	4	maxdir
F	28	4	maxpos
F	32	8	e_lifefade
F	40	8	p_lifefade
F	48	4	reserved1
F	52	4	reserved2
F	56	4	e_angle
F	60	4	p_texcnt
F	64	32	p_texname
F	96	12	e_dir
F	108	12	e_vol
F	120	16	e_rate
F	136	4	e_rate_rand
F	140	4	p_gravity
F	144	4	p_drag
F	148	4	p_speed
F	152	16	p_rgba
F	168	16	p_width
F	184	4	e_delay
F	188	4	p_reserved1b
F	192	4	p_reserved1c
F	196	4	p_reserved1d
F	200	16	p_reserved2
F	216	16	p_reserved3
F	232	16	p_reserved4
F	248	16	p_reserved5
F	264	16	p_reserved6
F	280	16	p_reserved7
F	296	4	p_reserved8a
F	300	4	p_reserved8b
F	304	4	p_reserved8c
F	308	4	checksum
S	crit_vis	32	misc
F	0	4	min
F	4	4	max
F	8	4	ang
F	12	4	arc
F	16	4	dif_min
F	20	4	dif_max
F	24	4	maxrad
F	28	4	maxdy
S	QWORD	16	misc
F	0	16	u32
F	0	4	ul128
F	0	4	u128
F	0	16	d
F	0	16	ul64
F	0	16	u64
F	0	16	w
F	0	16	ui32
F	0	16	f32
F	0	16	u16
F	0	16	ui16
F	0	16	u8
F	0	16	ui8
S	ROMTEX	64	misc
F	0	1	Format
F	1	1	LodK
F	2	1	MipMaps
F	3	1	Width64
F	4	2	WidthLog2
F	6	2	HeightLog2
F	8	2	Flags
F	10	2	TexPalIndex
F	12	4	TexBase
F	16	2	TexPalCnt
F	18	2	TexShiftIdx
F	20	2	NumFrames
F	22	2	Width
F	24	2	Height
F	26	2	Size
F	28	4	TexDef
F	32	8	TEX0
F	40	8	MIPTBP1
F	48	8	MIPTBP2
F	56	4	vram_addr
F	60	4	clut_addr
S	TIMERFYB	16	misc
F	0	4	frame
F	4	4	count
F	8	4	current
F	12	4	last_frame
S	rotdata	16	misc
F	0	4	target
F	4	4	speed
F	8	4	delta
F	12	4	curang
S	MILESTONE	104	misc
F	0	104	objgrp
S	ROMOBJECT	64	misc
F	0	4	InvRad
F	4	4	BndRad
F	8	4	Flags
F	12	4	SubObjCnt
F	16	2	SubObj0_QWC
F	18	2	SubObj0_TexIdx
F	20	2	SubObj0_LMIdx
F	22	2	SubObj0_LodK
F	24	4	SubObjPtr
F	28	4	DataPtr
F	32	4	VertCount
F	36	4	TriCount
F	40	4	IDnum
F	44	4	ObjDef
F	48	16	Unused
S	SUBOBJECT	8	misc
F	0	2	QWC
F	2	2	TexIdx
F	4	2	LMIdx
F	6	2	LodK
S	triggerdata	20	misc
F	0	4	target
F	4	2	flags
F	6	1	id
F	7	1	nextid
F	8	4	next
F	12	4	rad
F	16	2	idletime
F	18	2	camid
S	fog_data	28	misc
F	0	1	type
F	1	3	color
F	4	4	intensity
F	8	4	density
F	12	4	min
F	16	4	max
F	20	4	nearw
F	24	4	farw
S	effect	240	misc
F	0	16	lightcolor
F	16	4	lightrad
F	20	4	node
F	24	72	atree
F	96	4	type
F	100	4	flags
F	104	4	endtime
F	108	4	maxtime
F	112	4	minendtime
F	116	4	morphtime
F	120	4	webtime
F	124	4	damagedelay
F	128	12	vel
F	140	12	pyrvel
F	152	4	colrad
F	156	4	mindp
F	160	4	weight
F	164	4	dragx
F	168	4	dragz
F	172	4	damage
F	176	4	hitscale
F	180	4	damagetype
F	184	4	damageradius
F	188	2	owner
F	190	2	fxhit
F	192	2	fxmorph
F	194	2	fxmorph2
F	196	2	hitcount
F	198	2	debugcount
F	200	4	fxfade
F	204	4	hit_audio
F	208	4	wall_sound
F	212	4	streak
F	216	4	streakfwdmul
F	220	4	streakscale
F	224	4	dmgdebug
F	228	4	targetnode
F	232	2	childfx
F	234	2	id
F	236	4	additem
S	polyinst	36	misc
F	0	2	nverts
F	2	2	hide
F	4	4	texidx
F	8	4	argb
F	12	2	zmod
F	14	2	dzmod
F	16	4	vertidx
F	20	4	verts
F	24	4	prev
F	28	4	next
F	32	4	header
S	atreeheader	56	misc
F	0	4	seq
F	4	4	animheader
F	8	4	oanimheader
F	12	4	nodeinfo
F	16	4	numnodes
F	20	4	numseqs
F	24	30	prefix
F	54	2	model
S	coltri	40	misc
F	0	2	miny
F	2	2	maxy
F	4	4	scale
F	8	12	norm
F	20	12	V1
F	32	2	v2x
F	34	2	v2z
F	36	2	v3x
F	38	2	v3z
S	GRIDROW	8	misc
F	0	2	first
F	2	2	last
F	4	4	offset
S	GRIDENTRY	4	misc
F	0	4	count_offset
S	__unnamed_3313	12	misc
F	0	8	container
F	0	12	trigger
F	0	12	enemyinfo
F	0	8	geninfo
F	0	8	exitinfo
F	0	8	transinfo
F	0	12	rotinfo
F	0	12	soundinfo
F	0	4	obsticleinfo
F	0	2	powerupinfo
F	0	4	trapinfo
S	iteminst	60	misc
F	0	2	index
F	2	1	minplayers
F	3	1	flags
F	4	2	ctriidx
F	6	2	nctris
F	8	16	desc
F	24	12	pos
F	36	12	pyr
F	48	12	params
S	locator	28	misc
F	0	1	type
F	1	1	delay
F	2	2	next
F	4	12	pos
F	16	12	pyr
S	powerupdata	20	misc
F	0	4	properties
F	4	4	value
F	8	4	duration
F	12	4	container
F	16	2	nograb
F	18	2	dummy
S	geninfo	8	misc
F	0	2	strength
F	2	2	ai
F	4	2	maxenemies
F	6	2	interval
S	crit_move	144	misc
F	0	4	type
F	4	4	flags
F	8	4	priority
F	12	2	seqidx
F	14	2	nodeidx
F	16	16	name
F	32	16	anim
F	48	16	colnode
F	64	4	actionframe
F	68	4	actionframe2
F	72	2	damageidx
F	74	2	damageidx2
F	76	4	delay
F	80	2	endframe
F	82	2	endframe2
F	84	2	nextidx
F	86	2	interrupt
F	88	2	movefx
F	90	2	fxframe
F	92	2	movefx2
F	94	2	fxframe2
F	96	32	vis
F	128	4	interval
F	132	4	speed
F	136	4	turn
F	140	4	holdtime
S	containerdata	20	misc
F	0	2	index
F	2	2	timer
F	4	4	yaw
F	8	4	attatch
F	12	4	contents
F	16	2	value
F	18	2	temp
S	gendata	20	misc
F	0	2	etype
F	2	1	numenemies
F	3	1	maxenemies
F	4	1	num_generated
F	5	1	tail
F	6	1	strength
F	7	1	ai
F	8	2	counter
F	10	1	flags
F	11	1	interval
F	12	4	genratio
F	16	4	ang
S	exitdata	8	misc
F	0	2	wave
F	2	2	__align0
F	4	4	onexit
S	transdata	12	misc
F	0	4	id
F	4	4	destid
F	8	4	dest
S	obsticledata	20	misc
F	0	2	subtype
F	2	2	strength
F	4	2	flash
F	6	2	timer
F	8	12	vel
S	trapdata	8	misc
F	0	4	damage
F	4	2	interval
S	AsynchBuf	16	misc
F	0	4	buf
F	4	4	state
F	8	4	loading
F	12	4	amt
S	PolyVert	32	misc
F	0	16	Pos
F	16	2	x
F	18	2	y
F	20	4	z
F	24	2	s
F	26	2	t
F	28	2	used
F	30	2	dummy
S	crit_colnode	80	misc
F	0	16	node
F	16	2	flags
F	18	2	destroyidx
F	20	2	nodeidx
F	22	2	zmod
F	24	4	maxdist
F	28	4	priority
F	32	12	offset
F	44	4	rad
F	48	16	flashnode
F	64	4	damagemul
F	68	4	maxdamage
F	72	4	dummy1
F	76	4	dummy2
S	polyheader	16	misc
F	0	4	polys
F	4	4	vertlist
F	8	4	maxverts
F	12	4	numverts
S	PSYS	304	misc
F	0	4	id
F	4	4	worldname
F	8	4	p_lst
F	12	4	init_dir_lst
F	16	4	init_pos_lst
F	20	4	dir_use_lst
F	24	4	pos_use_lst
F	28	2	dir_next
F	30	2	dir_last
F	32	2	pos_next
F	34	2	pos_last
F	36	4	next
F	40	4	node
F	44	2	flags
F	46	2	p_max
F	48	2	dir_max
F	50	2	pos_max
F	52	1	age_bits
F	53	1	dir_bits
F	54	1	pos_bits
F	55	1	e_phase
F	56	2	e_delay
F	58	2	e_life
F	60	2	e_fade
F	62	2	__align0
F	64	4	e_angle
F	68	12	e_dir
F	80	12	e_vol
F	92	4	texcnt
F	96	1	p_life
F	97	1	p_fade
F	98	2	__align1
F	112	4	p_oldest_ptr
F	116	4	p_newest_ptr
F	120	2	p_oldest_age
F	122	2	p_newest_age
F	124	4	p_save_cnt
F	128	2	p_nactive
F	130	2	e_isvis
F	132	4	p_speed
F	136	4	p_texidx
F	140	4	p_tex
F	144	4	e_last_time
F	148	4	e_age
F	152	4	p_gravity
F	156	4	p_drag
F	160	4	nearest_z
F	164	4	max_dist
F	168	4	max_width
F	172	4	vol_radius
F	176	12	pos_start
F	188	12	pos_far
F	200	4	distsq
F	204	4	e_rate_rand
F	208	16	e_rate
F	224	80	p_parms
S	WADentry	16	misc
F	0	4	tag
F	4	4	address
F	8	4	length
F	12	4	pad
S	TIMERDESCFYB	28	misc
F	0	16	name
F	16	4	level
F	20	4	color
F	24	4	precision
S	JoyButtonStatus	2	misc
F	0	1	flags
F	1	1	value
S	P_SAVE_ATTS	24	misc
F	0	4	exp
F	4	4	health
F	8	4	fight_add
F	12	4	armor_add
F	16	4	magic_add
F	20	4	speed_add
S	P_SAVE_STATS	28	misc
F	0	4	enemies_killed
F	4	4	generals_killed
F	8	4	golems_killed
F	12	4	bosses_killed
F	16	4	generators_destroyed
F	20	4	gold_found
F	24	4	total_playtime
S	P_SAVE_STUFF	596	misc
F	0	2	potions
F	2	2	keys
F	4	2	shards
F	6	2	runes
F	8	2	legend_items
F	10	2	npowerups
F	12	2	rune_attempt1
F	14	2	rune_attempt2
F	16	2	legend_attempt1
F	18	2	legend_attempt2
F	20	2	boss_attempt1
F	22	2	boss_attempt2
F	24	6	garg_items
F	30	16	crystals
F	46	2	__align0
F	48	4	gold
F	52	512	powerups
F	564	32	powerup_states
S	MISSILETREEINFO	8	misc
F	0	4	throwheader
F	4	4	throw_mbflags
S	EFFECTHEADER	12	misc
F	0	4	atree
F	4	4	zmod
F	8	4	alpha
S	LOOKOUT	108	misc
F	0	104	objgrp
F	104	2	next
F	106	2	param
S	TRANSMITTER	40	misc
F	0	1	attract
F	1	1	delay
F	2	2	active
F	4	16	pos
F	20	16	pyr
F	36	4	node
S	triggerinfo	12	misc
F	0	2	targetwobjidx
F	2	2	flags
F	4	1	rad
F	5	1	soundid
F	6	1	id
F	7	1	nextid
F	8	2	starty
F	10	2	endy
S	exitinfo	8	misc
F	0	4	next
F	4	4	desc
S	transinfo	8	misc
F	0	4	id
F	4	4	destid
S	rotinfo	12	misc
F	0	4	targetwobjidx
F	4	4	speed
F	8	4	delta
S	obsticle	4	misc
F	0	2	subtype
F	2	2	strength
S	powerup	2	misc
F	0	2	value
S	trapinfo	4	misc
F	0	2	damage
F	2	2	interval
S	WORLDHEADER	120	misc
F	0	4	nwobjs
F	4	4	wobjoffset
F	8	4	nctris
F	12	4	ctrioffset
F	16	4	ngridentries
F	20	4	gridentryoffset
F	24	4	ngridlistvals
F	28	4	gridlistoffset
F	32	4	gridrowoffset
F	36	12	worldmin
F	48	12	worldmax
F	60	4	gridsize
F	64	4	gridnumx
F	68	4	gridnumz
F	72	4	niteminfos
F	76	4	iteminfooffset
F	80	4	niteminsts
F	84	4	iteminstoffset
F	88	4	nlocators
F	92	4	locatoroffset
F	96	4	worldformat
F	100	4	animheaderoffset
F	104	4	nworldanims
F	108	4	worldanimoffset
F	112	4	nworldpsys
F	116	4	worldpsysoffset
S	crit_desc	48	misc
F	0	16	name
F	16	16	prefix
F	32	2	etype
F	34	2	model
F	36	2	loaded
F	38	2	didcount
F	40	4	atreelist
F	44	4	dummy1
S	__unnamed_3384	8	misc
F	0	4	lo
F	4	4	hi
S	crit_header	80	misc
F	0	4	initialized
F	4	12	wad
F	16	4	ncrittypes
F	20	4	crittypes
F	24	4	ncritdesc
F	28	4	critdesc
F	32	4	naddanim
F	36	4	addanim
F	40	4	nmoves
F	44	4	moves
F	48	4	npatterns
F	52	4	patterns
F	56	4	ncolnodes
F	60	4	colnodes
F	64	4	ndamage
F	68	4	damage
F	72	4	nsfx
F	76	4	sfx
S	crit_type	320	misc
F	0	16	suffix
F	16	16	rootnode
F	32	16	headnode
F	48	16	eyenode
F	64	16	noskinfxnode
F	80	2	descidx
F	82	2	subtype
F	84	1	level
F	85	1	ai
F	86	2	headidx
F	88	2	eyeidx
F	90	2	noskinfxidx
F	92	4	flags
F	96	4	maxheadyaw
F	100	4	maxeyeyaw
F	104	4	maxheadpitch
F	108	4	maxeyepitch
F	112	4	initheadpitch
F	116	4	initeyepitch
F	120	4	hht
F	124	4	rad
F	128	32	vis
F	160	12	movecenter
F	172	4	moverad
F	176	4	y_offset
F	180	4	y_attn
F	184	4	fight
F	188	4	armor
F	192	12	coll
F	204	4	maxyaw
F	208	12	keydest
F	220	4	coinarc
F	224	4	resist
F	228	4	health
F	232	4	base_exp
F	236	4	activedist
F	240	4	tgtdamage
F	244	2	hit1fxidx
F	246	2	hit2fxidx
F	248	2	meternpieces
F	250	2	meterwidth
F	252	2	meterbordl
F	254	2	meterbordr
F	256	12	meterdelta
F	268	4	dummy1
F	272	2	nmoves
F	274	2	moveidx
F	276	2	npatterns
F	278	2	patternidx
F	280	2	ncolnodes
F	282	2	colnodeidx
F	284	2	childtype
F	286	2	parenttype
F	288	4	desc
F	292	4	moves
F	296	4	patterns
F	300	4	colnodes
F	304	4	header
F	308	4	addanim
F	312	4	atreehdr
F	316	4	dummy2
S	crit_damage	80	misc
F	0	2	type
F	2	2	flags
F	4	4	dmgtype
F	8	4	hitrad
F	12	4	radius
F	16	4	minrad
F	20	4	angle
F	24	4	arc
F	28	4	pitch
F	32	12	offset
F	44	4	amount
F	48	4	speed_min
F	52	4	speed_max
F	56	4	weight
F	60	4	duration
F	64	2	fxidx
F	66	2	hitfxidx
F	68	2	loopfxidx
F	70	2	endfxidx
F	72	4	dyaw
F	76	4	dummy2
S	PSYSPRESETDEF	8	misc
F	0	4	id
F	4	4	name
S	__unnamed_3390	16	misc
F	0	4	received
F	4	4	received_time
F	8	4	dealt
F	12	4	dealt_time
S	crit_inst	2784	misc
F	0	2	index
F	2	2	id
F	4	4	type
F	8	4	state
F	12	104	objgrp
F	116	72	atree
F	188	4	addaniminst
F	192	4	root
F	196	4	shadow
F	200	4	headnode
F	204	4	eyenode
F	208	4	movenode
F	212	4	dmgdbgnode
F	216	4	coldbgnode
F	220	4	noskinfxnode
F	224	24	skinfx
F	248	4	inityaw
F	252	4	curyaw
F	256	4	headyaw
F	260	4	eyeyaw
F	264	4	headpitch
F	268	4	eyepitch
F	272	4	difficulty
F	276	4	invdifficulty
F	280	2	move
F	282	2	dmove
F	284	2	pattern
F	286	2	dpattern
F	288	2	patidx
F	290	2	didtrans
F	292	2	tgtpidx
F	294	2	dtgtpidx
F	296	2	grabpidx
F	298	2	ntargets
F	300	144	targets
F	444	64	playerDamage
F	508	16	tgtpos
F	524	2	didaction
F	526	2	didfx
F	528	4	seqblockidx
F	532	4	holdtime
F	536	256	movetime
F	792	128	patterntime
F	920	64	nodemat
F	984	64	initmat
F	1048	16	initpos
F	1064	16	prevpos
F	1080	16	floorpos
F	1096	4	hitwall
F	1100	2	meteridx
F	1102	1	nkids
F	1103	1	activekids
F	1104	72	geometer
F	1176	4	geometer_bar
F	1180	16	movecenter
F	1196	4	moverad
F	1200	4	health
F	1204	4	dmgtaken
F	1208	4	dmgtype
F	1212	16	dmgdir
F	1228	16	kbvel
F	1244	4	dmgtime
F	1248	8	fxhitidx
F	1256	16	fxhittime
F	1272	1472	colnodes
F	2744	2	hitnodeidx
F	2746	2	killfxidx
F	2748	2	flashwhite
F	2750	2	addambient
F	2752	4	freezetex
F	2756	2	freezetime
F	2758	2	blindtime
F	2760	4	maxfballtime
F	2764	4	gotitem
F	2768	4	visrad
F	2772	4	waypoint
F	2776	4	child
F	2780	4	parent
S	__unnamed_3395	4	misc
F	0	4	f
F	0	4	u
F	0	4	p
F	0	4	p8
S	PBGLOBAL_DEBUG	464	misc
F	0	4	on
F	4	4	log_enab
F	8	4	log_buf
F	12	4	log_ptr
F	16	4	log_end
F	20	4	log_wrap_cnt
F	24	4	logvu1_enab
F	28	4	logvu1_buf
F	32	4	logvu1_ptr
F	36	4	logvu1_end
F	40	4	logvu1_wrap_cnt
F	44	4	last_mcnt
F	48	4	static_start
F	52	4	static_end
F	56	4	diag_mode
F	60	4	diag_controls
F	64	4	frame_bits
F	68	4	node_cnt
F	72	4	inst_cnt
F	76	4	cmd
F	80	4	sel_node
F	84	4	sel_node_cnt
F	88	4	sel_model
F	92	4	sel_obj
F	96	4	sel_obj_mask
F	100	4	sel_inst_cnt
F	104	4	tstate
F	108	4	check_nodes
F	112	4	disable_node_types
F	116	4	skip_all_loadtex
F	120	4	skip_all_settex
F	124	4	f
F	128	64	m1
F	192	64	m2
F	256	64	pmm_result
F	320	64	pmm_result1
F	384	16	v1
F	400	16	v2
F	416	16	pvm_result
F	432	16	pvmp_result
F	448	16	pvmp_result_proj
S	PBWINDOW	960	misc
F	0	2	flags
F	2	1	cam_dirty
F	3	1	proj_dirty
F	4	4	pad
F	8	4	clip_width
F	12	4	clip_height
F	16	8	scissor
F	24	16	cam_pos
F	40	16	cam_look
F	56	16	cam_up
F	72	4	cam_pitch
F	76	4	cam_yaw
F	80	4	view_angle_horiz
F	84	4	aspect
F	88	4	near_z
F	92	4	far_z
F	96	4	hva_sin_x
F	100	4	hva_cos_x
F	104	4	hva_sin_y
F	108	4	hva_cos_y
F	112	4	left
F	116	4	right
F	120	4	top
F	124	4	bottom
F	128	64	projection
F	192	64	viewport
F	256	64	view_screen
F	320	64	clipport
F	384	64	view_clip
F	448	64	clip_screen
F	512	64	camera
F	576	64	icamera
F	640	64	world_npc
F	704	64	world_screen
F	768	64	world_clip
F	832	16	npc2clip
F	848	16	clip2npc
F	864	32	npc2screen
F	896	32	clip2screen
F	928	32	screen2clip
S	PBFRAMEBUF	512	misc
F	0	8	dma_tag
F	8	8	pad
F	16	16	gif_tag
F	32	16	c1_frame
F	48	16	c1_zbuf
F	64	16	c1_xyoffset
F	80	16	c1_scissor
F	96	16	c1_fba
F	112	16	c2_frame
F	128	16	c2_zbuf
F	144	16	c2_xyoffset
F	160	16	c2_scissor
F	176	16	c2_fba
F	192	16	prmodecont
F	208	16	colclamp
F	224	16	dthe
F	240	16	dimx
F	256	16	scanmsk
F	272	16	fogcol
F	288	16	pabe
F	304	16	texa
F	320	16	clr_test
F	336	16	clr_prim
F	352	16	clr_rgbaq
F	368	16	clr_xyz2a
F	384	16	clr_xyz2b
F	400	16	c1_test
F	416	16	c2_test
F	432	16	end_packet
F	448	16	o__pmode
F	464	8	o__smode2
F	472	8	o__bgcolor
F	480	8	o1_dispfb
F	488	8	o1_display
F	496	8	o2_dispfb
F	504	8	o2_display
S	FontMessage	44	misc
F	0	4	Flags
F	4	4	X
F	8	4	Y
F	12	4	Z
F	16	4	String
F	20	4	ScaleX
F	24	4	ScaleX_sp
F	28	4	ScaleY
F	32	4	ScaleY_sp
F	36	2	Font
F	38	2	AltTex
F	40	4	argb
S	s_audmode	9364	misc
F	0	16	name
F	16	4	numparts
F	20	9344	parts
S	s_audpart	292	misc
F	0	16	name
F	16	4	size
F	20	4	maxsounds
F	24	4	numbanks
F	28	256	bankidx
F	284	4	curbank
F	288	4	handle
S	DYNGRID	4	misc
F	0	2	enemyidx
F	2	2	itemidx
S	Font	16	misc
F	0	4	Height
F	4	4	Letters
F	8	4	NLetters
F	12	4	Flags
S	blitinfo	24	misc
F	0	4	desc
F	4	4	x
F	8	4	y
F	12	4	w
F	16	4	h
F	20	4	blit
S	_saved_file_info	16	misc
F	0	4	level
F	4	4	type
F	8	8	name
S	Attract	8	misc
F	0	4	mode
F	4	4	param
S	PBTEXENV_PACKET	88	misc
F	0	4	dma_tag
F	4	4	__align0
F	8	16	gif_tag
F	24	64	tex_env
S	HELPTAB	28	misc
F	0	4	reduce
F	4	4	pause
F	8	4	pri
F	12	4	freq
F	16	4	msg
F	20	4	idx
F	24	4	sound
S	OPTMENU_ENTRY	36	misc
F	0	4	desc
F	4	4	arg
F	8	4	dy
F	12	4	desc1
F	16	4	color
F	20	4	y
F	24	4	xend
F	28	4	set
F	32	4	sel
S	FontInfo	12	misc
F	0	4	Name
F	4	4	Height
F	8	4	Letters
S	FontLetter	16	misc
F	0	4	Letter
F	4	4	Width
F	8	4	X
F	12	4	Y
S	STRINGLIST	8	misc
F	0	4	num
F	4	4	first
S	STRINGMSG	20	misc
F	0	4	num
F	4	4	first
F	8	4	font
F	12	4	scale
F	16	4	sscale
S	STRINGFONT	20	misc
F	0	16	desc
F	16	4	fontid
S	TARGET	56	misc
F	0	4	state
F	4	4	obj
F	8	16	pos
F	24	4	scrnHX
F	28	4	scrnHY
F	32	4	scrnFX
F	36	4	scrnFY
F	40	4	adj_scrnHX
F	44	4	adj_scrnHY
F	48	4	adj_scrnFX
F	52	4	adj_scrnFY
S	window	424	misc
F	0	4	wwidth
F	4	4	wheight
F	8	4	hcenter
F	12	4	vcenter
F	16	4	invunitscale
F	20	4	width
F	24	4	height
F	28	4	hviewang
F	32	4	vviewang
F	36	4	hvam
F	40	4	vvam
F	44	4	rhvam
F	48	4	rvvam
F	52	4	hcos
F	56	4	vcos
F	60	4	left
F	64	4	right
F	68	4	top
F	72	4	bot
F	76	4	sleft
F	80	4	sright
F	84	4	stop
F	88	4	sbot
F	92	4	frontclip
F	96	4	backclip
F	100	64	worldcammat
F	164	64	invcammat
F	228	64	cammat
F	292	4	startobj
F	296	4	zmod
F	300	4	zmodfactor
F	304	4	grDepthBufferFunc
F	308	4	lightmultiplier
F	312	4	lodbias
F	316	4	widx
F	320	4	active
F	324	4	xscale
F	328	4	yscale
F	332	4	zscale
F	336	64	pmat
F	400	4	vp_xoffset
F	404	4	vp_yoffset
F	408	4	vp_zoffset
F	412	4	vp_xscale
F	416	4	vp_yscale
F	420	4	vp_zscale
S	_all_dir_info	132	misc
F	0	128	files
F	128	4	last_file
S	s_auddata	24	misc
F	0	4	nummodes
F	4	4	numbanks
F	8	4	numsounds
F	12	4	modes
F	16	4	banks
F	20	4	sounds
S	s_audbank	44	misc
F	0	16	fname
F	16	16	name
F	32	4	size
F	36	2	numsounds
F	38	2	index
F	40	2	bankidx
F	42	2	handle
S	CH_INFO	32	misc
F	0	4	index
F	4	4	lastidx
F	8	4	num
F	12	4	frame
F	16	4	vol
F	20	4	pan
F	24	4	pri
F	28	4	endframe
S	dcsloaddata	36	misc
F	0	4	pidx
F	4	4	bidx
F	8	4	attempt
F	12	24	dcsresp
S	temptrackdata	48	misc
F	0	4	idx
F	4	4	pri
F	8	4	vol
F	12	4	pos
F	16	4	pan
F	20	4	tid
F	24	24	dcsresp
S	PBSPRBUF	2048	misc
F	0	4	next
F	4	2044	buf
S	ITEMSPEW	16	misc
F	0	4	item
F	4	12	vel
S	MISSILEDESC	20	misc
F	0	4	throwdesc
F	4	11	throwlvl
F	15	1	__align0
F	16	4	mbflags
S	plyr_damage	88	misc
F	0	2	type
F	2	2	flags
F	4	4	dmgtype
F	8	4	hitrad
F	12	4	radius
F	16	4	minrad
F	20	4	delay
F	24	4	mintime
F	28	4	maxtime
F	32	4	angle
F	36	4	arc
F	40	4	pitch
F	44	12	offset
F	56	4	amount
F	60	4	speed_min
F	64	4	speed_max
F	68	4	weight
F	72	2	fxidx
F	74	2	hitfxidx
F	76	2	loopfxidx
F	78	2	next
F	80	2	startframe
F	82	2	endframe
F	84	2	helpidx
F	86	2	dummy
S	plyr_data	384	misc
F	0	2	numsfx
F	2	2	numdamage
F	4	4	sfx
F	8	4	damage
F	12	2	turboAclose
F	14	2	turboAlow
F	16	2	turboAstep
F	18	2	turboA360
F	20	2	turboAthrow
F	22	2	turboB
F	24	2	turboC1
F	26	2	turboC2
F	28	2	combo1
F	30	2	combo2
F	32	2	combohit
F	34	2	victory
F	36	4	initflag
F	40	4	fight_min
F	44	4	fight_max
F	48	4	speed_min
F	52	4	speed_max
F	56	4	armor_min
F	60	4	armor_max
F	64	4	magic_min
F	68	4	magic_max
F	72	4	height
F	76	4	width
F	80	4	attny
F	84	4	coly
F	88	4	powerup_time
F	92	12	weapon_offset
F	104	120	weapon_fx_offset
F	224	120	weapon_fx_scale
F	344	12	turboa_offset
F	356	12	familiar_offset
F	368	12	fam_proj_offset
F	380	4	streakfwdmul
S	plyr_sfx	80	misc
F	0	4	flags
F	4	4	nextfxidx
F	8	4	sfxidx
F	12	4	sndidx
F	16	16	fxdesc
F	32	16	snddesc
F	48	2	zmod
F	50	2	alphamod
F	52	12	offset
F	64	4	maxlen
F	68	4	radius
F	72	4	scale
F	76	4	color
S	SPMOVE	8	misc
F	0	4	stage
F	4	4	frames
S	_sif_serve_data	68	misc
F	0	4	command
F	8	4	buff
F	12	4	size
F	20	4	cbuff
F	24	4	csize
F	28	4	client
F	32	4	paddr
F	36	4	fno
F	40	4	receive
F	44	4	rsize
F	48	4	rmode
F	52	4	rid
F	56	4	link
F	60	4	next
F	64	4	base
S	_sif_queue_data	24	misc
F	0	4	key
F	4	4	active
F	8	4	link
F	12	4	start
F	16	4	end
F	20	4	next
S	__unnamed_3439	12	misc
F	0	4	mask
F	4	4	min
F	8	4	max
S	SPECIAL	200	misc
F	0	4	type
F	4	4	joyonly
F	8	192	data
S	VibratorInfo	8	misc
F	0	4	on
F	4	4	time
S	_sif_rpc_data	16	misc
F	0	4	paddr
F	4	4	pid
F	8	4	tid
F	12	4	mode
S	_sif_receive_data	28	misc
F	0	16	rpcd
F	16	4	src
F	20	4	dest
F	24	4	size
S	PBVUBRKMSK	24	misc
F	0	4	count
F	4	4	count_d32
F	8	4	brkmsk
F	12	4	trcmsk
F	16	4	brkmsk_def
F	20	4	trcmsk_def
S	PBVUBRKINFO	16	misc
F	0	4	num
F	4	4	name
F	8	4	flags
F	12	4	src_line
S	PBDMARECORD	16	misc
F	0	2	mode
F	2	2	qwc
F	4	4	addr
F	8	4	result
F	12	4	next
S	PBFRAMEINFO	144	misc
F	0	4	current_display_buf
F	4	1	alpha
F	5	3	__align0
F	8	4	interlace
F	12	4	every_line
F	16	4	buf
F	20	4	buf_u
F	24	60	out1
F	84	60	out2
S	PBFRAMEOUTDB	60	misc
F	0	4	on
F	4	4	fbp_buf0
F	8	4	fbp_buf1
F	12	4	fbw
F	16	4	psm
F	20	4	dbx
F	24	4	dby
F	28	4	dx
F	32	4	dy
F	36	4	magh
F	40	4	magv
F	44	4	dw
F	48	4	dh
F	52	4	pixel_width_ref
F	56	4	line_height_ref
S	PBVUFUNCDATA	8	misc
F	0	4	name
F	4	4	info
S	PBVUFDINFO	12	misc
F	0	4	text
F	4	4	expr
F	8	4	flags
S	PBVULINE	4	misc
F	0	2	src_line
F	2	2	imem_addr
S	PBFRAMEBUF_U	512	misc
F	0	8	dma_tag
F	8	8	pad
F	16	16	gif_tag
F	32	16	c1_frame
F	48	16	c1_zbuf
F	64	16	c1_xyoffset
F	80	16	c1_scissor
F	96	16	c1_fba
F	112	16	c2_frame
F	128	16	c2_zbuf
F	144	16	c2_xyoffset
F	160	16	c2_scissor
F	176	16	c2_fba
F	192	16	prmodecont
F	208	16	colclamp
F	224	16	dthe
F	240	16	dimx
F	256	16	scanmsk
F	272	16	fogcol
F	288	16	pabe
F	304	16	texa
F	320	16	clr_test
F	336	16	clr_prim
F	352	16	clr_rgbaq
F	368	16	clr_xyz2a
F	384	16	clr_xyz2b
F	400	16	c1_test
F	416	16	c2_test
F	432	16	end_packet
F	448	16	o__pmode
F	464	8	o__smode2
F	472	8	o__bgcolor
F	480	8	o1_dispfb
F	488	8	o1_display
F	496	8	o2_dispfb
F	504	8	o2_display
S	PBGSXYOFFSET	16	misc
F	0	16	w
F	0	16	d
F	0	8	b
S	PBGSBGCOLOR	8	misc
F	0	8	w
F	0	8	d
F	0	8	b
S	PBGSDISPFB1	8	misc
F	0	8	w
F	0	8	d
F	0	8	b
S	PBVUFUNCLOC	12	misc
F	0	4	name
F	4	4	start
F	8	4	end
S	PBVUREGINFO	16	misc
F	0	4	num
F	4	4	name
F	8	4	start
F	12	4	end
S	PBVUMEMINFO	12	misc
F	0	4	addr
F	4	4	name
F	8	4	flags
S	PBDMACHAN	24	misc
F	0	4	head
F	4	4	tail
F	8	4	cnt
F	12	4	max
F	16	4	regs
F	20	4	unit
S	PBDMATRACK	16	misc
F	0	2	ctrl
F	2	2	chan
F	4	2	qwc
F	6	2	len
F	8	4	addr
F	12	4	data
S	Sample	76	misc
F	0	16	memSPU
F	16	16	memEE
F	32	4	pitchBase
F	36	4	size
F	40	32	Coefficients
F	72	2	Pred_Scale
S	_list	4	misc
F	0	4	head
S	ADS	316	misc
F	0	4	mode
F	4	4	file
F	8	4	bufRaw
F	12	4	bufSpu
F	16	4	sizeRaw
F	20	4	sizeSpu
F	24	4	addrSpu
F	28	4	eofRaw
F	32	4	nFile
F	36	4	outRaw
F	40	4	nRaw
F	44	4	nSpu
F	48	4	spuHalf
F	52	8	voice
F	60	4	volume
F	64	4	sigVolume
F	68	4	sigStart
F	72	4	sigStop
F	76	4	sigSplice
F	80	4	status
F	84	32	hd
F	116	8	bd
F	124	192	ADPCMInfo
S	FileBuf	131136	misc
F	0	4	fd
F	4	4	iFile
F	8	4	zFile
F	12	4	nFile
F	16	4	sizeBuf
F	20	4	nBuf
F	24	4	posBuf
F	28	4	async
F	32	32	unused_align_pad
F	64	131072	hBuf
S	AdsHeader	32	misc
F	0	4	id
F	4	4	size
F	8	4	format
F	12	4	rate
F	16	4	channels
F	20	4	sizeBlock
F	24	4	loopStart
F	28	4	loopEnd
S	AdsBody	8	misc
F	0	4	id
F	4	4	size
S	Bank	8	misc
F	0	4	i
F	4	4	n
S	GRID_DYN	2	misc
F	0	2	entry
S	DYNOBJ	68	misc
F	0	64	mat
F	64	2	wobjidx
F	66	2	visited
S	GRID_DYN_ENTRY	4	misc
F	0	2	dynobj_idx
F	2	2	next
S	PBPOSLIGHTVU	32	misc
F	0	16	pos
F	16	16	color
S	PBENV_PACKET	160	misc
F	0	16	giftag
F	16	8	gs_test
F	24	4	gs_test1addr
F	28	4	__align0
F	32	64	gs_alpha
F	96	64	gs_tex
S	PB_LIGHTMOD	8	misc
F	0	4	scale
F	4	4	ambient_add
S	PBAMBLIGHT	16	misc
F	0	16	color
S	PBPOSLIGHT	80	misc
F	0	16	color
F	16	16	pos
F	32	4	radius
F	36	4	atten
F	40	4	next
F	44	4	id
F	48	16	vu_pos
F	64	16	vu_color
S	MENU_OPTIONS	48	misc
F	0	4	desc
F	4	4	noptions
F	8	32	options
F	44	4	var
S	_inv_pieces	36	misc
F	0	4	name
F	4	4	xp
F	8	4	yp
F	12	4	maxdigits
F	16	4	scale
F	20	4	dx
F	24	4	dy
F	28	4	wd
F	32	4	ht
S	_mini_inv_state	40	misc
F	0	4	selection
F	4	4	state
F	8	4	transition_counter
F	12	8	center_x
F	20	8	center_y
F	28	8	depth_z
F	36	4	label_string
S	GOT_IT	28	misc
F	0	4	mode
F	4	4	who
F	8	4	what
F	12	4	value
F	16	4	timer
F	20	4	bkpic
F	24	4	pic
S	mini_inv_item	12	misc
F	0	4	type
F	4	4	specialflags
F	8	4	name
S	tPUPDesc	20	misc
F	0	3	cLevel
F	3	1	__align0
F	4	4	iType
F	8	4	fPX
F	12	4	fPY
F	16	4	fPZ
S	_blit_setup	20	misc
F	0	4	texidx
F	4	4	name
F	8	4	xp
F	12	4	yp
F	16	4	zp
S	tPUPType	8	misc
F	0	4	pNameString
F	4	4	iFlags
S	WORLDSELTAB	36	misc
F	0	4	scene
F	4	1	keydesc
F	5	3	__align0
F	8	4	yaw
F	12	4	diffmsg
F	16	4	allrunes
F	20	4	numrunes
F	24	4	keymask
F	28	4	runemask
F	32	4	beatflag
S	_CHR_SELECT_BLITS	12	misc
F	0	4	blit
F	4	4	state
F	8	4	timer
S	EFFECTINFO	40	misc
F	0	32	desc
F	32	4	zmod
F	36	4	alpha
S	shop_item	80	misc
F	0	32	blit
F	32	32	desc
F	64	4	scale
F	68	4	type
F	72	4	price
F	76	4	amount
S	player_shop_state	768	misc
F	0	256	item_availability_flags
F	256	256	item_sale_value
F	512	256	item_to_player_map
S	SHOP_MISC	16	misc
F	0	4	blit
F	4	4	xoff
F	8	4	yoff
F	12	4	zoff
S	MENU	12	misc
F	0	8	desc
S	_libhead	20	misc
F	0	4	next
F	4	4	client
F	8	2	version
F	10	2	flags
F	12	8	name
S	_libcaller	20	misc
F	0	4	magic
F	4	4	client
F	8	2	version
F	10	2	flags
F	12	8	name
S	EventFlagParam	12	misc
F	0	4	attr
F	4	4	option
F	8	4	initPattern
S	EventFlagInfo	28	misc
F	0	4	attr
F	4	4	option
F	8	4	initPattern
F	12	4	currentPattern
F	16	4	numWaitThreads
F	20	4	reserved1
F	24	4	reserved2
S	MbxParam	8	misc
F	0	4	attr
F	4	4	option
S	MbxInfo	28	misc
F	0	4	attr
F	4	4	option
F	8	4	numWaitThreads
F	12	4	numMessage
F	16	4	topPacket
F	20	4	reserved1
F	24	4	reserved2
S	VplParam	12	misc
F	0	4	attr
F	4	4	option
F	8	4	size
S	VplInfo	32	misc
F	0	4	attr
F	4	4	option
F	8	4	size
F	12	4	freeSize
F	16	4	numWaitThreads
F	20	4	reserved1
F	24	4	reserved2
F	28	4	reserved3
S	FplParam	16	misc
F	0	4	attr
F	4	4	option
F	8	4	blockSize
F	12	4	numBlocks
S	FplInfo	40	misc
F	0	4	attr
F	4	4	option
F	8	4	blockSize
F	12	4	numBlocks
F	16	4	freeBlocks
F	20	4	numWaitThreads
F	24	4	reserved1
F	28	4	reserved2
F	32	4	reserved3
F	36	4	reserved4
S	SysClock	8	misc
F	0	4	low
F	4	4	hi
S	__unnamed_3531	8	misc
F	0	4	was
F	4	4	need
S	__unnamed_3532	8	misc
F	0	4	method
F	0	8	check
F	0	4	marker
S	internal_state	24	misc
F	0	4	mode
F	4	8	sub
F	12	4	nowrap
F	16	4	wbits
F	20	4	blocks
S	__unnamed_3534	20	misc
F	0	4	table
F	4	4	index
F	8	4	blens
F	12	4	bb
F	16	4	tb
S	__unnamed_3535	12	misc
F	0	4	tl
F	4	4	td
F	8	4	codes
S	__unnamed_3536	20	misc
F	0	4	left
F	0	20	trees
F	0	12	decode
S	inflate_blocks_state	60	misc
F	0	4	mode
F	4	20	sub
F	24	4	last
F	28	4	bitk
F	32	4	bitb
F	36	4	window
F	40	4	end
F	44	4	read
F	48	4	write
F	56	4	check
S	__unnamed_3538	8	misc
F	0	4	tree
F	4	4	need
S	__unnamed_3539	8	misc
F	0	4	get
F	4	4	dist
S	__unnamed_3540	8	misc
F	0	8	code
F	0	4	lit
F	0	8	copy
S	inflate_codes_state	28	misc
F	0	4	mode
F	4	4	len
F	8	8	sub
F	16	1	lbits
F	17	1	dbits
F	18	2	__align0
F	20	4	ltree
F	24	4	dtree
S	BLIT_DRAWREGS	96	misc
F	0	16	gif_tag
F	16	8	tex1
F	24	8	tex1_r
F	32	8	alpha
F	40	8	alpha_r
F	48	8	test
F	56	8	test_r
F	64	8	frame
F	72	8	frame_r
F	80	8	zbuf
F	88	8	zbuf_r
S	PBDMENUENTRY	52	misc
F	0	4	text
F	4	4	val
F	8	4	ival
F	12	4	min
F	16	4	max
F	20	4	fvalp
F	24	4	ivalp
F	28	4	valstr
F	36	4	color
F	40	4	vtype
F	44	4	dtype
F	48	4	utype
S	PBVALSTR	8	misc
F	0	4	text
F	4	4	val
S	ViewObject	76	misc
F	0	64	mat
F	64	4	distsq
F	68	4	node
F	72	4	clipmask
S	PSYSLIST	8	misc
F	0	4	cnt
F	4	4	list
S	PSYSMEMPOOL	36	misc
F	0	4	world_bytes
F	4	4	pool_bytes
F	8	4	free_bytes
F	12	4	free_cnt
F	16	4	alloc_cnt
F	20	4	addr
F	24	4	frst
F	28	4	last
F	32	4	next
S	PSYSMEMBLOCK	16	misc
F	0	4	bytes
F	4	4	next
F	8	4	prev
F	12	4	id
S	PSYSPARM	16	misc
F	0	16	i
F	0	16	o
F	0	16	k
S	PSYSIPARM	16	misc
F	0	4	life_start
F	4	4	life_end
F	8	4	fade_start
F	12	4	fade_end
S	PSYSOPARM	16	misc
F	0	4	life_start
F	4	4	life_slope
F	8	4	fade_start
F	12	4	fade_slope
S	PSYSKPARM	16	misc
F	0	4	life_value
F	4	4	life_anim
F	8	4	fade_value
F	12	4	fade_anim
S	PSYSPPARM	16	misc
F	0	4	value
F	4	4	start
F	8	4	slope
F	12	4	next
S	PSPARMSCALE	16	misc
F	0	4	scale
F	4	4	min
F	8	4	max
F	12	4	deflt
S	PSMEMDB	20	misc
F	0	4	logp
F	4	4	lstp
F	8	4	log
F	12	4	lst
F	16	4	logcnt
S	PSYSSTAT	40	misc
F	0	4	id
F	4	4	psys
F	8	4	plst
F	12	4	last_time
F	16	2	p_max
F	18	2	dir_max
F	20	2	pos_max
F	22	2	p____cnt
F	24	2	live_cnt
F	26	2	draw_cnt
F	28	2	new__cnt
F	30	2	kill_cnt
F	32	2	oldest
F	34	2	newest
F	36	2	nwfade
S	PSMEMLOG	56	misc
F	0	4	lognum_
F	4	4	event__
F	8	4	prev2__
F	12	4	prev___
F	16	4	new____
F	20	4	next___
F	24	4	next2__
F	28	4	alloc_c
F	32	4	free__c
F	36	4	free_sz
F	40	4	mp_frst
F	44	4	mp_next
F	48	4	mp_last
F	52	4	snapshot
S	PSMEMLST	32	misc
F	0	4	current
F	4	4	lognum_
F	8	4	type___
F	12	4	psys_id
F	16	4	bytes__
F	20	4	error__
F	24	4	next___
F	28	4	prev___
S	sVertInfo	36	misc
F	0	4	Color
F	4	16	UV
F	20	12	Pt3d
F	32	1	Cull
F	33	1	IsAFrontFace
S	_winfo	16	misc
F	0	4	file_size
F	4	4	seek_offset
F	8	4	hash_id
F	12	4	csize
S	OBJECTINFO	248	misc
F	0	16	lmap
F	16	64	prim
F	80	32	tex
F	112	20	obj
F	132	4	__align0
F	136	40	regs
F	176	8	reg_nums
F	184	4	nregs
F	188	4	send_prim
F	192	4	o_zmod
F	196	4	o_texidx
F	200	4	o_lodk
F	204	4	o_lm_m_idx
F	208	4	o_zatr_flags
F	212	4	o_clamp
F	216	4	o_clamp_ptr
F	220	4	o_ambient_add
F	224	4	o_chrome_mtx
F	228	4	o_alt_tex
F	232	4	o_texshift
F	236	4	o_texsh_tex
F	240	4	o_texsh_obj
S	LMPINFO	16	misc
F	0	4	lm_test
F	4	4	lm_alpha
F	8	8	lm_tex0
S	PRMINFO	64	misc
F	0	4	node_red
F	4	4	node_green
F	8	4	node_blue
F	12	4	node_alpha
F	16	4	tx_shift_muls
F	20	4	tx_shift_mult
F	24	4	tx_shift_adds
F	28	4	tx_shift_addt
F	32	8	alpha
F	40	4	zmod
F	44	4	pad
F	48	4	test
F	52	4	prim
F	56	4	ambient_add
F	60	4	intensity
S	TEXINFO	32	misc
F	0	8	tex1
F	8	4	nregs
F	12	4	pad
F	16	8	tex0
F	24	4	jump0
F	28	4	jump1
S	OBJINFO	20	misc
F	0	4	nlights
F	4	4	light_ptr
F	8	4	ctrl
F	12	4	dbmode
F	16	4	node
S	LMPINFOw	16	misc
F	0	4	lm_test
F	4	4	lm_alpha
F	8	4	lm_tex0_lo
F	12	4	lm_tex0_hi
S	PRMINFOw	64	misc
F	0	4	node_red
F	4	4	node_green
F	8	4	node_blue
F	12	4	node_alpha
F	16	4	tx_shift_muls
F	20	4	tx_shift_mult
F	24	4	tx_shift_adds
F	28	4	tx_shift_addt
F	32	4	alpha_lo
F	36	4	alpha_hi
F	40	4	zmod
F	44	4	pad
F	48	4	test
F	52	4	prim
F	56	4	ambient_add
F	60	4	intensity
S	TEXINFOw	32	misc
F	0	4	tex1_lo
F	4	4	tex1_hi
F	8	4	nregs
F	12	4	pad
F	16	4	tex0_lo
F	20	4	tex0_hi
F	24	4	jump0
F	28	4	jump1
S	OBJINFOw	20	misc
F	0	4	nlights
F	4	4	light_ptr
F	8	4	ctrl
F	12	4	dbmode
F	16	4	node
S	PBSIMPLEVERT	36	misc
F	0	4	x
F	4	4	y
F	8	4	z
F	12	4	u
F	16	4	v
F	20	4	nx
F	24	4	ny
F	28	4	nz
F	32	4	rgba
S	VoTag	234048	misc
F	0	4	status
F	4	60	dummy
F	64	233984	v
S	VoData	1228800	misc
F	0	1228800	v
S	ViBuf	92	misc
F	0	4	data
F	4	4	tag
F	8	4	n
F	12	4	dmaStart
F	16	4	dmaN
F	20	4	readBytes
F	24	4	buffSize
F	28	36	env
F	64	4	sema
F	68	4	isActive
F	72	4	totalBytes
F	76	4	ts
F	80	4	n_ts
F	84	4	count_ts
F	88	4	wt_ts
S	ReadBuf	327692	misc
F	0	327680	data
F	327680	4	put
F	327684	4	count
F	327688	4	size
S	_voice	20	misc
F	0	2	vol
F	2	2	pan
F	4	2	duck
F	6	2	unused
F	8	4	pri
F	12	4	NextChainIndex
F	16	4	sample
S	VIDEOFRAME	24	misc
F	0	4	pTexture
F	4	4	__align0
F	8	8	rtTimestamp
F	16	4	pBits
S	containerinfo	8	misc
F	0	4	index
F	4	2	value
S	crit_colnode_inst	92	misc
F	0	4	colnode
F	4	4	mbnode
F	8	4	flashnode
F	12	64	worldmat
F	76	4	dmgdbgnode
F	80	4	flashwhite
F	84	4	maxdamage
F	88	4	damage
S	tD_CHCR	4	misc
F	0	4	DIR
F	0	4	p0
F	0	4	MOD
F	0	4	ASP
F	0	4	TTE
F	0	4	TIE
F	0	4	STR
F	0	4	p1
F	0	4	TAG
S	crit_pattern	80	misc
F	0	16	name
F	16	2	flags
F	18	2	priority
F	20	4	interval
F	24	4	dummy1
F	28	4	dummy2
F	32	16	moveidx
F	48	32	vis
S	_sceDmaTag	16	misc
F	0	2	qwc
F	2	1	mark
F	3	1	id
F	4	4	next
F	8	8	p
S	PBGSSMODE2	8	misc
F	0	8	w
F	0	8	d
F	0	8	b
S	PBGSFRAME	16	misc
F	0	16	w
F	0	16	d
F	0	8	b
S	PBGSSCISSOR	16	misc
F	0	16	w
F	0	16	d
F	0	8	b
S	PBGSDISPFB2	8	misc
F	0	8	w
F	0	8	d
F	0	8	b
S	PBGSDISPLAY1	8	misc
F	0	8	w
F	0	8	d
F	0	8	b
S	PBGSPMODE	8	misc
F	0	8	w
F	0	8	d
F	0	8	b
S	PBGSZBUF	16	misc
F	0	16	w
F	0	16	d
F	0	8	b
S	PBGSDISPLAY2	8	misc
F	0	8	w
F	0	8	d
F	0	8	b
S	_DSEFFECTIMAGELOC	8	audio
F	0	4	dwI3DL2ReverbIndex
F	4	4	dwCrosstalkIndex
S	_DSFX_FLANGE_MONO_STATE	32	audio
F	0	4	dwScratchOffset
F	4	4	dwScratchLength
F	8	4	dwYMemoryOffset
F	12	4	dwYMemoryLength
F	16	4	dwFlags
F	20	8	dwInMixbinPtrs
F	28	4	dwOutMixbinPtrs
S	_DSFX_ECHO_STEREO_STATE	36	audio
F	0	4	dwScratchOffset
F	4	4	dwScratchLength
F	8	4	dwYMemoryOffset
F	12	4	dwYMemoryLength
F	16	4	dwFlags
F	20	8	dwInMixbinPtrs
F	28	8	dwOutMixbinPtrs
S	HRTFLISTENER	112	audio
F	0	12	vNormOrient
F	12	100	aSpeakers
S	_DSFX_ECHO_STEREO_PARAMS	40	audio
F	0	36	State
F	36	4	dwGain
S	_DSFX_SPLITTER_PARAMS	92	audio
F	0	56	State
F	56	4	dwNumOutputs
F	60	32	dwGains
S	_DS3DBUFFER	76	audio
F	0	4	dwSize
F	4	12	vPosition
F	16	12	vVelocity
F	28	4	dwInsideConeAngle
F	32	4	dwOutsideConeAngle
F	36	12	vConeOrientation
F	48	4	lConeOutsideVolume
F	52	4	flMinDistance
F	56	4	flMaxDistance
F	60	4	dwMode
F	64	4	flDistanceFactor
F	68	4	flRolloffFactor
F	72	4	flDopplerFactor
S	_DSFX_FLANGE_MONO_PARAMS	40	audio
F	0	32	State
F	32	4	dwFeedback
F	36	4	dwModScale
S	_DSFX_OSCILLATOR_PARAMS	56	audio
F	0	36	State
F	36	4	dwNumOutputs
F	40	16	adwFrequency
S	_DSFX_MINIREVERB_STATE	72	audio
F	0	4	dwScratchOffset
F	4	4	dwScratchLength
F	8	4	dwYMemoryOffset
F	12	4	dwYMemoryLength
F	16	4	dwFlags
F	20	4	dwInMixbinPtrs
F	24	48	dwOutMixbinPtrs
S	AIFFSOUNDHDR	8	audio
F	0	4	dwOffset
F	4	4	dwBlockSize
S	_DSFX_AMPMOD_STEREO_PARAMS	40	audio
F	0	40	State
S	IDirectSoundStreamVtbl	28	audio
S	HRTFVOICE	168	audio
F	0	4	dwChangeMask
F	4	4	dwMixBinValidMask
F	8	4	dwMixBinChangeMask
F	12	4	lDistanceVolume
F	16	4	lConeVolume
F	20	4	lFrontVolume
F	24	4	lRearVolume
F	28	4	lDopplerPitch
F	32	8	FilterPair
F	40	128	alMixBinVolumes
S	_DSFX_FLANGE_STEREO_STATE	40	audio
F	0	4	dwScratchOffset
F	4	4	dwScratchLength
F	8	4	dwYMemoryOffset
F	12	4	dwYMemoryLength
F	16	4	dwFlags
F	20	12	dwInMixbinPtrs
F	32	8	dwOutMixbinPtrs
S	_DSFX_I3DL2REVERB_STATE	168	audio
F	0	4	dwScratchOffset
F	4	4	dwScratchLength
F	8	4	dwYMemoryOffset
F	12	4	dwYMemoryLength
F	16	4	dwFlags
F	20	8	dwInMixbinPtrs
F	28	140	dwOutMixbinPtrs
S	_DSFX_FLANGE_STEREO_PARAMS	48	audio
F	0	40	State
F	40	4	dwFeedback
F	44	4	dwModScale
S	_DSI3DL2BUFFER	36	audio
F	0	4	lDirect
F	4	4	lDirectHF
F	8	4	lRoom
F	12	4	lRoomHF
F	16	4	flRoomRolloffFactor
F	20	8	Obstruction
F	28	8	Occlusion
S	_DSFX_IIR2_PARAMS	48	audio
F	0	28	State
F	28	4	dwFilterB0
F	32	4	dwFilterB1
F	36	4	dwFilterB2
F	40	4	dwFilterA1
F	44	4	dwFilterA2
S	_DSLFODESC	24	audio
F	0	4	dwLFO
F	4	4	dwDelay
F	8	4	dwDelta
F	12	4	lPitchModulation
F	16	4	lFilterCutOffRange
F	20	4	lAmplitudeModulation
S	_DSFX_DISTORTION_PARAMS	72	audio
F	0	28	State
F	28	4	dwGain
F	32	4	dwPreFilterB0
F	36	4	dwPreFilterB1
F	40	4	dwPreFilterB2
F	44	4	dwPreFilterA1
F	48	4	dwPreFilterA2
F	52	4	dwPostFilterB0
F	56	4	dwPostFilterB1
F	60	4	dwPostFilterB2
F	64	4	dwPostFilterA1
F	68	4	dwPostFilterA2
S	_DSFX_SAMPLE_RATE_CONVERTER_PARAMS	52	audio
F	0	28	State
F	28	4	dwConversionRatio
F	32	16	dwReserved
F	48	4	dwScratchSampleOffset
S	_DSI3DL2OBSTRUCTION	8	audio
F	0	4	lHFLevel
F	4	4	flLFRatio
S	_DSFX_OSCILLATOR_STATE	36	audio
F	0	4	dwScratchOffset
F	4	4	dwScratchLength
F	8	4	dwYMemoryOffset
F	12	4	dwYMemoryLength
F	16	4	dwFlags
F	20	16	dwOutMixbinPtrs
S	_DSFX_AMPMOD_STEREO_STATE	40	audio
F	0	4	dwScratchOffset
F	4	4	dwScratchLength
F	8	4	dwYMemoryOffset
F	12	4	dwYMemoryLength
F	16	4	dwFlags
F	20	12	dwInMixbinPtrs
F	32	8	dwOutMixbinPtrs
S	_DSI3DL2OCCLUSION	8	audio
F	0	4	lHFLevel
F	4	4	flLFRatio
S	_DSFX_I3DL2REVERB_PARAMS	544	audio
F	0	168	State
F	168	112	DelayLines
F	280	20	dwReflectionsInputDelay
F	300	4	dwShortReverbInputDelay
F	304	32	dwLongReverbInputDelay
F	336	16	dwReflectionsFeedbackDelay
F	352	4	dwLongReverbFeedbackDelay
F	356	32	dwShortReverbInputGain
F	388	4	dwLongReverbInputGain
F	392	4	dwLongReverbCrossfeedGain
F	396	16	dwReflectionsOutputGain
F	412	4	dwShortReverbOutputGain
F	416	4	dwLongReverbOutputGain
F	420	4	dwChannelCount
F	424	120	IIR
S	_DSFX_ECHO_MONO_STATE	28	audio
F	0	4	dwScratchOffset
F	4	4	dwScratchLength
F	8	4	dwYMemoryOffset
F	12	4	dwYMemoryLength
F	16	4	dwFlags
F	20	4	dwInMixbinPtrs
F	24	4	dwOutMixbinPtrs
S	_DSFX_RMS_STATE	44	audio
F	0	4	dwScratchOffset
F	4	4	dwScratchLength
F	8	4	dwYMemoryOffset
F	12	4	dwYMemoryLength
F	16	4	dwFlags
F	20	24	dwInMixbinPtrs
S	_DSFX_SPLITTER_STATE	56	audio
F	0	4	dwScratchOffset
F	4	4	dwScratchLength
F	8	4	dwYMemoryOffset
F	12	4	dwYMemoryLength
F	16	4	dwFlags
F	20	4	dwInMixbinPtrs
F	24	32	dwOutMixbinPtrs
S	_DSMIXBINVOLUMEPAIR	8	audio
F	0	4	dwMixBin
F	4	4	lVolume
S	_DSFX_CHORUS_STEREO_PARAMS	48	audio
F	0	40	State
F	40	4	dwGain
F	44	4	dwModScale
S	_DSEFFECTIMAGEDESC	40	audio
F	0	4	dwEffectCount
F	4	4	dwTotalScratchSize
F	8	32	aEffectMaps
S	_DSFX_AMPMOD_MONO_STATE	32	audio
F	0	4	dwScratchOffset
F	4	4	dwScratchLength
F	8	4	dwYMemoryOffset
F	12	4	dwYMemoryLength
F	16	4	dwFlags
F	20	8	dwInMixbinPtrs
F	28	4	dwOutMixbinPtrs
S	_DSFX_CHORUS_STEREO_STATE	40	audio
F	0	4	dwScratchOffset
F	4	4	dwScratchLength
F	8	4	dwYMemoryOffset
F	12	4	dwYMemoryLength
F	16	4	dwFlags
F	20	12	dwInMixbinPtrs
F	32	8	dwOutMixbinPtrs
S	_DSMIXBINS	8	audio
F	0	4	dwMixBinCount
F	4	4	lpMixBinVolumePairs
S	_DSSTREAMDESC	24	audio
F	0	4	dwFlags
F	4	4	dwMaxAttachedPackets
F	8	4	lpwfxFormat
F	16	4	lpvContext
F	20	4	lpMixBins
S	_DSFX_IIR_STATE	28	audio
F	0	4	dwScratchOffset
F	4	4	dwScratchLength
F	8	4	dwYMemoryOffset
F	12	4	dwYMemoryLength
F	16	4	dwFlags
F	20	4	dwInMixbinPtrs
F	24	4	dwOutMixbinPtrs
S	HRTFFILTERPAIR	8	audio
F	0	4	pLeftFilter
F	4	4	pRightFilter
S	_XSOUNDTRACK_DATA	76	audio
F	0	4	uSoundtrackId
F	4	4	uSongCount
F	8	4	uSoundtrackLength
F	12	64	szName
S	_DSFX_RMS_PARAMS	96	audio
F	0	44	State
F	44	4	dwNumMixBins
F	48	24	dwRMSValues
F	72	24	dwPeakValues
S	_DSI3DL2LISTENER	48	audio
F	0	4	lRoom
F	4	4	lRoomHF
F	8	4	flRoomRolloffFactor
F	12	4	flDecayTime
F	16	4	flDecayHFRatio
F	20	4	lReflections
F	24	4	flReflectionsDelay
F	28	4	lReverb
F	32	4	flReverbDelay
F	36	4	flDiffusion
F	40	4	flDensity
F	44	4	flHFReference
S	HRTFSOURCE	28	audio
F	0	12	vNormPos
F	12	4	flMagPos
F	16	4	flAzimuth
F	20	4	flElevation
F	24	4	flThetaS
S	_DSFX_CROSSTALK_PARAMS	52	audio
F	0	52	State
S	_DSFX_IIR_PARAMS	40	audio
F	0	28	State
F	28	4	dwDelayLength
F	32	4	dwGain
F	36	4	dwType
S	_DSFX_SAMPLE_RATE_CONVERTER_STATE	28	audio
F	0	4	dwScratchOffset
F	4	4	dwScratchLength
F	8	4	dwYMemoryOffset
F	12	4	dwYMemoryLength
F	16	4	dwFlags
F	20	4	dwInMixbinPtrs
F	24	4	dwOutMixbinPtrs
S	_DSFX_ECHO_MONO_PARAMS	32	audio
F	0	28	State
F	28	4	dwGain
S	_DSCAPS	16	audio
F	0	4	dwFree2DBuffers
F	4	4	dwFree3DBuffers
F	8	4	dwFreeBufferSGEs
F	12	4	dwMemoryAllocated
S	_DSFX_CROSSTALK_STATE	52	audio
F	0	4	dwScratchOffset
F	4	4	dwScratchLength
F	8	4	dwYMemoryOffset
F	12	4	dwYMemoryLength
F	16	4	dwFlags
F	20	16	dwInMixbinPtrs
F	36	16	dwOutMixbinPtrs
S	_DSFX_I3DL2REVERB_IIR	12	audio
F	0	4	dwDelay
F	4	8	dwCoefficients
S	_DSFX_AMPMOD_MONO_PARAMS	32	audio
F	0	32	State
S	_DSENVELOPEDESC	40	audio
F	0	4	dwEG
F	4	4	dwMode
F	8	4	dwDelay
F	12	4	dwAttack
F	16	4	dwHold
F	20	4	dwDecay
F	24	4	dwRelease
F	28	4	dwSustain
F	32	4	lPitchScale
F	36	4	lFilterCutOff
S	IDirectSoundStream	4	audio
F	0	4	lpVtbl
S	_DSBPOSITIONNOTIFY	8	audio
F	0	4	dwOffset
F	4	4	hEventNotify
S	_DSFX_MINIREVERB_PARAMS	192	audio
F	0	72	State
F	72	32	dwDelayLineLengths
F	104	32	dwReflectionTaps
F	136	32	dwReflectionGains
F	168	8	dwInputIIRCoefficients
F	176	4	dwInputIIRDelay
F	180	8	dwOutputIIRCoefficients
F	188	4	dwOutputIIRDelay
S	_DSEFFECTMAP	32	audio
F	0	4	lpvCodeSegment
F	4	4	dwCodeSize
F	8	4	lpvStateSegment
F	12	4	dwStateSize
F	16	4	lpvYMemorySegment
F	20	4	dwYMemorySize
F	24	4	lpvScratchSegment
F	28	4	dwScratchSize
S	_DSFX_CHORUS_MONO_PARAMS	40	audio
F	0	32	State
F	32	4	dwGain
F	36	4	dwModScale
S	_DSFX_I3DL2REVERB_DELAYLINE	8	audio
F	0	4	dwBase
F	4	4	dwLength
S	_DSFX_DISTORTION_STATE	28	audio
F	0	4	dwScratchOffset
F	4	4	dwScratchLength
F	8	4	dwYMemoryOffset
F	12	4	dwYMemoryLength
F	16	4	dwFlags
F	20	4	dwInMixbinPtrs
F	24	4	dwOutMixbinPtrs
S	_DSFX_IIR2_STATE	28	audio
F	0	4	dwScratchOffset
F	4	4	dwScratchLength
F	8	4	dwYMemoryOffset
F	12	4	dwYMemoryLength
F	16	4	dwFlags
F	20	4	dwInMixbinPtrs
F	24	4	dwOutMixbinPtrs
S	_DSFX_CHORUS_MONO_STATE	32	audio
F	0	4	dwScratchOffset
F	4	4	dwScratchLength
F	8	4	dwYMemoryOffset
F	12	4	dwYMemoryLength
F	16	4	dwFlags
F	20	8	dwInMixbinPtrs
F	28	4	dwOutMixbinPtrs
S	_DSFILTERDESC	24	audio
F	0	4	dwMode
F	4	4	dwQCoefficient
F	8	16	adwCoefficients
S	_DS3DLISTENER	64	audio
F	0	4	dwSize
F	4	12	vPosition
F	16	12	vVelocity
F	28	12	vOrientFront
F	40	12	vOrientTop
F	52	4	flDistanceFactor
F	56	4	flRolloffFactor
F	60	4	flDopplerFactor
S	_DSBUFFERDESC	24	audio
F	0	4	dwSize
F	4	4	dwFlags
F	8	4	dwBufferBytes
F	12	4	lpwfxFormat
F	16	4	lpMixBins
F	20	4	dwInputMixBin
S	IDirectSound	1	audio
S	IDirectSoundBuffer	1	audio
S	AUDIO_ALLOC_MEMORY	16	audio
F	0	4	uSize
F	4	4	uAlignMask
F	8	4	pLinearAddress
F	12	4	uRef
S	AUDIO_FREE_MEMORY	8	audio
F	0	4	pLinearAddress
F	4	4	uRef
S	AUDIO_INIT_DEVICE	28	audio
F	0	4	pResList
F	4	1	uRevisionID
F	5	3	__align0
F	8	4	pDevObj
F	16	4	pServiceContext
F	20	4	IntrMask
F	24	4	uDeviceRef
S	CODEC_AUDIO_CREATE	8	audio
F	0	4	pioBaseMixer
F	4	4	pioBaseAci
S	AudioDec	92	audio
F	0	4	state
F	4	32	sshd
F	36	8	ssbd
F	44	4	hdrCount
F	48	4	data
F	52	4	put
F	56	4	count
F	60	4	size
F	64	4	totalBytes
F	68	4	iopBuff
F	72	4	iopBuffSize
F	76	4	iopLastPos
F	80	4	iopPausePos
F	84	4	totalBytesSent
F	88	4	iopZero
S	AUDIO_SLIDER	24	audio
F	0	4	vol
F	4	4	left
F	8	4	bar_gray
F	12	4	bar_pink
F	16	4	marker
F	20	4	right
S	_PLAY_AUDIO	10	audio
F	0	1	OperationCode
F	1	1	Reserved1
F	1	1	LogicalUnitNumber
F	2	4	StartingBlockAddress
F	6	1	Reserved2
F	7	2	PlayLength
F	9	1	Control
S	_PLAY_AUDIO_MSF	10	audio
F	0	1	OperationCode
F	1	1	Reserved1
F	1	1	LogicalUnitNumber
F	2	1	Reserved2
F	3	1	StartingM
F	4	1	StartingS
F	5	1	StartingF
F	6	1	EndingM
F	7	1	EndingS
F	8	1	EndingF
F	9	1	Control
S	CAudioObject	1072	audio
F	0	4	m_qstQuantStep
F	4	4	m_iPacketCurr
F	8	4	m_cBitPackedFrameSize
F	12	4	m_cBitPacketHeader
F	16	4	m_cdwPacketHeader
F	20	4	m_cBitPacketHeaderFractionDw
F	24	4	m_cBitPacketLength
F	28	4	m_cRunOfZeros
F	32	2	m_iLevel
F	34	2	__align0
F	36	4	m_iSign
F	40	4	m_iHighCutOffCurr
F	44	4	m_iNextBarkIndex
F	48	4	m_fNoiseSub
F	52	4	m_fltBitsPerSample
F	56	4	m_fltWeightedBitsPerSample
F	60	4	m_iMaxEscSize
F	64	4	m_iMaxEscLevel
F	68	4	m_iVersion
F	72	4	m_codecStatus
F	76	4	m_fSeekAdjustment
F	80	4	m_fPacketLossAdj
F	84	4	m_iSamplingRate
F	88	2	m_cChannel
F	90	2	__align1
F	92	4	m_nBytePerSample
F	96	4	m_cSubband
F	100	4	m_fAllowSuperFrame
F	104	4	m_fAllowSubFrame
F	108	4	m_fV5Lpc
F	112	4	m_iCurrSubFrame
F	116	2	m_iCurrReconCoef
F	118	2	__align2
F	120	4	m_fHeaderReset
F	124	4	m_iSubFrameSizeWithUpdate
F	128	4	m_iMaxSubFrameDiv
F	132	4	m_cMinSubFrameSample
F	136	4	m_cMinSubFrameSampleHalf
F	140	4	m_cMinSubFrameSampleQuad
F	144	4	m_cPossibleWinSize
F	148	4	m_iIncr
F	152	4	m_cSubFrameSample
F	156	4	m_cSubFrameSampleHalf
F	160	4	m_cSubFrameSampleQuad
F	164	208	m_subfrmconfigPrev
F	372	208	m_subfrmconfigCurr
F	580	208	m_subfrmconfigNext
F	788	4	m_cBitsSubbandMax
F	792	4	m_cFrameSample
F	796	4	m_cFrameSampleHalf
F	800	4	m_cFrameSampleQuad
F	804	4	m_cLowCutOff
F	808	4	m_cHighCutOff
F	812	4	m_cLowCutOffLong
F	816	4	m_cHighCutOffLong
F	820	4	m_iWeightingMode
F	824	4	m_stereoMode
F	828	4	m_iEntropyMode
F	832	4	m_fltDitherLevel
F	836	4	m_iQuantStepSize
F	840	4	m_fltFlatenFactor
F	844	4	m_fltDctScale
F	848	4	m_cValidBarkBand
F	852	4	m_rgiBarkIndex
F	856	4	m_fltSinRampUpStart
F	860	4	m_fltCosRampUpStart
F	864	4	m_fltSinRampUpPrior
F	868	4	m_fltCosRampUpPrior
F	872	4	m_fltSinRampUpStep
F	876	4	m_fltSinRampDownStart
F	880	4	m_fltCosRampDownStart
F	884	4	m_fltSinRampDownPrior
F	888	4	m_fltCosRampDownPrior
F	892	4	m_fltSinRampDownStep
F	896	4	m_iSizePrev
F	900	4	m_iSizeCurr
F	904	4	m_iSizeNext
F	908	4	m_iCoefRecurQ1
F	912	4	m_iCoefRecurQ2
F	916	4	m_iCoefRecurQ3
F	920	4	m_iCoefRecurQ4
F	924	4	m_rgiCoefQ
F	928	4	m_rgpcinfo
F	932	4	m_rgiCoefReconOrig
F	936	4	m_rgiMaskQ
F	940	4	m_rgcValidBarkBand
F	944	4	m_rgiBarkIndexOrig
F	948	4	m_piPrevOutput
F	952	4	m_iDiscardSilence
F	956	4	m_fltFirstNoiseFreq
F	960	4	m_iFirstNoiseBand
F	964	4	m_iFirstNoiseIndex
F	968	4	m_iNoisePeakIgnoreBand
F	972	4	m_rgiFirstNoiseBand
F	976	4	m_rgbBandNotCoded
F	980	4	m_rgffltSqrtBWRatio
F	984	4	m_rgiNoisePower
F	988	4	m_rgfltBandWeight
F	992	4	m_rgfltWeightFactor
F	996	4	m_rguiWeightFactor
F	1000	4	m_iFrameNumber
F	1032	8	m_tRandState
F	1040	4	m_piSinForRecon2048
F	1044	4	m_piSinForRecon1024
F	1048	4	m_piSinForRecon512
F	1052	4	m_piSinForRecon256
F	1056	4	m_piSinForRecon128
F	1060	4	m_piSinForRecon64
F	1064	4	m_piSinForRecon
F	1068	4	m_piSinForSaveHistory
S	CAudioObjectDecoder	160	audio
F	0	4	pau
F	4	4	m_fPacketLoss
F	8	2	m_cFrmInPacket
F	10	2	__align0
F	12	4	m_pbSrcCurr
F	16	2	m_cbSrcCurrLength
F	18	2	__align1
F	20	4	m_decsts
F	24	4	m_subfrmdecsts
F	28	4	m_hdrdecsts
F	32	4	m_rlsts
F	36	2	m_iChannel
F	38	2	m_iBand
F	40	4	m_fNoMoreData
F	44	4	m_fLastSubFrame
F	48	56	m_ibstrm
F	104	4	m_rgiRunEntry44ssQb
F	108	4	m_rgiLevelEntry44ssQb
F	112	4	m_rgiRunEntry44smQb
F	116	4	m_rgiLevelEntry44smQb
F	120	4	m_rgiRunEntry44ssOb
F	124	4	m_rgiLevelEntry44ssOb
F	128	4	m_rgiRunEntry44smOb
F	132	4	m_rgiLevelEntry44smOb
F	136	4	m_rgiRunEntry16ssOb
F	140	4	m_rgiLevelEntry16ssOb
F	144	4	m_rgiRunEntry16smOb
F	148	4	m_rgiLevelEntry16smOb
S	tAudioStreamInfo	848	audio
F	0	2	nVersion
F	2	2	wFormatTag
F	4	4	nSamplesPerSec
F	8	4	nAvgBytesPerSec
F	12	4	nBlockAlign
F	16	2	nChannels
F	18	2	__align0
F	20	4	nSamplesPerBlock
F	24	2	nEncodeOpt
F	26	2	__align1
F	28	4	nBitsPerSample
F	32	2	wValidBitsPerSample
F	34	2	__align2
F	36	4	dwChannelMask
F	40	16	SubFormat
F	56	2	wOriginalBitDepth
F	58	2	wStreamId
F	60	4	cbAudioSize
F	64	4	hMSA
F	68	4	bTobeDecoded
F	72	4	bIsDecodable
F	76	4	bWantOutput
F	80	4	wmar
F	84	4	bTimeToChange
F	88	4	bTimeToChangex
F	92	4	bFirstTime
F	96	512	bAudioBuffer
F	608	4	pbAudioBuffer
F	612	4	dwFrameSize
F	616	4	dwAudioBufSize
F	620	4	dwAudioBufCurOffset
F	624	4	cbNbFramesAudBuf
F	628	4	dwAudioBufDecoded
F	632	4	dwAudioPayloadSize
F	636	1	bBlockStart
F	637	3	__align3
F	640	4	dwBlockLeft
F	644	4	dwPayloadLeft
F	648	4	dwAudPayloadPresTime
F	652	4	__align4
F	656	8	dwAudioTimeStamp
F	664	4	pStoreFrameStartPointer
F	668	4	pStoreNextFrameStartPointer
F	672	4	pDecodeFrameStartPointer
F	676	4	pDecodeNextFrameStartPointer
F	680	4	bBufferIncreased
F	684	4	bStopReading
F	688	4	bGotCompOutput
F	692	4	bOutputisReady
F	696	8	cbPacketOffset
F	704	8	cbCurrentPacketOffset
F	712	8	cbNextPacketOffset
F	720	66	ppex
F	786	39	payload
F	825	3	__align5
F	828	4	iPayload
F	832	2	wPayStart
F	834	2	__align6
F	836	4	dwPayloadOffset
F	840	4	parse_state
F	844	4	bPayloadGiven
S	strAudioStreamInfo_WMC	32	audio
F	0	2	u16FormatTag
F	2	2	__align0
F	4	4	u32BitsPerSecond
F	8	2	u16BitsPerSample
F	10	2	u16SamplesPerSecond
F	12	2	u16NumChannels
F	14	2	__align1
F	16	4	u32BlockSize
F	20	2	u16ValidBitsPerSample
F	22	2	__align2
F	24	4	u32ChannelMask
F	28	2	u16StreamId
S	tAsfXAcmAudioErrorMaskingData	8	audio
F	0	1	span
F	1	2	virtualPacketLen
F	3	2	virtualChunkLen
F	5	2	silenceLen
F	7	1	silence
S	audio_data	60	audio
F	0	16	bank
F	16	2	entersnd
F	18	2	hitsnd
F	20	4	namesnd
F	24	16	stream
F	40	2	nareas
F	42	2	stereo
F	44	16	nparts
S	sound_data	24	audio
F	0	16	desc
F	16	4	idx
F	20	2	vol
F	22	2	pri
S	sounddata	20	audio
F	0	4	radius
F	4	4	sound
F	8	4	parent
F	12	2	musicarea
F	14	2	active
F	16	2	fade
F	18	2	flags
S	soundinfo	12	audio
F	0	4	radius
F	4	4	musicarea
F	8	2	fade
F	10	2	flags
S	s_audsound	28	audio
F	0	16	name
F	16	4	idx
F	20	4	len
F	24	4	time
S	audiotrackdata	20	audio
F	0	4	idx
F	4	4	pri
F	8	4	endtime
F	12	4	pos
F	16	4	tid
S	sceSifCmdSRData	24	ps2
F	0	16	chdr
F	16	4	rno
F	20	4	value
S	sceCdRMode	4	ps2
F	0	1	trycount
F	1	1	spindlctrl
F	2	1	datapattern
F	3	1	pad
S	sceGsDBuff	544	ps2
F	0	80	disp
F	80	16	giftag0
F	96	128	draw0
F	224	88	clear0
F	312	16	giftag1
F	328	128	draw1
F	456	88	clear1
S	sceGsLoadImage	96	ps2
F	0	16	giftag0
F	16	8	bitbltbuf
F	24	4	bitbltbufaddr
F	28	4	__align0
F	32	8	trxpos
F	40	4	trxposaddr
F	44	4	__align1
F	48	8	trxreg
F	56	4	trxregaddr
F	60	4	__align2
F	64	8	trxdir
F	72	4	trxdiraddr
F	76	4	__align3
F	80	16	giftag1
S	sceGifPacket	16	ps2
F	0	4	pCurrent
F	4	4	pBase
F	8	4	pDmaTag
F	12	4	pGifTag
S	sceGsDBuffDc	800	ps2
F	0	80	disp
F	80	16	giftag0
F	96	128	draw01
F	224	128	draw02
F	352	88	clear0
F	440	16	giftag1
F	456	128	draw11
F	584	128	draw12
F	712	88	clear1
S	sceGsDispEnv	40	ps2
F	0	8	pmode
F	8	8	smode2
F	16	8	dispfb
F	24	8	display
F	32	8	bgcolor
S	sceMcTblGetDir	64	ps2
F	0	8	_Create
F	8	8	_Modify
F	16	4	FileSizeByte
F	20	2	AttrFile
F	22	2	Reserve1
F	24	4	Reserve2
F	28	4	PdaAplNo
F	32	32	EntryName
S	sceGsBitbltbuf	8	ps2
F	0	8	SBP
F	0	8	pad14
F	0	8	SBW
F	0	8	pad22
F	0	8	SPSM
F	0	8	pad30
F	0	8	DBP
F	0	8	pad46
F	0	8	DBW
F	0	8	pad54
F	0	8	DPSM
F	0	8	pad62
S	tGS_DISPLAY2	8	ps2
F	0	4	DX
F	0	4	DY
F	0	4	MAGH
F	0	4	MAGV
F	0	4	p0
F	4	4	DW
F	4	4	DH
F	4	4	p1
S	sceGsDrawEnv1	128	ps2
F	0	8	frame1
F	8	4	frame1addr
F	12	4	__align0
F	16	8	zbuf1
F	24	4	zbuf1addr
F	28	4	__align1
F	32	8	xyoffset1
F	40	4	xyoffset1addr
F	44	4	__align2
F	48	8	scissor1
F	56	4	scissor1addr
F	60	4	__align3
F	64	8	prmodecont
F	72	4	prmodecontaddr
F	76	4	__align4
F	80	8	colclamp
F	88	4	colclampaddr
F	92	4	__align5
F	96	8	dthe
F	104	4	dtheaddr
F	108	4	__align6
F	112	8	test1
F	120	4	test1addr
S	sceGsFrame	8	ps2
F	0	8	FBP
F	0	8	pad09
F	0	8	FBW
F	0	8	pad22
F	0	8	PSM
F	0	8	pad30
F	0	8	FBMSK
S	sceGsZbuf	8	ps2
F	0	8	ZBP
F	0	8	pad09
F	0	8	PSM
F	0	8	pad28
F	0	8	ZMSK
F	0	8	pad33
S	sceGsXyoffset	8	ps2
F	0	8	OFX
F	0	8	pad16
F	0	8	OFY
F	0	8	pad48
S	sceGsScissor	8	ps2
F	0	8	SCAX0
F	0	8	pad11
F	0	8	SCAX1
F	0	8	pad27
F	0	8	SCAY0
F	0	8	pad43
F	0	8	SCAY1
F	0	8	pad59
S	sceGsPrmodecont	8	ps2
F	0	8	AC
F	0	8	pad01
S	sceGsColclamp	8	ps2
F	0	8	CLAMP
F	0	8	pad01
S	sceGsDthe	8	ps2
F	0	8	DTHE
F	0	8	pad01
S	sceGsTest	8	ps2
F	0	8	ATE
F	0	8	ATST
F	0	8	AREF
F	0	8	AFAIL
F	0	8	DATE
F	0	8	DATM
F	0	8	ZTE
F	0	8	ZTST
F	0	8	pad19
S	sceGsTrxreg	8	ps2
F	0	8	RRW
F	0	8	pad12
F	0	8	RRH
F	0	8	pad44
S	tGS_PMODE	8	ps2
F	0	4	EN1
F	0	4	EN2
F	0	4	CRTMD
F	0	4	MMOD
F	0	4	AMOD
F	0	4	SLBG
F	0	4	ALP
F	0	4	p0
F	4	4	p1
S	tGS_SMODE2	8	ps2
F	0	4	INT
F	0	4	FFMD
F	0	4	DPMS
F	0	4	p0
F	4	4	p1
S	tGS_DISPFB2	8	ps2
F	0	4	FBP
F	0	4	FBW
F	0	4	PSM
F	0	4	p0
F	4	4	DBX
F	4	4	DBY
F	4	4	p1
S	tGS_BGCOLOR	8	ps2
F	0	4	R
F	0	4	G
F	0	4	B
F	0	4	p0
F	4	4	p1
S	sceGsAlphaEnv2	64	ps2
F	0	8	alpha2
F	8	4	alpha2addr
F	12	4	__align0
F	16	8	pabe
F	24	4	pabeaddr
F	28	4	__align1
F	32	8	texa
F	40	4	texaaddr
F	44	4	__align2
F	48	8	fba2
F	56	4	fba2addr
S	sceGsAlpha	8	ps2
F	0	8	A
F	0	8	B
F	0	8	C
F	0	8	D
F	0	8	pad8
F	0	8	FIX
F	0	8	pad40
S	sceGsPabe	8	ps2
F	0	8	PABE
F	0	8	pad01
S	sceGsTexa	8	ps2
F	0	8	TA0
F	0	8	pad08
F	0	8	AEM
F	0	8	pad16
F	0	8	TA1
F	0	8	pad40
S	sceGsFba	8	ps2
F	0	8	FBA
F	0	8	pad01
S	sceGsTrxpos	8	ps2
F	0	8	SSAX
F	0	8	pad11
F	0	8	SSAY
F	0	8	pad27
F	0	8	DSAX
F	0	8	pad43
F	0	8	DSAY
F	0	8	DIR
F	0	8	pad61
S	sceGsStoreImage	112	ps2
F	0	16	vifcode
F	16	16	giftag
F	32	8	bitbltbuf
F	40	4	bitbltbufaddr
F	44	4	__align0
F	48	8	trxpos
F	56	4	trxposaddr
F	60	4	__align1
F	64	8	trxreg
F	72	4	trxregaddr
F	76	4	__align2
F	80	8	finish
F	88	4	finishaddr
F	92	4	__align3
F	96	8	trxdir
F	104	4	trxdiraddr
S	sceGifTag	16	ps2
F	0	8	NLOOP
F	0	8	EOP
F	0	8	pad16
F	0	8	id
F	0	8	PRE
F	0	8	PRIM
F	0	8	FLG
F	0	8	NREG
F	8	8	REGS0
F	8	8	REGS1
F	8	8	REGS2
F	8	8	REGS3
F	8	8	REGS4
F	8	8	REGS5
F	8	8	REGS6
F	8	8	REGS7
F	8	8	REGS8
F	8	8	REGS9
F	8	8	REGS10
F	8	8	REGS11
F	8	8	REGS12
F	8	8	REGS13
F	8	8	REGS14
F	8	8	REGS15
S	sceGsFinish	8	ps2
F	0	8	pad00
S	sceGsTrxdir	8	ps2
F	0	8	XDR
F	0	8	pad02
S	sceGsAlphaEnv	64	ps2
F	0	8	alpha1
F	8	4	alpha1addr
F	12	4	__align0
F	16	8	pabe
F	24	4	pabeaddr
F	28	4	__align1
F	32	8	texa
F	40	4	texaaddr
F	44	4	__align2
F	48	8	fba1
F	56	4	fba1addr
S	sceGsTexEnv2	64	ps2
F	0	8	texflush
F	8	4	texflushaddr
F	12	4	__align0
F	16	8	tex12
F	24	4	tex12addr
F	28	4	__align1
F	32	8	tex02
F	40	4	tex02addr
F	44	4	__align2
F	48	8	clamp2
F	56	4	clamp2addr
S	sceGsTexflush	8	ps2
F	0	8	pad00
S	sceGsTex0	8	ps2
F	0	8	TBP0
F	0	8	TBW
F	0	8	PSM
F	0	8	TW
F	0	8	TH
F	0	8	TCC
F	0	8	TFX
F	0	8	CBP
F	0	8	CPSM
F	0	8	CSM
F	0	8	CSA
F	0	8	CLD
S	sceGsClamp	8	ps2
F	0	8	WMS
F	0	8	WMT
F	0	8	MINU
F	0	8	MAXU
F	0	8	MINV
F	0	8	MAXV
F	0	8	pad44
S	sceGsTexEnv	64	ps2
F	0	8	texflush
F	8	4	texflushaddr
F	12	4	__align0
F	16	8	tex11
F	24	4	tex11addr
F	28	4	__align1
F	32	8	tex01
F	40	4	tex01addr
F	44	4	__align2
F	48	8	clamp1
F	56	4	clamp1addr
S	sceGsDrawEnv2	128	ps2
F	0	8	frame2
F	8	4	frame2addr
F	12	4	__align0
F	16	8	zbuf2
F	24	4	zbuf2addr
F	28	4	__align1
F	32	8	xyoffset2
F	40	4	xyoffset2addr
F	44	4	__align2
F	48	8	scissor2
F	56	4	scissor2addr
F	60	4	__align3
F	64	8	prmodecont
F	72	4	prmodecontaddr
F	76	4	__align4
F	80	8	colclamp
F	88	4	colclampaddr
F	92	4	__align5
F	96	8	dthe
F	104	4	dtheaddr
F	108	4	__align6
F	112	8	test2
F	120	4	test2addr
S	sceGsClear	88	ps2
F	0	8	testa
F	8	4	testaaddr
F	12	4	__align0
F	16	8	prim
F	24	4	primaddr
F	28	8	rgbaq
F	36	4	rgbaqaddr
F	40	8	xyz2a
F	48	4	xyz2aaddr
F	52	4	__align1
F	56	8	xyz2b
F	64	4	xyz2baddr
F	68	4	__align2
F	72	8	testb
F	80	4	testbaddr
S	sceGsPrim	8	ps2
F	0	8	PRIM
F	0	8	IIP
F	0	8	TME
F	0	8	FGE
F	0	8	ABE
F	0	8	AA1
F	0	8	FST
F	0	8	CTXT
F	0	8	FIX
F	0	8	pad11
S	sceGsRgbaq	8	ps2
F	0	4	R
F	0	4	G
F	0	4	B
F	0	4	A
F	4	4	Q
S	sceGsXyz	8	ps2
F	0	8	X
F	0	8	Y
F	0	8	Z
S	sceExecData	16	ps2
F	0	4	epc
F	4	4	gp
F	8	4	sp
F	12	4	dummy
S	sce_stat	64	ps2
F	0	4	st_mode
F	4	4	st_attr
F	8	4	st_size
F	12	8	st_ctime
F	20	8	st_atime
F	28	8	st_mtime
F	36	4	st_hisize
F	40	24	st_private
S	sce_dirent	324	ps2
F	0	64	d_stat
F	64	256	d_name
F	320	4	d_private
S	sceVif1Packet	32	ps2
F	0	4	pCurrent
F	4	4	pBase
F	8	4	pDmaTag
F	12	4	pVifCode
F	16	4	numlen
F	20	4	pGifTag
F	24	4	pad12
F	28	4	pad13
S	sceDevGifCnd	24	ps2
F	0	4	tag
F	4	4	stat
F	8	4	count
F	12	4	p3count
F	16	4	p3tag
F	20	4	pad
S	sceDmaChan	144	ps2
F	0	4	chcr
F	4	12	p0
F	16	4	madr
F	20	12	p1
F	32	4	qwc
F	36	12	p2
F	48	4	tadr
F	52	12	p3
F	64	4	as0
F	68	12	p4
F	80	4	as1
F	84	12	p5
F	96	16	p6
F	112	16	p7
F	128	4	sadr
F	132	12	p8
S	sceDevVif1Cnd	68	ps2
F	0	16	row
F	16	16	col
F	32	4	mask
F	36	4	code
F	40	4	stat
F	44	2	itop
F	46	2	itops
F	48	2	base
F	50	2	offset
F	52	2	top
F	54	2	tops
F	56	2	mark
F	58	2	num
F	60	1	error
F	61	1	cl
F	62	1	wl
F	63	1	cmod
F	64	1	pad
S	sceDevVif0Cnd	60	ps2
F	0	16	row
F	16	16	col
F	32	4	mask
F	36	4	code
F	40	4	stat
F	44	2	itop
F	46	2	itops
F	48	2	mark
F	50	2	num
F	52	1	error
F	53	1	cl
F	54	1	wl
F	55	1	cmod
F	56	1	pad
S	sceDevVu1Cnd	188	ps2
F	0	128	vf
F	128	4	status
F	132	4	mac
F	136	4	clipping
F	140	4	r
F	144	4	i
F	148	4	q
F	152	4	p
F	156	32	vi
S	sceDevVu0Cnd	184	ps2
F	0	128	vf
F	128	4	status
F	132	4	mac
F	136	4	clipping
F	140	4	r
F	144	4	i
F	148	4	q
F	152	32	vi
S	sceVif0Packet	32	ps2
F	0	4	pCurrent
F	4	4	pBase
F	8	4	pDmaTag
F	12	4	pVifCode
F	16	4	numlen
F	20	4	pad11
F	24	4	pad12
F	28	4	pad13
S	sceDmaEnv	20	ps2
F	0	1	sts
F	1	1	std
F	2	1	mfd
F	3	1	rcycle
F	4	2	express
F	6	2	notify
F	8	2	sqwc
F	10	2	tqwc
F	12	4	rbadr
F	16	4	rbmsk
S	sceSifCmdHdr	16	ps2
F	0	4	psize
F	0	4	dsize
F	4	4	daddr
F	8	4	fcode
F	12	4	opt
S	sceSifCmdData	8	ps2
F	4	4	data
S	sceCdCLOCK	8	ps2
F	0	1	stat
F	1	1	second
F	2	1	minute
F	3	1	hour
F	4	1	pad
F	5	1	day
F	6	1	month
F	7	1	year
S	sceCdlFILE	36	ps2
F	0	4	lsn
F	4	4	size
F	8	16	name
F	24	8	date
F	32	4	flag
S	sceCdlLOCCD	4	ps2
F	0	1	minute
F	1	1	second
F	2	1	sector
F	3	1	track
S	sceMpeg	40	ps2
F	0	4	width
F	4	4	height
F	8	4	frameCount
F	12	4	pts
F	16	4	dts
F	20	4	flags
F	24	4	pts2nd
F	28	4	dts2nd
F	32	4	flags2nd
F	36	4	sys
S	sceIpuRGB32	1024	ps2
F	0	1024	pix
S	sceIpuRAW8	384	ps2
F	0	256	y
F	256	64	cb
F	320	64	cr
S	sceMpegCbData	24	ps2
F	0	4	type
F	0	8	error
F	0	12	ts
F	0	24	str
S	sceSdBatch	8	ps2
F	0	2	func
F	2	2	entry
F	4	4	value
S	sceSdEffectAttr	20	ps2
F	0	4	core
F	4	4	mode
F	8	2	depth_L
F	10	2	depth_R
F	12	4	delay
F	16	4	feedback
S	sceSifDmaData	16	ps2
F	0	4	data
F	4	4	addr
F	8	4	size
F	12	4	mode
S	sceMpegCbDataError	8	ps2
F	0	4	type
F	4	4	errMessage
S	sceMpegCbDataTimeStamp	12	ps2
F	0	4	type
F	4	4	pts
F	8	4	dts
S	sceMpegCbDataStr	24	ps2
F	0	4	type
F	4	4	header
F	8	4	data
F	12	4	len
F	16	4	pts
F	20	4	dts
S	SpuStreamHeader	32	ps2
F	0	4	id
F	4	4	size
F	8	4	type
F	12	4	rate
F	16	4	ch
F	20	4	interSize
F	24	4	loopStart
F	28	4	loopEnd
S	SpuStreamBody	8	ps2
F	0	4	id
F	4	4	size
S	sceGsTex1	8	ps2
F	0	8	LCM
F	0	8	pad01
F	0	8	MXL
F	0	8	MMAG
F	0	8	MMIN
F	0	8	MTBA
F	0	8	pad10
F	0	8	L
F	0	8	pad21
F	0	8	K
F	0	8	pad44
S	tGS_DISPFB1	8	ps2
F	0	4	FBP
F	0	4	FBW
F	0	4	PSM
F	0	4	p0
F	4	4	DBX
F	4	4	DBY
F	4	4	p1
S	sceIpuDmaEnv	36	ps2
F	0	4	d4madr
F	4	4	d4tadr
F	8	4	d4qwc
F	12	4	d4chcr
F	16	4	d3madr
F	20	4	d3qwc
F	24	4	d3chcr
F	28	4	ipubp
F	32	4	ipuctrl
S	tGS_DISPLAY1	8	ps2
F	0	4	DX
F	0	4	DY
F	0	4	MAGH
F	0	4	MAGV
F	0	4	p0
F	4	4	DW
F	4	4	DH
F	4	4	p1
S	_VECTOR4	16	math
F	0	4	x
F	4	4	y
F	8	4	z
F	12	4	w
S	CRYPTO_VECTOR	64	math
S	XGQUATERNION	16	math
F	0	4	x
F	4	4	y
F	8	4	z
F	12	4	w
S	XGVECTOR4	16	math
F	0	4	x
F	4	4	y
F	8	4	z
F	12	4	w
S	XGVECTOR2	8	math
F	0	4	x
F	4	4	y
S	_UNICODE_STRING	8	util
F	0	2	Length
F	2	2	MaximumLength
F	4	4	Buffer
S	_GUID	16	util
F	0	4	Data1
F	4	2	Data2
F	6	2	Data3
F	8	8	Data4
S	_STRING64	16	util
F	0	2	Length
F	2	2	MaximumLength
F	4	4	__align0
F	8	8	Buffer
S	_CPTABLEINFO	44	util
F	0	2	CodePage
F	2	2	MaximumCharacterSize
F	4	2	DefaultChar
F	6	2	UniDefaultChar
F	8	2	TransDefaultChar
F	10	2	TransUniDefaultChar
F	12	2	DBCSCodePage
F	14	12	LeadByte
F	26	2	__align0
F	28	4	MultiByteTable
F	32	4	WideCharTable
F	36	4	DBCSRanges
F	40	4	DBCSOffsets
S	_STRING	8	util
F	0	2	Length
F	2	2	MaximumLength
F	4	4	Buffer
S	_UNICODE_PREFIX_TABLE_ENTRY	28	util
F	0	2	NodeTypeCode
F	2	2	NameLength
F	4	4	NextPrefixTree
F	8	4	CaseMatch
F	12	12	Links
F	24	4	Prefix
S	_STRING32	8	util
F	0	2	Length
F	2	2	MaximumLength
F	4	4	Buffer
S	_UNICODE_PREFIX_TABLE	12	util
F	0	2	NodeTypeCode
F	2	2	NameLength
F	4	4	NextPrefixTree
F	8	4	LastNextEntry
S	_GUID_WMC	16	util
F	0	4	Data1
F	4	2	Data2
F	6	2	Data3
F	8	8	Data4
S	g3dhwtexture	8	graphics
F	0	4	mNext
F	4	4	mHWHandle
S	g3dtexturedescriptor	8	graphics
F	0	4	mFormat
F	4	2	mWidth
F	6	2	mHeight
S	nodeanim_s	24	graphics
F	0	4	startNodeRotKey
F	4	4	nNodeRotKeys
F	8	4	startNodePosKey
F	12	4	nNodePosKeys
F	16	4	startNodeSclKey
F	20	4	nNodeSclKeys
S	PBGLOBAL_TEXTURE	880	graphics
F	0	96	gs_load_image
F	96	96	gs_load_clut
F	192	576	gs_load_mipmaps
F	768	88	gs_tex_env
F	856	4	last_tex
F	860	4	mip_k
F	864	4	mip_l
F	868	4	mip_minfilter
F	872	4	mip_magfilter
S	PBGLOBAL_MODEL	340	graphics
F	0	4	count
F	4	336	info
S	MODELHEADER	160	graphics
F	0	32	DirName
F	32	32	ModelName
F	64	4	Version
F	68	4	romobj_cnt
F	72	4	romtex_cnt
F	76	4	objdef_cnt
F	80	4	texdef_cnt
F	84	4	romobjs
F	88	4	romtexs
F	92	4	objdefs
F	96	4	texdefs
F	100	4	subobjs
F	104	4	geom
F	108	4	obj_end
F	112	4	tex_start
F	116	4	tex_end
F	120	4	texbits
F	124	2	lmtex_first
F	126	2	lmtex_num
F	128	4	texinfo
F	132	28	Unused
S	tanimdata	48	graphics
F	0	16	tpyr
F	16	16	tpos
F	32	16	tscale
S	texture_s	64	graphics
F	0	32	name
F	32	4	width
F	36	4	height
F	40	1	bpp
F	41	1	rBits
F	42	1	gBits
F	43	1	bBits
F	44	1	aBits
F	45	3	__align0
F	48	4	flags
F	52	4	pData
F	56	4	hwid
F	60	4	pExtra
S	modelanim_s	48	graphics
F	0	32	name
F	32	4	period
F	36	4	startNodeAnim
F	40	4	startEventKey
F	44	4	nEventKeys
S	switchmodel_s	88	graphics
F	0	4	startNode
F	4	4	nNodes
F	8	4	startVert
F	12	4	nVerts
F	16	4	startTexCoord
F	20	4	nTexCoords
F	24	4	startVertInf
F	28	4	nVertInf
F	32	4	startTriSet
F	36	4	nTriSets
F	40	4	startTexture
F	44	4	nTextures
F	48	4	startTri
F	52	4	nTris
F	56	32	lod
S	switchnodeanim_s	96	graphics
F	0	32	name
F	32	32	wavename
F	64	4	wavestart
F	68	4	waveend
F	72	4	period
F	76	4	startKey
F	80	4	nKeys
F	84	4	flags
F	88	4	lastKey
F	92	4	pExtra
S	modeltexture_s	56	graphics
F	0	32	name
F	32	4	width
F	36	4	height
F	40	4	bpp
F	44	4	fHasAlpha
F	48	4	pData
F	52	4	pExtra
S	ACTIONANIM	8	graphics
F	0	4	animidx
F	4	4	nframes
S	animinfo	56	graphics
F	0	4	seqheader
F	4	4	animheader
F	8	4	oanimheader
F	12	2	numseqs
F	14	2	animseq
F	16	2	numframes
F	18	1	setpanim
F	19	1	flags
F	20	4	transfrac
F	24	4	frame
F	28	2	animseq0
F	30	2	active
F	32	4	starttime
F	36	4	transtime
F	40	4	animscale
F	44	4	seqscale
F	48	4	atime
F	52	2	repeat
F	54	2	stage
S	animheader	28	graphics
F	0	4	CompressAng
F	4	4	CompressPos
F	8	4	CompressUnit
F	12	4	blocks
F	16	4	seqs
F	20	4	numseqs
F	24	4	numobjs
S	objanimheader	8	graphics
F	0	4	oanims
F	4	4	numoanims
S	animdata	160	graphics
F	0	4	seq
F	4	4	used
F	8	2	pidx
F	10	2	nidx
F	12	4	keycount
F	16	16	ppyr
F	32	16	npyr
F	48	16	xpyr
F	64	16	ppos
F	80	16	npos
F	96	16	xpos
F	112	16	pscale
F	128	16	nscale
F	144	16	xscale
S	animseqinfo	8	graphics
F	0	2	type
F	2	2	size
F	4	4	animidx
S	anim	4	graphics
F	0	4	x
S	objanim	40	graphics
F	0	32	mbdesc
F	32	4	mbidx
F	36	2	nframes
F	38	2	startframe
S	worldanim	16	graphics
F	0	2	wobjidx
F	2	2	nframes
F	4	2	flags
F	6	2	state
F	8	4	frame
F	12	4	seqinfo
S	crit_animinst	84	graphics
F	0	72	atree
F	72	4	root
F	76	4	seqblockidx
F	80	4	next
S	modelinfo	24	graphics
F	0	4	objects
F	4	4	textures
F	8	4	lightmaps
F	12	4	state
F	16	4	done
F	20	4	counter
S	PBMODELINFO	16	graphics
F	0	4	header
F	4	4	geo_size
F	8	4	tex_size
F	12	4	unready
S	model_s	0	graphics
S	otexture_s	64	graphics
F	0	32	name
F	32	4	width
F	36	4	height
F	40	1	bpp
F	41	1	rBits
F	42	1	gBits
F	43	1	bBits
F	44	1	aBits
F	45	3	__align0
F	48	4	flags
F	52	4	pData
F	56	4	hwid
F	60	4	pExtra
S	crit_addanim	48	graphics
F	0	2	addtoidx
F	2	2	flags
F	4	4	atreehdr
F	8	4	next
F	12	4	dummy1
F	16	8	desc
F	24	8	node
F	32	12	offset
F	44	4	dummy2
S	D3DXCOLOR	16	d3d
F	0	4	r
F	4	4	g
F	8	4	b
F	12	4	a
S	_D3DVECTOR	12	d3d
F	0	4	x
F	4	4	y
F	8	4	z
S	_D3DLIGHT8	104	d3d
F	0	4	Type
F	4	16	Diffuse
F	20	16	Specular
F	36	16	Ambient
F	52	12	Position
F	64	12	Direction
F	76	4	Range
F	80	4	Falloff
F	84	4	Attenuation0
F	88	4	Attenuation1
F	92	4	Attenuation2
F	96	4	Theta
F	100	4	Phi
S	ID3DXBufferVtbl	20	d3d
S	_D3DSURFACE_DESC	28	d3d
F	0	4	Format
F	4	4	Type
F	8	4	Usage
F	12	4	Size
F	16	4	MultiSampleType
F	20	4	Width
F	24	4	Height
S	_D3DLOCKED_RECT	8	d3d
F	0	4	Pitch
F	4	4	pBits
S	D3DBaseTexture	20	d3d
F	0	4	Common
F	4	4	Data
F	8	4	Lock
F	12	4	Format
F	16	4	Size
S	_D3DPRESENT_PARAMETERS_	68	d3d
F	0	4	BackBufferWidth
F	4	4	BackBufferHeight
F	8	4	BackBufferFormat
F	12	4	BackBufferCount
F	16	4	MultiSampleType
F	20	4	SwapEffect
F	24	4	hDeviceWindow
F	28	4	Windowed
F	32	4	EnableAutoDepthStencil
F	36	4	AutoDepthStencilFormat
F	40	4	Flags
F	44	4	FullScreen_RefreshRateInHz
F	48	4	FullScreen_PresentationInterval
F	52	12	BufferSurfaces
F	64	4	DepthStencilSurface
S	_D3DXEFFECT_DESC	12	d3d
F	0	4	Parameters
F	4	4	Techniques
F	8	4	Usage
S	_D3DMATRIX	64	d3d
F	0	4	_11
F	4	4	_12
F	8	4	_13
F	12	4	_14
F	16	4	_21
F	20	4	_22
F	24	4	_23
F	28	4	_24
F	32	4	_31
F	36	4	_32
F	40	4	_33
F	44	4	_34
F	48	4	_41
F	52	4	_42
F	56	4	_43
F	60	4	_44
F	0	64	m
S	_D3DCOPYRECTROPSTATE	32	d3d
F	0	4	Rop
F	4	4	Shape
F	8	4	PatternSelect
F	12	4	MonoColor0
F	16	4	MonoColor1
F	20	4	MonoPattern0
F	24	4	MonoPattern1
F	28	4	ColorPattern
S	_D3DTILE	24	d3d
F	0	4	Flags
F	4	4	pMemory
F	8	4	Size
F	12	4	Pitch
F	16	4	ZStartTag
F	20	4	ZOffset
S	_D3DLOCKED_BOX	12	d3d
F	0	4	RowPitch
F	4	4	SlicePitch
F	8	4	pBits
S	ID3DXRenderToEnvMapVtbl	44	d3d
S	ID3DXTechniqueVtbl	44	d3d
S	_D3DCOPYRECTSTATE	32	d3d
F	0	4	ColorFormat
F	4	4	Operation
F	8	4	ColorKeyEnable
F	12	4	ColorKeyValue
F	16	4	BlendAlpha
F	20	4	PremultAlpha
F	24	4	ClippingPoint
F	28	4	ClippingSize
S	ID3DXBaseMeshVtbl	76	d3d
S	ID3DXBaseMesh	4	d3d
F	0	4	lpVtbl
S	ID3DXMesh	4	d3d
F	0	4	lpVtbl
S	_D3DVERTEXBUFFER_DESC	8	d3d
F	0	4	Format
F	4	4	Type
S	D3DXVECTOR2	8	d3d
F	0	4	x
F	4	4	y
S	_D3DXRTE_DESC	16	d3d
F	0	4	Size
F	4	4	Format
F	8	4	DepthStencil
F	12	4	DepthStencilFormat
S	_D3DSTREAM_INPUT	12	d3d
F	0	4	VertexBuffer
F	4	4	Stride
F	8	4	Offset
S	D3DIndexBuffer	12	d3d
F	0	4	Common
F	4	4	Data
F	8	4	Lock
S	ID3DXSPMeshVtbl	68	d3d
S	_D3DXIMAGE_INFO	20	d3d
F	0	4	Width
F	4	4	Height
F	8	4	Depth
F	12	4	MipLevels
F	16	4	Format
S	_D3DTRIPATCH_INFO	16	d3d
F	0	4	StartVertexOffset
F	4	4	NumVertices
F	8	4	Basis
F	12	4	Order
S	D3DVolume	24	d3d
F	0	4	Common
F	4	4	Data
F	8	4	Lock
F	12	4	Format
F	16	4	Size
F	20	4	Parent
S	_D3DXPARAMETER_DESC	8	d3d
F	0	4	Name
F	4	4	Type
S	_D3DVIEWPORT8	24	d3d
F	0	4	X
F	4	4	Y
F	8	4	Width
F	12	4	Height
F	16	4	MinZ
F	20	4	MaxZ
S	_D3DXTECHNIQUE_DESC	8	d3d
F	0	4	Name
F	4	4	Passes
S	ID3DXEffect	4	d3d
F	0	4	lpVtbl
S	_D3DVOLUME_DESC	28	d3d
F	0	4	Format
F	4	4	Type
F	8	4	Usage
F	12	4	Size
F	16	4	Width
F	20	4	Height
F	24	4	Depth
S	_D3DDISPLAYMODE	20	d3d
F	0	4	Width
F	4	4	Height
F	8	4	RefreshRate
F	12	4	Flags
F	16	4	Format
S	_D3DCAPS8	212	d3d
F	0	4	DeviceType
F	4	4	AdapterOrdinal
F	8	4	Caps
F	12	4	Caps2
F	16	4	Caps3
F	20	4	PresentationIntervals
F	24	4	CursorCaps
F	28	4	DevCaps
F	32	4	PrimitiveMiscCaps
F	36	4	RasterCaps
F	40	4	ZCmpCaps
F	44	4	SrcBlendCaps
F	48	4	DestBlendCaps
F	52	4	AlphaCmpCaps
F	56	4	ShadeCaps
F	60	4	TextureCaps
F	64	4	TextureFilterCaps
F	68	4	CubeTextureFilterCaps
F	72	4	VolumeTextureFilterCaps
F	76	4	TextureAddressCaps
F	80	4	VolumeTextureAddressCaps
F	84	4	LineCaps
F	88	4	MaxTextureWidth
F	92	4	MaxTextureHeight
F	96	4	MaxVolumeExtent
F	100	4	MaxTextureRepeat
F	104	4	MaxTextureAspectRatio
F	108	4	MaxAnisotropy
F	112	4	MaxVertexW
F	116	4	GuardBandLeft
F	120	4	GuardBandTop
F	124	4	GuardBandRight
F	128	4	GuardBandBottom
F	132	4	ExtentsAdjust
F	136	4	StencilCaps
F	140	4	FVFCaps
F	144	4	TextureOpCaps
F	148	4	MaxTextureBlendStages
F	152	4	MaxSimultaneousTextures
F	156	4	VertexProcessingCaps
F	160	4	MaxActiveLights
F	164	4	MaxUserClipPlanes
F	168	4	MaxVertexBlendMatrices
F	172	4	MaxVertexBlendMatrixIndex
F	176	4	MaxPointSize
F	180	4	MaxPrimitiveCount
F	184	4	MaxVertexIndex
F	188	4	MaxStreams
F	192	4	MaxStreamStride
F	196	4	VertexShaderVersion
F	200	4	MaxVertexShaderConst
F	204	4	PixelShaderVersion
F	208	4	MaxPixelShaderValue
S	D3DXQUATERNION	16	d3d
F	0	4	x
F	4	4	y
F	8	4	z
F	12	4	w
S	ID3DXSPMesh	4	d3d
F	0	4	lpVtbl
S	D3DSurface	24	d3d
F	0	4	Common
F	4	4	Data
F	8	4	Lock
F	12	4	Format
F	16	4	Size
F	20	4	Parent
S	_D3DSWAPDATA	20	d3d
F	0	4	Swap
F	4	4	SwapVBlank
F	8	4	MissedVBlanks
F	12	4	TimeUntilSwapVBlank
F	16	4	TimeBetweenSwapVBlanks
S	ID3DXRenderToEnvMap	4	d3d
F	0	4	lpVtbl
S	_D3DXATTRIBUTEWEIGHTS	52	d3d
F	0	4	Position
F	4	4	Boundary
F	8	4	Normal
F	12	4	Diffuse
F	16	4	Specular
F	20	32	Tex
S	_D3DDEVICE_CREATION_PARAMETERS	16	d3d
F	0	4	AdapterOrdinal
F	4	4	DeviceType
F	8	4	hFocusWindow
F	12	4	BehaviorFlags
S	ID3DXMatrixStack	4	d3d
F	0	4	lpVtbl
S	ID3DXBuffer	4	d3d
F	0	4	lpVtbl
S	ID3DXRenderToSurface	4	d3d
F	0	4	lpVtbl
S	_D3DXPASS_DESC	4	d3d
F	0	4	Name
S	_D3DCOLORVALUE	16	d3d
F	0	4	r
F	4	4	g
F	8	4	b
F	12	4	a
S	D3DPalette	12	d3d
F	0	4	Common
F	4	4	Data
F	8	4	Lock
S	_D3DGAMMARAMP	768	d3d
F	0	256	red
F	256	256	green
F	512	256	blue
S	_D3DBOX	24	d3d
F	0	4	Left
F	4	4	Top
F	8	4	Right
F	12	4	Bottom
F	16	4	Front
F	20	4	Back
S	_D3DVBLANKDATA	12	d3d
F	0	4	VBlank
F	4	4	Swap
F	8	4	Flags
S	_D3DRASTER_STATUS	8	d3d
F	0	4	InVBlank
F	4	4	ScanLine
S	_D3DPixelShaderDefFile	244	d3d
F	0	4	FileID
F	4	240	Psd
S	_D3DMATERIAL8	68	d3d
F	0	16	Diffuse
F	16	16	Ambient
F	32	16	Specular
F	48	16	Emissive
F	64	4	Power
S	_D3DXATTRIBUTERANGE	20	d3d
F	0	4	AttribId
F	4	4	FaceStart
F	8	4	FaceCount
F	12	4	VertexStart
F	16	4	VertexCount
S	ID3DXPMesh	4	d3d
F	0	4	lpVtbl
S	_D3DFIELD_STATUS	8	d3d
F	0	4	Field
F	4	4	VBlankCount
S	_D3DXBONECOMBINATION	24	d3d
F	0	4	AttribId
F	4	4	FaceStart
F	8	4	FaceCount
F	12	4	VertexStart
F	16	4	VertexCount
F	20	4	BoneId
S	_D3DRECTPATCH_INFO	28	d3d
F	0	4	StartVertexOffsetWidth
F	4	4	StartVertexOffsetHeight
F	8	4	Width
F	12	4	Height
F	16	4	Stride
F	20	4	Basis
F	24	4	Order
S	D3DXVECTOR4	16	d3d
F	0	4	x
F	4	4	y
F	8	4	z
F	12	4	w
S	ID3DXMeshVtbl	104	d3d
S	ID3DXEffectVtbl	92	d3d
S	_D3DRECT	16	d3d
F	0	4	x1
F	4	4	y1
F	8	4	x2
F	12	4	y2
S	_D3DADAPTER_IDENTIFIER8	1068	d3d
F	0	512	Driver
F	512	512	Description
F	1024	8	DriverVersion
F	1032	4	VendorId
F	1036	4	DeviceId
F	1040	4	SubSysId
F	1044	4	Revision
F	1048	16	DeviceIdentifier
F	1064	4	WHQLLevel
S	_D3DXRTS_DESC	20	d3d
F	0	4	Width
F	4	4	Height
F	8	4	Format
F	12	4	DepthStencil
F	16	4	DepthStencilFormat
S	_D3DINDEXBUFFER_DESC	8	d3d
F	0	4	Format
F	4	4	Type
S	ID3DXTechnique	4	d3d
F	0	4	lpVtbl
S	ID3DXSkinMesh	4	d3d
F	0	4	lpVtbl
S	D3DXMATERIAL	72	d3d
F	0	68	MatD3D
F	68	4	pTextureFilename
S	_D3DPixelShaderDef	240	d3d
F	0	32	PSAlphaInputs
F	32	4	PSFinalCombinerInputsABCD
F	36	4	PSFinalCombinerInputsEFG
F	40	32	PSConstant0
F	72	32	PSConstant1
F	104	32	PSAlphaOutputs
F	136	32	PSRGBInputs
F	168	4	PSCompareMode
F	172	4	PSFinalCombinerConstant0
F	176	4	PSFinalCombinerConstant1
F	180	32	PSRGBOutputs
F	212	4	PSCombinerCount
F	216	4	PSTextureModes
F	220	4	PSDotMapping
F	224	4	PSInputTexture
F	228	4	PSC0Mapping
F	232	4	PSC1Mapping
F	236	4	PSFinalCombinerConstants
S	ID3DXRenderToSurfaceVtbl	28	d3d
S	ID3DXSpriteVtbl	32	d3d
S	ID3DXSprite	4	d3d
F	0	4	lpVtbl
S	ID3DXSkinMeshVtbl	112	d3d
S	D3DVertexBuffer	12	d3d
F	0	4	Common
F	4	4	Data
F	8	4	Lock
S	D3DXPLANE	16	d3d
F	0	4	a
F	4	4	b
F	8	4	c
F	12	4	d
S	D3DPushBuffer	20	d3d
F	0	4	Common
F	4	4	Data
F	8	4	Lock
F	12	4	Size
F	16	4	AllocationSize
S	ID3DXMatrixStackVtbl	72	d3d
S	ID3DXPMeshVtbl	120	d3d
S	D3DFixup	24	d3d
F	0	4	Common
F	4	4	Data
F	8	4	Lock
F	12	4	Run
F	16	4	Next
F	20	4	Size
S	D3DResource	12	d3d
F	0	4	Common
F	4	4	Data
F	8	4	Lock
S	D3DDevice	1	d3d
S	D3DX_BLT	76	d3d
F	0	4	pData
F	4	4	Format
F	8	4	RowPitch
F	12	4	SlicePitch
F	16	24	Region
F	40	24	SubRegion
F	64	4	bDither
F	68	4	ColorKey
F	72	4	pPalette
S	GENERALINFO	28	d3d
F	0	4	ChipId
F	4	4	VideoRamSize
F	8	4	VideoRamType
F	12	4	ChipIntrEn0
F	16	4	MpVIPSlavePresent
F	20	4	CrystalFreq
F	24	4	MaskRevision
S	DACINFO	60	d3d
F	0	4	MClk
F	4	4	VClk
F	8	4	NVClk
F	12	4	MPllM
F	16	4	MPllN
F	20	4	MPllO
F	24	4	MPllP
F	28	4	VPllM
F	32	4	VPllN
F	36	4	VPllO
F	40	4	VPllP
F	44	4	NVPllM
F	48	4	NVPllN
F	52	4	NVPllO
F	56	4	NVPllP
S	HALINFO	92	d3d
F	0	4	FifoChID
F	4	4	FifoMode
F	8	4	FifoInUse
F	12	4	FifoInstance
F	16	4	FifoAllocCount
F	20	4	FifoCacheDepth
F	24	4	FifoObjectCount
F	28	4	FifoIntrEn0
F	32	4	FifoRetryCount
F	36	4	FifoUserBase
F	40	4	FifoContextAddr1
F	44	4	FifoContextAddr2
F	48	4	HashTableAddr
F	52	4	GrChID
F	56	8	GrCtxTable
F	64	4	GrCtxTableBase
F	68	8	GrCurrentObjects3d
F	76	4	FbSave0
F	80	4	FbSave1
F	84	4	McSave
F	88	4	McSaveIntrEn0
S	VIDEOMODETIMING	64	d3d
F	0	4	HorizontalVisible
F	4	4	VerticalVisible
F	8	4	Refresh
F	12	4	HorizontalTotal
F	16	4	HorizontalBlankStart
F	20	4	HorizontalRetraceStart
F	24	4	HorizontalRetraceEnd
F	28	4	HorizontalBlankEnd
F	32	4	VerticalTotal
F	36	4	VerticalBlankStart
F	40	4	VerticalRetraceStart
F	44	4	VerticalRetraceEnd
F	48	4	VerticalBlankEnd
F	52	4	PixelClock
F	56	4	HorizontalSyncPolarity
F	60	4	VerticalSyncPolarity
S	HW_HASHENTRY	8	d3d
F	0	4	ht_ObjectHandle
F	4	4	ht_Context
S	VBLANKFLIPS	8	d3d
F	0	4	Pending
F	4	4	Offset
S	PUSHBUFFERFIXUPINFO	16	d3d
F	0	4	pFixupData
F	4	4	pStart
F	8	4	ReturnOffset
F	12	4	ReturnAddress
S	SEQ	4	d3d
F	0	1	ClockMode
F	1	1	MapMask
F	2	1	FontAddr
F	3	1	MemMode
S	CRTC	25	d3d
F	0	1	HTotal
F	1	1	HDispEnd
F	2	1	HBlankS
F	3	1	HBlankE
F	4	1	HSyncS
F	5	1	HSyncE
F	6	1	VTotal
F	7	1	Overflow
F	8	1	PresetRowScan
F	9	1	CellHeight
F	10	1	CursorS
F	11	1	CursorE
F	12	1	RegenSHigh
F	13	1	RegenSLow
F	14	1	CursorPosHigh
F	15	1	CursorPosLow
F	16	1	VSyncS
F	17	1	VSyncE
F	18	1	VDispE
F	19	1	RowOffset
F	20	1	ULineRow
F	21	1	VBlankS
F	22	1	VBlandE
F	23	1	Mode
F	24	1	LineCompare
S	GR	9	d3d
F	0	1	SetReset
F	1	1	EnableSetReset
F	2	1	ColorCmp
F	3	1	ROP
F	4	1	ReadMap
F	5	1	Mode
F	6	1	Misc
F	7	1	CDC
F	8	1	BitMask
S	d3dx_tga_header	18	d3d
F	0	1	cbId
F	1	1	bColorMap
F	2	1	bImageType
F	3	2	wColorMapIndex
F	5	2	wColorMapLength
F	7	1	bColorMapBits
F	8	2	wXOrigin
F	10	2	wYOrigin
F	12	2	wWidth
F	14	2	wHeight
F	16	1	bBits
F	17	1	bFlags
S	d3dx_png_io	8	d3d
F	0	4	pv
F	4	4	cb
S	_XDCS_ASYNC_DOWNLOAD_REQUEST	28	xbox
F	0	4	dwDeviceInstance
F	4	4	pvBuffer
F	8	4	ulOffset
F	12	4	ulLength
F	16	4	ulBytesRead
F	20	4	ulStatus
F	24	4	hCompleteEvent
S	MCPXVPREGSET	16384	xbox
F	0	16	Reserved0000
F	16	4	PIOFree
F	20	4	PIOInfo
F	24	40	Reserved2
F	64	4	DMAPut
F	68	4	DMAGet
F	72	184	Reserved0048
F	256	4	NoOperation
F	260	4	Synchronize
F	264	4	SetTime
F	268	4	SetProcessorMode
F	272	16	Reserved0110
F	288	4	SetAntecedentVoice
F	292	4	VoiceOn
F	296	4	VoiceOff
F	300	4	VoiceRelease
F	304	4	GetVoicePosition
F	308	12	Reserved0134
F	320	4	VoicePause
F	324	28	Reserved0144
F	352	4	SetCurrentHRTFEntry
F	356	28	Reserved0164
F	384	4	SetContextDMANotify
F	388	8	Reserved0184
F	396	4	SetCurrentSSLContextDMA
F	400	4	SetCurrentSSL
F	404	108	Reserved0194
F	512	128	SetSubMixHeadroom
F	640	4	SetHRTFHeadroom
F	644	12	Reserved0284
F	656	16	SetHRTFSubmix
F	672	4	SetVolumeTracking
F	676	4	SetPitchTracking
F	680	4	SetHRTFTracking
F	684	4	SetITDTracking
F	688	4	SetFilterTracking
F	692	12	Reserved02B4
F	704	4	SetHRTFSubmixes
F	708	52	Reserved02C4
F	760	4	SetCurrentVoice
F	764	4	VoiceLock
F	768	4	SetVoiceCfgVBIN
F	772	4	SetVoiceCfgFMT
F	776	4	SetVoiceCfgENV0
F	780	4	SetVoiceCfgENVA
F	784	4	SetVoiceCfgENV1
F	788	4	SetVoiceCfgENVF
F	792	4	SetVoiceCfgMISC
F	796	4	SetVoiceTarHRTF
F	800	4	SetVoiceSSLA
F	804	44	Reserved0324
F	848	4	SetVoiceCfgLFODLY
F	852	8	Reserved0354
F	860	4	SetVoiceSSLB
F	864	4	SetVoiceTarVOLA
F	868	4	SetVoiceTarVOLB
F	872	4	SetVoiceTarVOLC
F	876	4	SetVoiceLFOENV
F	880	4	SetVoiceLFOMOD
F	884	4	SetVoiceTarFCA
F	888	4	SetVoiceTarFCB
F	892	4	SetVoiceTarPitch
F	896	32	Reserved0360
F	928	4	SetVoiceCfgBufBase
F	932	4	SetVoiceCfgBufLBO
F	936	44	Reserved03A8
F	980	4	SetVoiceBufCBOFrac
F	984	4	SetVoiceBufCBO
F	988	4	SetVoiceCfgBufEBO
F	992	32	Reserved03E0
F	1024	60	SetHRIR
F	1084	4	SetHRIRX
F	1088	448	Reserved0440
F	1536	512	SetSSLSegment
F	2048	4	SetCurrentInBufSGEContextDMA
F	2052	4	SetCurrentInBufSGE
F	2056	4	SetCurrentInBufSGEOffset
F	2060	2036	Reserved080C
F	4096	32	SetOutBuf
F	4128	2016	Reserved1020
F	6144	4	SetCurrentOutBufSGE
F	6148	4	SetCurrentOutBufSGEContextDMA
F	6152	4	SetOutBufSGEOffset
F	6156	4	SetSGEVoiceNumHack
F	6160	4	SetSGEFullLenHack
F	6164	4	SetSGEAddrHack
F	6168	10216	Reserved1818
S	_XDEVICE_PREALLOC_TYPE	8	xbox
F	0	4	DeviceType
F	4	4	dwPreallocCount
S	_XINPUT_POLLING_PARAMETERS	4	xbox
F	0	1	fAutoPoll
F	0	1	fInterruptOut
F	0	1	ReservedMBZ1
F	1	1	bInputInterval
F	2	1	bOutputInterval
F	3	1	ReservedMBZ2
S	_XBOX_HARDWARE_INFO	8	xbox
F	0	4	Flags
F	4	1	GpuRevision
F	5	1	McpRevision
F	6	2	reserved
S	_XINPUT_FEEDBACK	70	xbox
F	0	66	Header
F	66	4	Rumble
S	_XINPUT_IR_REMOTE	4	xbox
F	0	2	wKeyCode
F	2	2	wTimeDelta
S	xbox_adpcmwaveformat_tag	20	xbox
F	0	18	wfx
F	18	2	wSamplesPerBlock
S	_XINPUT_STATE	22	xbox
F	0	4	dwPacketNumber
F	4	18	Gamepad
S	_XINPUT_GAMEPAD	18	xbox
F	0	2	wButtons
F	2	8	bAnalogButtons
F	10	2	sThumbLX
F	12	2	sThumbLY
F	14	2	sThumbRX
F	16	2	sThumbRY
S	XMediaObjectVtbl	28	xbox
S	_XINPUT_STATE_INTERNAL	24	xbox
F	0	4	dwPacketNumber
F	4	18	Gamepad
F	4	4	IrRemote
S	_XINPUT_CAPABILITIES	25	xbox
F	0	1	SubType
F	1	2	Reserved
F	3	18	In
F	21	4	Out
S	_XINPUT_FEEDBACK_HEADER	66	xbox
F	0	4	dwStatus
F	4	4	hEvent
F	8	58	Reserved
S	_XBOX_KRNL_VERSION	8	xbox
F	0	2	Major
F	2	2	Minor
F	4	2	Build
F	6	2	Qfe
S	_XDCS_DVD_CODE_INFORMATION	6	xbox
F	0	2	bcdVersion
F	2	4	dwCodeLength
S	XNetStartupParams	11	xbox
F	0	1	cfgSizeOfStruct
F	1	1	cfgFlags
F	2	1	cfgPrivatePoolSizeInPages
F	3	1	cfgEnetReceiveQueueLength
F	4	1	cfgIpFragMaxSimultaneous
F	5	1	cfgIpFragMaxPacketDiv256
F	6	1	cfgSockMaxSockets
F	7	1	cfgSockDefaultRecvBufsizeInK
F	8	1	cfgSockDefaultSendBufsizeInK
F	9	1	cfgKeyRegMax
F	10	1	cfgSecRegMax
S	AC97PACKET	32	xbox
F	0	8	leListEntry
F	8	24	xmp
S	XMediaObject	4	xbox
F	0	4	lpVtbl
S	_XINPUT_RUMBLE	4	xbox
F	0	2	wLeftMotorSpeed
F	2	2	wRightMotorSpeed
S	_XINPUT_FEEDBACK_HEADER_INTERNAL	58	xbox
F	0	4	OpenDevice
F	4	4	CompletionEvent
F	8	48	Urb
F	56	1	bReportId
F	57	1	bSize
S	_XINPUT_FEEDBACK_INTERNAL	66	xbox
F	0	4	dwStatus
F	4	4	hEvent
F	8	58	Internal
S	_XINPUT_KEYBOARD	8	xbox
F	0	1	Modifiers
F	1	1	Reserved
F	2	6	Keys
S	_XINPUT_KEYBOARD_LEDS	1	xbox
F	0	1	LedStates
S	_XBOX_CACHE_DB_SECTOR	508	xbox
F	0	4	SectorBeginSignature
F	4	4	Version
F	8	496	Data
F	504	4	SectorEndSignature
S	_XBOX_TIMEZONE_DATE	4	xbox
F	0	1	Month
F	1	1	Day
F	2	1	DayOfWeek
F	3	1	Hour
S	_XBOX_USER_SETTINGS	96	xbox
F	0	4	Checksum
F	4	4	TimeZoneBias
F	8	4	TimeZoneStdName
F	12	4	TimeZoneDltName
F	16	8	Reserved1
F	24	4	TimeZoneStdDate
F	28	4	TimeZoneDltDate
F	32	8	Reserved2
F	40	4	TimeZoneStdBias
F	44	4	TimeZoneDltBias
F	48	4	Language
F	52	4	VideoFlags
F	56	4	AudioFlags
F	60	4	ParentalControlGames
F	64	4	ParentalControlPassword
F	68	4	ParentalControlMovies
F	72	4	OnlineIpAddress
F	76	4	OnlineDnsAddress
F	80	4	OnlineDefaultGatewayAddress
F	84	4	OnlineSubnetMask
F	88	4	MiscFlags
F	92	4	DvdRegion
S	_RECTL	16	windows_gdi
F	0	4	left
F	4	4	top
F	8	4	right
F	12	4	bottom
S	HGLRC__	4	windows_gdi
F	0	4	unused
S	tagPOINTS	4	windows_gdi
F	0	2	x
F	2	2	y
S	HWND__	4	windows_gdi
F	0	4	unused
S	tagPALETTEENTRY	4	windows_gdi
F	0	1	peRed
F	1	1	peGreen
F	2	1	peBlue
F	3	1	peFlags
S	tagPOINT	8	windows_gdi
F	0	4	x
F	4	4	y
S	tagSIZE	8	windows_gdi
F	0	4	cx
F	4	4	cy
S	tagSTATSTG	72	windows_gdi
F	0	4	pwcsName
F	4	4	type
F	8	8	cbSize
F	16	8	mtime
F	24	8	ctime
F	32	8	atime
F	40	4	grfMode
F	44	4	grfLocksSupported
F	48	16	clsid
F	64	4	grfStateBits
F	68	4	reserved
S	tagRECT	16	windows_gdi
F	0	4	left
F	4	4	top
F	8	4	right
F	12	4	bottom
S	HDC__	4	windows_gdi
F	0	4	unused
S	tagBITMAPINFOHEADER	40	windows_gdi
F	0	4	biSize
F	4	4	biWidth
F	8	4	biHeight
F	12	2	biPlanes
F	14	2	biBitCount
F	16	4	biCompression
F	20	4	biSizeImage
F	24	4	biXPelsPerMeter
F	28	4	biYPelsPerMeter
F	32	4	biClrUsed
F	36	4	biClrImportant
S	tagBITMAPFILEHEADER	14	windows_gdi
F	0	2	bfType
F	2	4	bfSize
F	6	2	bfReserved1
F	8	2	bfReserved2
F	10	4	bfOffBits
S	tagRGBQUAD	4	windows_gdi
F	0	1	rgbBlue
F	1	1	rgbGreen
F	2	1	rgbRed
F	3	1	rgbReserved
S	tagRandState	8	windows_gdi
F	0	4	iPrior
F	4	4	uiRand
S	tagWMCMetaDataDescRecords	20	windows_gdi
F	0	2	wLangIdIndex
F	2	2	wStreamNumber
F	4	2	wNameLenth
F	6	2	wDataType
F	8	4	wDataLength
F	12	4	pwName
F	16	4	pData
S	tagPlannedOutput_WMC	1528	windows_gdi
F	0	2	wTotalOutput
F	2	2	__align0
F	4	1524	tPlannedId
S	tagWMCIndexEntries	8	windows_gdi
F	0	4	dwPacket
F	4	2	wSpan
S	tagWMCCodecEntry	28	windows_gdi
F	0	4	m_wCodecType
F	4	2	m_wCodecNameLength
F	6	2	__align0
F	8	4	m_pwCodecName
F	12	2	m_wCodecDescLength
F	14	2	__align1
F	16	4	m_pwCodecDescription
F	20	2	m_wCodecInfoLen
F	22	2	__align2
F	24	4	m_pbCodecInfo
S	tagWMCContentDescription	32	windows_gdi
F	0	2	uiTitle_len
F	2	2	uiAuthor_len
F	4	2	uiCopyright_len
F	6	2	uiDescription_len
F	8	2	uiRating_len
F	10	2	__align0
F	12	4	pchTitle
F	16	4	pchAuthor
F	20	4	pchCopyright
F	24	4	pchDescription
F	28	4	pchRating
S	tagWMCMarkerEntry	40	windows_gdi
F	0	8	m_qOffset
F	8	8	m_qtime
F	16	2	m_wEntryLen
F	18	2	__align0
F	20	4	m_dwSendTime
F	24	4	m_dwFlags
F	28	4	m_dwDescLen
F	32	4	m_pwDescName
S	tagPlannedOutputId_WMC	12	windows_gdi
F	0	2	wStreamIndex
F	2	2	__align0
F	4	4	tMediaType
F	8	4	bDone
S	tagStreamIdnMediaType_WMC	8	windows_gdi
F	0	2	wStreamId
F	2	2	__align0
F	4	4	MediaType
S	tagWMCScriptCommand	20	windows_gdi
F	0	2	num_commands
F	2	2	num_types
F	4	4	type_names
F	8	4	type_name_len
F	12	4	command_param_len
F	16	4	commands
S	tagWMCExtendedContentDescription	8	windows_gdi
F	0	2	cDescriptors
F	2	2	__align0
F	4	4	pDescriptors
S	tagWMCMetaDataEntry	8	windows_gdi
F	0	2	m_wDescRecordsCount
F	2	2	__align0
F	4	4	pDescRec
S	tagWMCIndexInfo	20	windows_gdi
F	0	2	nStreamId
F	2	2	__align0
F	4	4	time_deltaMs
F	8	4	max_packets
F	12	4	num_entries
F	16	4	pIndexEntries
S	tagStreamIdPattern_WMC	8	windows_gdi
F	0	2	wStreamId
F	2	2	__align0
F	4	4	tPattern
S	tagCWMVMBMode	8	windows_gdi
F	0	4	m_bSkip
F	0	4	m_bCBPAllZero
F	0	4	m_bZeroMV
F	0	4	m_bBlkXformSwitchOn
F	0	4	m_iMBXformMode
F	0	4	m_iDCTTable_MB_Index
F	0	4	m_iMVPredDirection
F	0	4	m_dctMd
F	4	1	m_rgbCodedBlockPattern
F	5	1	m_rgbDCTCoefPredPattern
S	tagCInputBitStream_WMV	28	windows_gdi
F	0	4	m_pBuffer
F	4	4	m_cbBuflen
F	8	4	m_dwDot
F	12	4	m_dwBitsLeft
F	16	4	m_fStreamStaus
F	20	4	m_bNotEndOfFrame
F	24	4	m_uiUserData
S	tagCVector	2	windows_gdi
F	0	1	x
F	1	1	y
S	tagYUV420Frame_WMV	24	windows_gdi
F	0	4	m_pucYPlane
F	4	4	m_pucUPlane
F	8	4	m_pucVPlane
F	12	4	m_pucYPlane_Unaligned
F	16	4	m_pucUPlane_Unaligned
F	20	4	m_pucVPlane_Unaligned
S	tagWMVDecInternalMember	14792	windows_gdi
F	0	4	m_uiUserData
F	4	4	m_pInputBitstream
F	8	4	m_pbitstrmIn
F	12	4	m_uiFOURCCCompressed
F	16	4	m_iPostFilterLevel
F	20	4	m_fltFrameRate
F	24	4	m_fltBitRate
F	28	4	m_iFrameRate
F	32	4	m_iBitRate
F	36	4	m_fPrepared
F	40	4	m_fDecodedI
F	44	2	m_uiNumFramesLeftForOutput
F	46	2	__align0
F	48	4	m_iWidthSource
F	52	4	m_iHeightSource
F	56	4	m_iWidthInternal
F	60	4	m_iWidthInternalTimesMB
F	64	4	m_iHeightInternal
F	68	4	m_iWidthInternalUV
F	72	4	m_iWidthInternalUVTimesBlk
F	76	4	m_iHeightInternalUV
F	80	4	m_bSizeMBAligned
F	84	4	m_uiNumMB
F	88	4	m_uiNumMBX
F	92	4	m_uiNumMBY
F	96	4	m_uintNumMBX
F	100	4	m_uintNumMBY
F	104	4	m_uintNumMB
F	108	4	m_uiRightestMB
F	112	4	m_bMBAligned
F	116	4	m_iFrmWidthSrc
F	120	4	m_iFrmHeightSrc
F	124	4	m_iWidthYRepeatPad
F	128	4	m_iWidthUVRepeatPad
F	132	4	m_iHeightYRepeatPad
F	136	4	m_iHeightUVRepeatPad
F	140	4	m_iWidthY
F	144	4	m_iWidthYPlusExp
F	148	4	m_iHeightY
F	152	4	m_iWidthUV
F	156	4	m_iWidthUVPlusExp
F	160	4	m_iHeightUV
F	164	4	m_iWidthPrevY
F	168	4	m_iWidthPrevUV
F	172	4	m_iHeightPrevY
F	176	4	m_iHeightPrevUV
F	180	4	m_iWidthPrevYXExpPlusExp
F	184	4	m_iWidthPrevUVXExpPlusExp
F	188	4	m_iMBSizeXWidthPrevY
F	192	4	m_iBlkSizeXWidthPrevUV
F	196	4	m_iWidthPrevYxBlkMinusBlk
F	200	4	m_iMVLeftBound
F	204	4	m_iMVRightBound
F	208	4	m_rgiClapTabDec
F	212	4	m_pfrmCurrQ
F	216	4	m_pfrmPrev
F	220	4	m_pfrmPostQ
F	224	4	m_ppxliCurrQPlusExpY
F	228	4	m_ppxliCurrQPlusExpU
F	232	4	m_ppxliCurrQPlusExpV
F	236	4	m_ppxliRef0Y
F	240	4	m_ppxliRef0U
F	244	4	m_ppxliRef0V
F	248	4	m_ppxliRef0YPlusExp
F	252	4	m_ppxliPostQY
F	256	4	m_ppxliPostQU
F	260	4	m_ppxliPostQV
F	264	4	m_ppxliPostQPlusExpY
F	268	4	m_ppxliPostQPlusExpU
F	272	4	m_ppxliPostQPlusExpV
F	276	4	m_rgmv
F	280	4	m_rgmbmd
F	284	4	m_pmbmdZeroCBPCY
F	288	4	m_rgchSkipPrevFrame
F	292	4	m_bIFrameDecoded
F	296	4	m_bXintra8Switch
F	300	4	m_bXformSwitch
F	304	4	m_bSKIPBIT_CODING_
F	308	4	m_bNEW_PCBPCY_TABLE
F	312	4	m_bMixedPel
F	316	4	m_bLoopFilter
F	320	4	m_bRndCtrlOn
F	324	4	m_iRndCtrl
F	328	4	m_iSliceCode
F	332	4	m_uintNumMBYSlice
F	336	4	m_cvCodecVersion
F	340	4	m_bMainProfileOn
F	344	4	m_bMMXSupport
F	348	4	m_tFrmType
F	352	4	m_SkipBitCodingMode
F	356	4	m_bXintra8
F	360	4	m_bFrmHybridMVOn
F	364	4	m_bDCTTable_MB
F	368	4	m_bDCTTable_MB_ENABLED
F	372	4	m_bDCPred_IMBInPFrame
F	376	4	m_bCODFlagOn
F	380	4	m_iMvResolution
F	384	4	m_iStepSize
F	388	4	m_iDCStepSize
F	392	4	m_iDCStepSizeC
F	396	4	m_i2DoublePlusStepSize
F	400	4	m_i2DoublePlusStepSizeNeg
F	404	4	m_iDoubleStepSize
F	408	4	m_iStepMinusStepIsEven
F	412	4	m_bStepSizeIsEven
F	416	4	m_bMBHybridMV
F	420	4	m_bMBXformSwitching
F	424	4	m_iMixedPelMV
F	428	4	m_iFrameXformMode
F	432	4	m_iOffsetToTopMB
F	436	288	m_riReconBuf
F	724	288	m_riPixelError
F	1012	4	m_rgiCoefReconPlus1
F	1016	4	m_rgiCoefRecon
F	1020	4	m_ppxliErrorQ
F	1024	4	m_rgiCoefReconBuf
F	1028	4	m_bRotatedIdct
F	1032	4	m_pZigzagInv_I
F	1036	4	m_pHorizontalZigzagInv
F	1040	4	m_pVerticalZigzagInv
F	1044	4	m_pZigzagInvRotated_I
F	1048	4	m_pHorizontalZigzagInvRotated
F	1052	4	m_pVerticalZigzagInvRotated
F	1056	4	m_pZigzagInvRotated
F	1060	4	m_pZigzagInv
F	1064	4	m_pZigzagScanOrder
F	1068	4	m_p8x4ZigzagInv
F	1072	4	m_p4x8ZigzagInv
F	1076	4	m_p8x4ZigzagInvRotated
F	1080	4	m_p4x8ZigzagInvRotated
F	1084	4	m_p8x4ZigzagScanOrder
F	1088	4	m_p4x8ZigzagScanOrder
F	1092	4	m_iNumOfQuanDctCoefForACPredPerRow
F	1096	4	m_rgiQuanCoefACPred
F	1100	4	m_rgiQuanCoefACPredTable
F	1104	4	m_pAvgQuanDctCoefDec
F	1108	4	m_pAvgQuanDctCoefDecC
F	1112	4	m_pAvgQuanDctCoefDecLeft
F	1116	4	m_pAvgQuanDctCoefDecTop
F	1120	4	m_iEscRunDiffV2V3
F	1124	4	m_iDCPredCorrect
F	1128	4	m_iDCTHorzFlags
F	1132	4	m_bFirstEscCodeInFrame
F	1136	4	m_iNUMBITS_ESC_LEVEL
F	1140	4	m_iNUMBITS_ESC_RUN
F	1144	4	sm_iIDCTDecCount
F	1148	4	m_uiNumProcessors
F	1152	4	m_iNonflatQuant
F	1156	4	m_pSp
F	1160	4	m_pContext
F	1164	4	m_pAltTables
F	1168	4	m_bBMPInitialized
F	1172	4	m_uiFOURCCOutput
F	1176	2	m_uiBitsPerPixelOutput
F	1178	2	__align1
F	1180	4	m_bRefreshBMP
F	1184	4	m_bYUVDstBMP
F	1188	4	m_uiRedscale
F	1192	4	m_uiGreenscale
F	1196	4	m_uiRedmask
F	1200	4	m_uiGreenmask
F	1204	12288	m_rgDitherMap
F	13492	4	m_piYscale
F	13496	4	m_piVtoR
F	13500	4	m_piUtoG
F	13504	4	m_piVtoG
F	13508	4	m_piUtoB
F	13512	4	m_iWidthBMP
F	13516	4	m_iBMPPointerStart
F	13520	4	m_iBMPMBIncrement
F	13524	4	m_iBMPBlkIncrement
F	13528	4	m_iBMPMBHeightIncrement
F	13532	4	m_iBMPBlkHeightIncrement
F	13536	4	m_pBMPBits
F	13540	4	m_iWidthPrevYTimes8Minus8
F	13544	4	m_iWidthPrevUVTimes4Minus4
F	13548	4	m_puXMvFromIndex
F	13552	4	m_puYMvFromIndex
F	13556	4	m_pHufMVDec
F	13560	40	m_hufMVDec_Talking
F	13600	40	m_hufMVDec_HghMt
F	13640	8	m_pHufMVDec_Set
F	13648	16	m_puMvFromIndex_Set
F	13664	4	m_iMVTable
F	13668	40	m_hufDCTDCyDec_Talking
F	13708	40	m_hufDCTDCcDec_Talking
F	13748	40	m_hufDCTDCyDec_HghMt
F	13788	40	m_hufDCTDCcDec_HghMt
F	13828	4	m_iIntraDCTDCTable
F	13832	4	m_pHufDCTDCyDec
F	13836	4	m_pHufDCTDCcDec
F	13840	16	m_pHufDCTDCDec_Set
F	13856	40	m_hufICBPCYDec
F	13896	40	m_hufPCBPCYDec
F	13936	4	m_pHufNewPCBPCYDec
F	13940	40	m_hufPCBPCYDec_HighRate
F	13980	40	m_hufPCBPCYDec_MidRate
F	14020	40	m_hufPCBPCYDec_LowRate
F	14060	40	m_hufDCTACInterDec_HghMt
F	14100	40	m_hufDCTACIntraDec_HghMt
F	14140	40	m_hufDCTACInterDec_Talking
F	14180	40	m_hufDCTACIntraDec_Talking
F	14220	40	m_hufDCTACInterDec_MPEG4
F	14260	40	m_hufDCTACIntraDec_MPEG4
F	14300	36	InterDCTTableInfo_Dec_HghMt
F	14336	36	IntraDCTTableInfo_Dec_HghMt
F	14372	36	InterDCTTableInfo_Dec_Talking
F	14408	36	IntraDCTTableInfo_Dec_Talking
F	14444	36	InterDCTTableInfo_Dec_MPEG4
F	14480	36	IntraDCTTableInfo_Dec_MPEG4
F	14516	4	m_pInterDCTTableInfo_Dec
F	14520	4	m_pIntraDCTTableInfo_Dec
F	14524	12	m_pInterDCTTableInfo_Dec_Set
F	14536	12	m_pIntraDCTTableInfo_Dec_Set
F	14548	4	m_iDCTACInterTableIndx
F	14552	4	m_iDCTACIntraTableIndx
F	14668	4	uiFCode
F	14672	4	iRange
F	14676	4	iScaleFactor
F	14680	4	m_iClockRate
F	14684	4	__align2
F	14688	8	m_t
F	14696	4	m_iVPMBnum
F	14700	4	__align3
F	14704	8	m_tModuloBaseDecd
F	14712	8	m_tModuloBaseDisp
F	14720	8	m_tOldModuloBaseDecd
F	14728	8	m_tOldModuloBaseDisp
F	14736	4	m_iNumBitsTimeIncr
F	14740	4	m_bResyncDisable
F	14744	4	m_bDeblockOn
F	14748	4	m_bDeringOn
F	14752	4	m_bUseOldSetting
F	14756	4	m_bRefreshDisplay_AllMB_Enable
F	14760	4	m_bRefreshDisplay_AllMB
F	14764	4	m_iRefreshDisplay_AllMB_Cnt
F	14768	4	m_iRefreshDisplay_AllMB_Period
F	14772	4	m_bCopySkipMBToPostBuf
F	14776	4	m_bDefaultColorSetting
F	14780	4	m_bCPUQmoved
F	14784	4	m_iPostProcessMode
S	tagPackHuffmanCode_WMV	4	windows_gdi
F	0	4	code
F	0	4	length
S	tagEntry	12	windows_gdi
F	0	4	sizeFront
F	4	4	pEntryNext
F	8	4	pEntryPrev
S	tagListHead	8	windows_gdi
F	0	4	pEntryNext
F	4	4	pEntryPrev
S	tagGroup	516	windows_gdi
F	0	4	cntEntries
F	4	512	listHead
S	tagRegion	16836	windows_gdi
F	0	4	indGroupUse
F	4	64	cntRegionSize
F	68	128	bitvGroupHi
F	196	128	bitvGroupLo
F	324	16512	grpHeadList
S	tagHeader	20	windows_gdi
F	0	4	bitvEntryHi
F	4	4	bitvEntryLo
F	8	4	bitvCommit
F	12	4	pHeapData
F	16	4	pRegion
S	MsgPacket	8	windows_gdi
F	0	4	next
F	4	1	msgPriority
F	5	3	dummy
S	_PROCESSOR_POWER_STATE	136	windows_kernel
F	4	4	Idle0KernelTimeLimit
F	8	4	Idle0LastTime
F	12	4	IdleState
F	16	8	LastCheck
F	24	32	IdleTimes
F	56	4	IdleTime1
F	60	4	PromotionCheck
F	64	4	IdleTime2
F	68	1	CurrentThrottle
F	69	1	ThrottleLimit
F	70	2	Spare1
F	72	4	SetMember
F	76	4	AbortThrottle
F	80	8	DebugDelta
F	88	4	DebugCount
F	92	4	LastSysTime
F	96	40	Spare2
S	_CM_DISK_GEOMETRY_DEVICE_DATA	16	windows_kernel
F	0	4	BytesPerSector
F	4	4	NumberOfCylinders
F	8	4	SectorsPerTrack
F	12	4	NumberOfHeads
S	_RTL_SPLAY_LINKS	12	windows_kernel
F	0	4	Parent
F	4	4	LeftChild
F	8	4	RightChild
S	_IMAGE_IA64_RUNTIME_FUNCTION_ENTRY	12	windows_kernel
F	0	4	BeginAddress
F	4	4	EndAddress
F	8	4	UnwindInfoAddress
S	_PROCESS_HEAP_ENTRY	28	windows_kernel
F	0	4	lpData
F	4	4	cbData
F	8	1	cbOverhead
F	9	1	iRegionIndex
F	10	2	wFlags
F	12	16	Block
F	12	16	Region
S	_SID_AND_ATTRIBUTES	8	windows_kernel
F	0	4	Sid
F	4	4	Attributes
S	_SYSTEM_THREAD_INFORMATION	64	windows_kernel
F	0	8	KernelTime
F	8	8	UserTime
F	16	8	CreateTime
F	24	4	WaitTime
F	28	4	StartAddress
F	32	8	ClientId
F	40	4	Priority
F	44	4	BasePriority
F	48	4	ContextSwitches
F	52	4	ThreadState
F	56	4	WaitReason
S	_SYSTEM_CRASH_DUMP_INFORMATION	8	windows_kernel
F	0	4	CrashDumpSection
F	4	4	hDumpSection
S	_FILE_FS_VOLUME_INFORMATION	24	windows_kernel
F	0	8	VolumeCreationTime
F	8	4	VolumeSerialNumber
F	12	4	VolumeLabelLength
F	16	1	SupportsObjects
F	17	1	VolumeLabel
S	_SYSTEM_HANDLE_TABLE_ENTRY_INFO	16	windows_kernel
F	0	2	UniqueProcessId
F	2	2	CreatorBackTraceIndex
F	4	1	ObjectTypeIndex
F	5	1	HandleAttributes
F	6	2	HandleValue
F	8	4	Object
F	12	4	GrantedAccess
S	_PROCESS_FOREGROUND_BACKGROUND	1	windows_kernel
F	0	1	Foreground
S	_IO_RESOURCE_DESCRIPTOR	32	windows_kernel
F	0	1	Option
F	1	1	Type
F	2	1	ShareDisposition
F	3	1	Spare1
F	4	2	Flags
F	6	2	Spare2
F	8	24	u
S	_FILE_MAILSLOT_QUERY_INFORMATION	24	windows_kernel
F	0	4	MaximumMessageSize
F	4	4	MailslotQuota
F	8	4	NextMessageSize
F	12	4	MessagesAvailable
F	16	8	ReadTimeout
S	_SYSTEM_POOLTAG_INFORMATION	32	windows_kernel
F	0	4	Count
F	4	28	TagInfo
S	_TOKEN_CONTROL	40	windows_kernel
F	0	8	TokenId
F	8	8	AuthenticationId
F	16	8	ModifiedId
F	24	16	TokenSource
S	_KINTERRUPT	112	windows_kernel
F	4	4	ServiceContext
F	8	4	BusInterruptLevel
F	12	4	Irql
F	16	1	Connected
F	17	1	ShareVector
F	18	1	Mode
F	19	1	__align0
F	20	4	ServiceCount
F	24	88	DispatchCode
S	_ACE_HEADER	4	windows_kernel
F	0	1	AceType
F	1	1	AceFlags
F	2	2	AceSize
S	_THREAD_BASIC_INFORMATION	28	windows_kernel
F	0	4	ExitStatus
F	4	4	TebBaseAddress
F	8	8	ClientId
F	16	4	AffinityMask
F	20	4	Priority
F	24	4	BasePriority
S	_SYSTEM_OBJECTTYPE_INFORMATION	56	windows_kernel
F	0	4	NextEntryOffset
F	4	4	NumberOfObjects
F	8	4	NumberOfHandles
F	12	4	TypeIndex
F	16	4	InvalidAttributes
F	20	16	GenericMapping
F	36	4	ValidAccessMask
F	40	4	PoolType
F	44	1	SecurityRequired
F	45	1	WaitableObject
F	46	2	__align0
F	48	8	TypeName
S	_RTL_HEAP_ENTRY	16	windows_kernel
F	0	4	Size
F	4	2	Flags
F	6	2	AllocatorBackTraceIndex
F	8	8	u
S	_KMUTANT	32	windows_kernel
F	0	16	Header
F	16	8	MutantListEntry
F	24	4	OwnerThread
F	28	1	Abandoned
S	_KEVENT	16	windows_kernel
F	0	16	Header
S	_SYSTEM_SET_TIME_ADJUST_INFORMATION	8	windows_kernel
F	0	4	TimeAdjustment
F	4	1	Enable
S	_IMAGE_OPTIONAL_HEADER64	240	windows_kernel
F	0	2	Magic
F	2	1	MajorLinkerVersion
F	3	1	MinorLinkerVersion
F	4	4	SizeOfCode
F	8	4	SizeOfInitializedData
F	12	4	SizeOfUninitializedData
F	16	4	AddressOfEntryPoint
F	20	4	BaseOfCode
F	24	8	ImageBase
F	32	4	SectionAlignment
F	36	4	FileAlignment
F	40	2	MajorOperatingSystemVersion
F	42	2	MinorOperatingSystemVersion
F	44	2	MajorImageVersion
F	46	2	MinorImageVersion
F	48	2	MajorSubsystemVersion
F	50	2	MinorSubsystemVersion
F	52	4	Win32VersionValue
F	56	4	SizeOfImage
F	60	4	SizeOfHeaders
F	64	4	CheckSum
F	68	2	Subsystem
F	70	2	DllCharacteristics
F	72	8	SizeOfStackReserve
F	80	8	SizeOfStackCommit
F	88	8	SizeOfHeapReserve
F	96	8	SizeOfHeapCommit
F	104	4	LoaderFlags
F	108	4	NumberOfRvaAndSizes
F	112	128	DataDirectory
S	_KTIMER	40	windows_kernel
F	0	16	Header
F	16	8	DueTime
F	24	8	TimerListEntry
F	32	4	Dpc
F	36	4	Period
S	_IMAGE_AUX_SYMBOL	18	windows_kernel
F	0	18	Sym
F	0	18	File
F	0	16	Section
S	_FILE_PIPE_LOCAL_INFORMATION	40	windows_kernel
F	0	4	NamedPipeType
F	4	4	NamedPipeConfiguration
F	8	4	MaximumInstances
F	12	4	CurrentInstances
F	16	4	InboundQuota
F	20	4	ReadDataAvailable
F	24	4	OutboundQuota
F	28	4	WriteQuotaAvailable
F	32	4	NamedPipeState
F	36	4	NamedPipeEnd
S	_KDPC	28	windows_kernel
F	0	2	Type
F	2	1	Inserted
F	3	1	Padding
F	4	8	DpcListEntry
F	16	4	DeferredContext
F	20	4	SystemArgument1
F	24	4	SystemArgument2
S	_KDEVICE_QUEUE	12	windows_kernel
F	0	2	Type
F	2	1	Size
F	3	1	Busy
F	4	8	DeviceListHead
S	_RTL_BITMAP	8	windows_kernel
F	0	4	SizeOfBitMap
F	4	4	Buffer
S	_FILE_REPARSE_POINT_INFORMATION	16	windows_kernel
F	0	8	FileReference
F	8	4	Tag
S	_CM_PNP_BIOS_INSTALLATION_CHECK	33	windows_kernel
F	0	4	Signature
F	4	1	Revision
F	5	1	Length
F	6	2	ControlField
F	8	1	Checksum
F	9	4	EventFlagAddress
F	13	2	RealModeEntryOffset
F	15	2	RealModeEntrySegment
F	17	2	ProtectedModeEntryOffset
F	19	4	ProtectedModeCodeBaseAddress
F	23	4	OemDeviceId
F	27	2	RealModeDataBaseAddress
F	29	4	ProtectedModeDataBaseAddress
S	_IMAGE_RESOURCE_DIRECTORY_ENTRY	8	windows_kernel
F	0	4	NameOffset
F	0	4	NameIsString
F	0	4	Name
F	0	2	Id
F	2	2	__align0
F	4	4	OffsetToData
F	4	4	OffsetToDirectory
F	4	4	DataIsDirectory
S	_IMAGE_NT_HEADERS	248	windows_kernel
F	0	4	Signature
F	4	20	FileHeader
F	24	224	OptionalHeader
S	_TOKEN_DEFAULT_DACL	4	windows_kernel
F	0	4	DefaultDacl
S	_FILE_FS_CONTROL_INFORMATION	48	windows_kernel
F	0	8	FreeSpaceStartFiltering
F	8	8	FreeSpaceThreshold
F	16	8	FreeSpaceStopFiltering
F	24	8	DefaultQuotaThreshold
F	32	8	DefaultQuotaLimit
F	40	4	FileSystemControlFlags
S	_KPCR	644	windows_kernel
F	0	28	NtTib
F	28	4	SelfPcr
F	32	4	Prcb
F	36	1	Irql
F	37	3	__align0
F	40	604	PrcbData
S	_RTL_PERTHREAD_CURDIR	12	windows_kernel
F	0	4	CurrentDirectories
F	4	4	ImageName
F	8	4	Environment
S	_IO_COMPLETION_BASIC_INFORMATION	4	windows_kernel
F	0	4	Depth
S	_IMAGE_FUNCTION_ENTRY64	24	windows_kernel
F	0	8	StartingAddress
F	8	8	EndingAddress
F	16	8	EndOfPrologue
F	16	8	UnwindInfoAddress
S	_KAPC	40	windows_kernel
F	0	2	Type
F	2	1	ApcMode
F	3	1	Inserted
F	4	4	Thread
F	8	8	ApcListEntry
F	28	4	NormalContext
F	32	4	SystemArgument1
F	36	4	SystemArgument2
S	_KSEMAPHORE	20	windows_kernel
F	0	16	Header
F	16	4	Limit
S	_PORT_VIEW	24	windows_kernel
F	0	4	Length
F	4	4	SectionHandle
F	8	4	SectionOffset
F	12	4	ViewSize
F	16	4	ViewBase
F	20	4	ViewRemoteBase
S	_CM_EISA_SLOT_INFORMATION	12	windows_kernel
F	0	1	ReturnCode
F	1	1	ReturnFlags
F	2	1	MajorRevision
F	3	1	MinorRevision
F	4	2	Checksum
F	6	1	NumberFunctions
F	7	1	FunctionInformation
F	8	4	CompressedId
S	_RTL_BITMAP_RUN	8	windows_kernel
F	0	4	StartingIndex
F	4	4	NumberOfBits
S	_KEY_BASIC_INFORMATION	24	windows_kernel
F	0	8	LastWriteTime
F	8	4	TitleIndex
F	12	4	NameLength
F	16	2	Name
S	_KAPC_STATE	24	windows_kernel
F	0	16	ApcListHead
F	16	4	Process
F	20	1	KernelApcInProgress
F	21	1	KernelApcPending
F	22	1	UserApcPending
F	23	1	ApcQueueable
S	_SYSTEM_POOLTAG	28	windows_kernel
F	0	4	Tag
F	0	4	TagUlong
F	4	4	PagedAllocs
F	8	4	PagedFrees
F	12	4	PagedUsed
F	16	4	NonPagedAllocs
F	20	4	NonPagedFrees
F	24	4	NonPagedUsed
S	_SYSTEM_PROCESSOR_INFORMATION	12	windows_kernel
F	0	2	ProcessorArchitecture
F	2	2	ProcessorLevel
F	4	2	ProcessorRevision
F	6	2	Reserved
F	8	4	ProcessorFeatureBits
S	_TOKEN_SOURCE	16	windows_kernel
F	0	8	SourceName
F	8	8	SourceIdentifier
S	_KERNEL_USER_TIMES	32	windows_kernel
F	0	8	CreateTime
F	8	8	ExitTime
F	16	8	KernelTime
F	24	8	UserTime
S	_KD_SYMBOLS_INFO	16	windows_kernel
F	0	4	BaseOfDll
F	4	4	ProcessId
F	8	4	CheckSum
F	12	4	SizeOfImage
S	_SYSTEM_PROCESSOR_PERFORMANCE_INFORMATION	48	windows_kernel
F	0	8	IdleTime
F	8	8	KernelTime
F	16	8	UserTime
F	24	8	DpcTime
F	32	8	InterruptTime
F	40	4	InterruptCount
S	_KPROCESSOR_STATE	652	windows_kernel
F	0	568	ContextFrame
F	568	84	SpecialRegisters
S	_FILE_COMPLETION_INFORMATION	8	windows_kernel
F	0	4	Port
F	4	4	Key
S	_FILE_ACCESS_INFORMATION	4	windows_kernel
F	0	4	AccessFlags
S	_SECURITY_TOKEN_PROXY_DATA	24	windows_kernel
F	0	4	Length
F	4	4	ProxyClass
F	8	8	PathInfo
F	16	4	ContainerMask
F	20	4	ObjectMask
S	_SYSTEM_ALARM_OBJECT_ACE	48	windows_kernel
F	0	4	Header
F	4	4	Mask
F	8	4	Flags
F	12	16	ObjectType
F	28	16	InheritedObjectType
F	44	4	SidStart
S	_CM_RESOURCE_LIST	36	windows_kernel
F	0	4	Count
F	4	32	List
S	_KFLOATING_SAVE	32	windows_kernel
F	0	4	ControlWord
F	4	4	StatusWord
F	8	4	ErrorOffset
F	12	4	ErrorSelector
F	16	4	DataOffset
F	20	4	DataSelector
F	24	4	Cr0NpxState
F	28	4	Spare1
S	_IMAGE_ROM_HEADERS	76	windows_kernel
F	0	20	FileHeader
F	20	56	OptionalHeader
S	_IMAGE_DEBUG_DIRECTORY	28	windows_kernel
F	0	4	Characteristics
F	4	4	TimeDateStamp
F	8	2	MajorVersion
F	10	2	MinorVersion
F	12	4	Type
F	16	4	SizeOfData
F	20	4	AddressOfRawData
F	24	4	PointerToRawData
S	_TOKEN_USER	8	windows_kernel
F	0	8	User
S	_IMAGE_LINENUMBER	6	windows_kernel
F	0	4	Type
F	4	2	Linenumber
S	_RTL_PROCESS_LOCK_INFORMATION	36	windows_kernel
F	0	4	Address
F	4	2	Type
F	6	2	CreatorBackTraceIndex
F	8	4	OwningThread
F	12	4	LockCount
F	16	4	ContentionCount
F	20	4	EntryCount
F	24	4	RecursionCount
F	28	4	NumberOfWaitingShared
F	32	4	NumberOfWaitingExclusive
S	_IMAGE_ALPHA_RUNTIME_FUNCTION_ENTRY	20	windows_kernel
F	0	4	BeginAddress
F	4	4	EndAddress
F	8	4	ExceptionHandler
F	12	4	HandlerData
F	16	4	PrologEndAddress
S	_SYSTEM_POOL_INFORMATION	28	windows_kernel
F	0	4	TotalSize
F	4	4	FirstEntry
F	8	2	EntryOverhead
F	10	1	PoolTagPresent
F	11	1	Spare0
F	12	4	NumberOfEntries
F	16	12	Entries
S	_SYSTEM_PROCESS_INFORMATION	184	windows_kernel
F	0	4	NextEntryOffset
F	4	4	NumberOfThreads
F	8	8	SpareLi1
F	16	8	SpareLi2
F	24	8	SpareLi3
F	32	8	CreateTime
F	40	8	UserTime
F	48	8	KernelTime
F	56	8	ImageName
F	64	4	BasePriority
F	68	4	UniqueProcessId
F	72	4	InheritedFromUniqueProcessId
F	76	4	HandleCount
F	80	4	SessionId
F	84	4	SpareUl3
F	88	4	PeakVirtualSize
F	92	4	VirtualSize
F	96	4	PageFaultCount
F	100	4	PeakWorkingSetSize
F	104	4	WorkingSetSize
F	108	4	QuotaPeakPagedPoolUsage
F	112	4	QuotaPagedPoolUsage
F	116	4	QuotaPeakNonPagedPoolUsage
F	120	4	QuotaNonPagedPoolUsage
F	124	4	PagefileUsage
F	128	4	PeakPagefileUsage
F	132	4	PrivatePageCount
F	136	8	ReadOperationCount
F	144	8	WriteOperationCount
F	152	8	OtherOperationCount
F	160	8	ReadTransferCount
F	168	8	WriteTransferCount
F	176	8	OtherTransferCount
S	_KEY_VALUE_ENTRY	16	windows_kernel
F	0	4	ValueName
F	4	4	DataLength
F	8	4	DataOffset
F	12	4	Type
S	_RTL_HEAP_USAGE_ENTRY	16	windows_kernel
F	0	4	Next
F	4	4	Address
F	8	4	Size
F	12	2	AllocatorBackTraceIndex
F	14	2	TagIndex
S	_FILE_NETWORK_OPEN_INFORMATION	56	windows_kernel
F	0	8	CreationTime
F	8	8	LastAccessTime
F	16	8	LastWriteTime
F	24	8	ChangeTime
F	32	8	AllocationSize
F	40	8	EndOfFile
F	48	4	FileAttributes
S	_KTHREAD	272	windows_kernel
F	0	16	Header
F	16	8	MutantListHead
F	24	4	KernelTime
F	28	4	StackBase
F	32	4	StackLimit
F	36	4	KernelStack
F	40	4	TlsData
F	44	1	State
F	45	2	Alerted
F	47	1	Alertable
F	48	1	NpxState
F	49	1	Saturation
F	50	1	Priority
F	51	1	Padding
F	52	24	ApcState
F	76	4	ContextSwitches
F	80	4	WaitStatus
F	84	1	WaitIrql
F	85	1	WaitMode
F	86	1	WaitNext
F	87	1	WaitReason
F	88	4	WaitBlockList
F	92	8	WaitListEntry
F	100	4	WaitTime
F	104	4	KernelApcDisable
F	108	4	Quantum
F	112	1	BasePriority
F	113	1	DecrementCount
F	114	1	PriorityDecrement
F	115	1	DisableBoost
F	116	1	NpxIrql
F	117	1	SuspendCount
F	118	1	Preempted
F	119	1	HasTerminated
F	120	4	Queue
F	124	8	QueueListEntry
F	132	4	__align0
F	136	40	Timer
F	176	24	TimerWaitBlock
F	200	40	SuspendApc
F	240	20	SuspendSemaphore
F	260	8	ThreadListEntry
S	_IMAGE_CE_RUNTIME_FUNCTION_ENTRY	8	windows_kernel
F	0	4	FuncStart
F	4	4	PrologLen
F	4	4	FuncLen
F	4	4	ThirtyTwoBit
F	4	4	ExceptionFlag
S	_SID_IDENTIFIER_AUTHORITY	6	windows_kernel
F	0	6	Value
S	_FILE_FS_FULL_SIZE_INFORMATION	32	windows_kernel
F	0	8	TotalAllocationUnits
F	8	8	CallerAvailableAllocationUnits
F	16	8	ActualAvailableAllocationUnits
F	24	4	SectorsPerAllocationUnit
F	28	4	BytesPerSector
S	_IMAGE_VXD_HEADER	196	windows_kernel
F	0	2	e32_magic
F	2	1	e32_border
F	3	1	e32_worder
F	4	4	e32_level
F	8	2	e32_cpu
F	10	2	e32_os
F	12	4	e32_ver
F	16	4	e32_mflags
F	20	4	e32_mpages
F	24	4	e32_startobj
F	28	4	e32_eip
F	32	4	e32_stackobj
F	36	4	e32_esp
F	40	4	e32_pagesize
F	44	4	e32_lastpagesize
F	48	4	e32_fixupsize
F	52	4	e32_fixupsum
F	56	4	e32_ldrsize
F	60	4	e32_ldrsum
F	64	4	e32_objtab
F	68	4	e32_objcnt
F	72	4	e32_objmap
F	76	4	e32_itermap
F	80	4	e32_rsrctab
F	84	4	e32_rsrccnt
F	88	4	e32_restab
F	92	4	e32_enttab
F	96	4	e32_dirtab
F	100	4	e32_dircnt
F	104	4	e32_fpagetab
F	108	4	e32_frectab
F	112	4	e32_impmod
F	116	4	e32_impmodcnt
F	120	4	e32_impproc
F	124	4	e32_pagesum
F	128	4	e32_datapage
F	132	4	e32_preload
F	136	4	e32_nrestab
F	140	4	e32_cbnrestab
F	144	4	e32_nressum
F	148	4	e32_autodata
F	152	4	e32_debuginfo
F	156	4	e32_debuglen
F	160	4	e32_instpreload
F	164	4	e32_instdemand
F	168	4	e32_heapsize
F	172	12	e32_res3
F	184	4	e32_winresoff
F	188	4	e32_winreslen
F	192	2	e32_devid
F	194	2	e32_ddkver
S	_CM_MCA_POS_DATA	6	windows_kernel
F	0	2	AdapterId
F	2	1	PosData1
F	3	1	PosData2
F	4	1	PosData3
F	5	1	PosData4
S	_FILE_MAILSLOT_SET_INFORMATION	4	windows_kernel
F	0	4	ReadTimeout
S	_RTL_RELATIVE_NAME	12	windows_kernel
F	0	8	RelativeName
F	8	4	ContainingDirectory
S	_IMAGE_OPTIONAL_HEADER	224	windows_kernel
F	0	2	Magic
F	2	1	MajorLinkerVersion
F	3	1	MinorLinkerVersion
F	4	4	SizeOfCode
F	8	4	SizeOfInitializedData
F	12	4	SizeOfUninitializedData
F	16	4	AddressOfEntryPoint
F	20	4	BaseOfCode
F	24	4	BaseOfData
F	28	4	ImageBase
F	32	4	SectionAlignment
F	36	4	FileAlignment
F	40	2	MajorOperatingSystemVersion
F	42	2	MinorOperatingSystemVersion
F	44	2	MajorImageVersion
F	46	2	MinorImageVersion
F	48	2	MajorSubsystemVersion
F	50	2	MinorSubsystemVersion
F	52	4	Win32VersionValue
F	56	4	SizeOfImage
F	60	4	SizeOfHeaders
F	64	4	CheckSum
F	68	2	Subsystem
F	70	2	DllCharacteristics
F	72	4	SizeOfStackReserve
F	76	4	SizeOfStackCommit
F	80	4	SizeOfHeapReserve
F	84	4	SizeOfHeapCommit
F	88	4	LoaderFlags
F	92	4	NumberOfRvaAndSizes
F	96	128	DataDirectory
S	_IMAGE_COFF_SYMBOLS_HEADER	32	windows_kernel
F	0	4	NumberOfSymbols
F	4	4	LvaToFirstSymbol
F	8	4	NumberOfLinenumbers
F	12	4	LvaToFirstLinenumber
F	16	4	RvaToFirstByteOfCode
F	20	4	RvaToLastByteOfCode
F	24	4	RvaToFirstByteOfData
F	28	4	RvaToLastByteOfData
S	_IMAGE_SYMBOL	18	windows_kernel
F	0	8	N
F	8	4	Value
F	12	2	SectionNumber
F	14	2	Type
F	16	1	StorageClass
F	17	1	NumberOfAuxSymbols
S	_SYSTEM_CRASH_STATE_INFORMATION	8	windows_kernel
F	0	4	ValidCrashDump
F	4	4	ValidDirectDump
S	_FILE_FS_LABEL_INFORMATION	8	windows_kernel
F	0	4	VolumeLabelLength
F	4	1	VolumeLabel
S	_IO_RESOURCE_LIST	40	windows_kernel
F	0	2	Version
F	2	2	Revision
F	4	4	Count
F	8	32	Descriptors
S	_IMAGE_THUNK_DATA32	4	windows_kernel
F	0	4	u1
S	_RTL_PROCESS_BACKTRACE_INFORMATION	140	windows_kernel
F	0	4	SymbolicBackTrace
F	4	4	TraceCount
F	8	2	Index
F	10	2	Depth
F	12	128	BackTrace
S	_SYSTEM_VERIFIER_INFORMATION	104	windows_kernel
F	0	4	NextEntryOffset
F	4	4	Level
F	8	8	DriverName
F	16	4	RaiseIrqls
F	20	4	AcquireSpinLocks
F	24	4	SynchronizeExecutions
F	28	4	AllocationsAttempted
F	32	4	AllocationsSucceeded
F	36	4	AllocationsSucceededSpecialPool
F	40	4	AllocationsWithNoTag
F	44	4	TrimRequests
F	48	4	Trims
F	52	4	AllocationsFailed
F	56	4	AllocationsFailedDeliberately
F	60	4	Loads
F	64	4	Unloads
F	68	4	UnTrackedPool
F	72	4	CurrentPagedPoolAllocations
F	76	4	CurrentNonPagedPoolAllocations
F	80	4	PeakPagedPoolAllocations
F	84	4	PeakNonPagedPoolAllocations
F	88	4	PagedPoolUsageInBytes
F	92	4	NonPagedPoolUsageInBytes
F	96	4	PeakPagedPoolUsageInBytes
F	100	4	PeakNonPagedPoolUsageInBytes
S	_CM_SERIAL_DEVICE_DATA	8	windows_kernel
F	0	2	Version
F	2	2	Revision
F	4	4	BaudClock
S	_KEY_VALUE_FULL_INFORMATION	24	windows_kernel
F	0	4	TitleIndex
F	4	4	Type
F	8	4	DataOffset
F	12	4	DataLength
F	16	4	NameLength
F	20	2	Name
S	_SYSTEM_SESSION_PROCESS_INFORMATION	12	windows_kernel
F	0	4	SessionId
F	4	4	SizeOfBuf
F	8	4	Buffer
S	_SYSTEM_CALL_TIME_INFORMATION	16	windows_kernel
F	0	4	Length
F	4	4	TotalCalls
F	8	8	TimeOfCalls
S	_KTSS	8364	windows_kernel
F	0	2	Backlink
F	2	2	Reserved0
F	4	4	Esp0
F	8	2	Ss0
F	10	2	Reserved1
F	12	4	Esp1
F	16	2	Ss1
F	18	2	Reserved2
F	20	4	Esp2
F	24	2	Ss2
F	26	2	Reserved3
F	28	4	CR3
F	32	4	Eip
F	36	4	EFlags
F	40	4	Eax
F	44	4	Ecx
F	48	4	Edx
F	52	4	Ebx
F	56	4	Esp
F	60	4	Ebp
F	64	4	Esi
F	68	4	Edi
F	72	2	Es
F	74	2	Reserved4
F	76	2	Cs
F	78	2	Reserved5
F	80	2	Ss
F	82	2	Reserved6
F	84	2	Ds
F	86	2	Reserved7
F	88	2	Fs
F	90	2	Reserved8
F	92	2	Gs
F	94	2	Reserved9
F	96	2	LDT
F	98	2	Reserved10
F	100	2	Flags
F	102	2	IoMapBase
F	104	8228	IoMaps
F	8332	32	IntDirectionMap
S	_KPRCB	604	windows_kernel
F	0	4	CurrentThread
F	4	4	NextThread
F	8	4	IdleThread
F	12	4	NpxThread
F	16	4	InterruptCount
F	20	4	DpcTime
F	24	4	InterruptTime
F	28	4	DebugDpcTime
F	32	4	KeContextSwitches
F	36	4	DpcInterruptRequested
F	40	8	DpcListHead
F	48	4	DpcRoutineActive
F	52	4	DpcStack
F	56	4	QuantumEnd
F	60	528	NpxSaveArea
F	588	4	DmEnetFunc
F	592	4	DebugMonitorData
F	596	4	DebugHaltThread
F	600	4	DebugDoubleFault
S	IMPORT_OBJECT_HEADER	20	windows_kernel
F	0	2	Sig1
F	2	2	Sig2
F	4	2	Version
F	6	2	Machine
F	8	4	TimeDateStamp
F	12	4	SizeOfData
F	16	2	Ordinal
F	16	2	Hint
F	18	2	Type
F	18	2	NameType
F	18	2	Reserved
S	_SYSTEM_HANDLE_INFORMATION	20	windows_kernel
F	0	4	NumberOfHandles
F	4	16	Handles
S	_HARDERROR_MSG	80	windows_kernel
F	0	24	h
F	24	4	Status
F	28	4	__align0
F	32	8	ErrorTime
F	40	4	ValidResponseOptions
F	44	4	Response
F	48	4	NumberOfParameters
F	52	4	UnicodeStringParameterMask
F	56	20	Parameters
S	_KQUEUE	40	windows_kernel
F	0	16	Header
F	16	8	EntryListHead
F	24	4	CurrentCount
F	28	4	MaximumCount
F	32	8	ThreadListHead
S	_IMAGE_FILE_HEADER	20	windows_kernel
F	0	2	Machine
F	2	2	NumberOfSections
F	4	4	TimeDateStamp
F	8	4	PointerToSymbolTable
F	12	4	NumberOfSymbols
F	16	2	SizeOfOptionalHeader
F	18	2	Characteristics
S	_KEY_VALUE_PARTIAL_INFORMATION	16	windows_kernel
F	0	4	TitleIndex
F	4	4	Type
F	8	4	DataLength
F	12	1	Data
S	_KEY_NAME_INFORMATION	8	windows_kernel
F	0	4	NameLength
F	4	2	Name
S	_RTL_PROCESS_HEAPS	68	windows_kernel
F	0	4	NumberOfHeaps
F	4	64	Heaps
S	_IMAGE_RELOCATION	10	windows_kernel
F	0	4	VirtualAddress
F	0	4	RelocCount
F	4	4	SymbolTableIndex
F	8	2	Type
S	_KSYSTEM_TIME	12	windows_kernel
F	0	4	LowPart
F	4	4	High1Time
F	8	4	High2Time
S	_FILE_MOVE_CLUSTER_INFORMATION	16	windows_kernel
F	0	4	ClusterCount
F	4	4	RootDirectory
F	8	4	FileNameLength
F	12	1	FileName
S	_IMAGE_SEPARATE_DEBUG_HEADER	48	windows_kernel
F	0	2	Signature
F	2	2	Flags
F	4	2	Machine
F	6	2	Characteristics
F	8	4	TimeDateStamp
F	12	4	CheckSum
F	16	4	ImageBase
F	20	4	SizeOfImage
F	24	4	NumberOfSections
F	28	4	ExportedNamesSize
F	32	4	DebugDirectorySize
F	36	4	SectionAlignment
F	40	8	Reserved
S	_FILE_LINK_INFORMATION	16	windows_kernel
F	0	1	ReplaceIfExists
F	1	3	__align0
F	4	4	RootDirectory
F	8	4	FileNameLength
F	12	1	FileName
S	_FILE_ATTRIBUTE_TAG_INFORMATION	8	windows_kernel
F	0	4	FileAttributes
F	4	4	ReparseTag
S	_RTL_HANDLE_TABLE	32	windows_kernel
F	0	4	MaximumNumberOfHandles
F	4	4	SizeOfHandleTableEntry
F	8	8	Reserved
F	16	4	FreeHandles
F	20	4	CommittedHandles
F	24	4	UnCommittedHandles
F	28	4	MaxReservedHandles
S	_FILE_ALLOCATION_INFORMATION	8	windows_kernel
F	0	8	AllocationSize
S	_RTL_DEBUG_INFORMATION	96	windows_kernel
F	0	4	SectionHandleClient
F	4	4	ViewBaseClient
F	8	4	ViewBaseTarget
F	12	4	ViewBaseDelta
F	16	4	EventPairClient
F	20	4	EventPairTarget
F	24	4	TargetProcessId
F	28	4	TargetThreadHandle
F	32	4	Flags
F	36	4	OffsetFree
F	40	4	CommitSize
F	44	4	ViewSize
F	48	4	Modules
F	52	4	BackTraces
F	56	4	Heaps
F	60	4	Locks
F	64	4	SpecificHeap
F	68	4	TargetProcessHandle
F	72	24	Reserved
S	_CM_INT13_DRIVE_PARAMETER	12	windows_kernel
F	0	2	DriveSelect
F	2	4	MaxCylinders
F	6	2	SectorsPerTrack
F	8	2	MaxHeads
F	10	2	NumberDrives
S	_IMAGE_ARCHIVE_MEMBER_HEADER	60	windows_kernel
F	0	16	Name
F	16	12	Date
F	28	6	UserID
F	34	6	GroupID
F	40	8	Mode
F	48	10	Size
F	58	2	EndHeader
S	_SYSTEM_KERNEL_DEBUGGER_INFORMATION	2	windows_kernel
F	0	1	KernelDebuggerEnabled
F	1	1	KernelDebuggerNotPresent
S	_PROCESS_PRIORITY_CLASS	2	windows_kernel
F	0	1	Foreground
F	1	1	PriorityClass
S	_EVENT_BASIC_INFORMATION	8	windows_kernel
F	0	4	EventType
F	4	4	EventState
S	_IMAGE_EXPORT_DIRECTORY	40	windows_kernel
F	0	4	Characteristics
F	4	4	TimeDateStamp
F	8	2	MajorVersion
F	10	2	MinorVersion
F	12	4	Name
F	16	4	Base
F	20	4	NumberOfFunctions
F	24	4	NumberOfNames
F	28	4	AddressOfFunctions
F	32	4	AddressOfNames
F	36	4	AddressOfNameOrdinals
S	_RTL_DRIVE_LETTER_CURDIR	16	windows_kernel
F	0	2	Flags
F	2	2	Length
F	4	4	TimeStamp
F	8	8	DosPath
S	_POWER_STATE	4	windows_kernel
F	0	4	SystemState
F	0	4	DeviceState
S	_FILE_SEGMENT_ELEMENT	4	windows_kernel
F	0	4	Buffer
F	0	4	Alignment
S	_FILE_END_OF_FILE_INFORMATION	8	windows_kernel
F	0	8	EndOfFile
S	_PORT_DATA_ENTRY	8	windows_kernel
F	0	4	Base
F	4	4	Size
S	_CM_COMPONENT_INFORMATION	16	windows_kernel
F	0	4	Flags
F	4	4	Version
F	8	4	Key
F	12	4	AffinityMask
S	_RTL_PROCESS_BACKTRACES	156	windows_kernel
F	0	4	CommittedMemory
F	4	4	ReservedMemory
F	8	4	NumberOfBackTraceLookups
F	12	4	NumberOfBackTraces
F	16	140	BackTraces
S	_SECURITY_DESCRIPTOR_RELATIVE	20	windows_kernel
F	0	1	Revision
F	1	1	Sbz1
F	2	2	Control
F	4	4	Owner
F	8	4	Group
F	12	4	Sacl
F	16	4	Dacl
S	_FILE_NAMES_INFORMATION	16	windows_kernel
F	0	4	NextEntryOffset
F	4	4	FileIndex
F	8	4	FileNameLength
F	12	1	FileName
S	_RTL_RANGE_LIST	20	windows_kernel
F	0	8	ListHead
F	8	4	Flags
F	12	4	Count
F	16	4	Stamp
S	_TOKEN_STATISTICS	56	windows_kernel
F	0	8	TokenId
F	8	8	AuthenticationId
F	16	8	ExpirationTime
F	24	4	TokenType
F	28	4	ImpersonationLevel
F	32	4	DynamicCharged
F	36	4	DynamicAvailable
F	40	4	GroupCount
F	44	4	PrivilegeCount
F	48	8	ModifiedId
S	_FILE_EA_INFORMATION	4	windows_kernel
F	0	4	EaSize
S	_KEY_VALUE_PARTIAL_INFORMATION_ALIGN64	12	windows_kernel
F	0	4	Type
F	4	4	DataLength
F	8	1	Data
S	_KEY_VALUE_BASIC_INFORMATION	16	windows_kernel
F	0	4	TitleIndex
F	4	4	Type
F	8	4	NameLength
F	12	2	Name
S	_IMAGE_RESOURCE_DATA_ENTRY	16	windows_kernel
F	0	4	OffsetToData
F	4	4	Size
F	8	4	CodePage
F	12	4	Reserved
S	_SYSTEM_PERFORMANCE_INFORMATION	312	windows_kernel
F	0	8	IdleProcessTime
F	8	8	IoReadTransferCount
F	16	8	IoWriteTransferCount
F	24	8	IoOtherTransferCount
F	32	4	IoReadOperationCount
F	36	4	IoWriteOperationCount
F	40	4	IoOtherOperationCount
F	44	4	AvailablePages
F	48	4	CommittedPages
F	52	4	CommitLimit
F	56	4	PeakCommitment
F	60	4	PageFaultCount
F	64	4	CopyOnWriteCount
F	68	4	TransitionCount
F	72	4	CacheTransitionCount
F	76	4	DemandZeroCount
F	80	4	PageReadCount
F	84	4	PageReadIoCount
F	88	4	CacheReadCount
F	92	4	CacheIoCount
F	96	4	DirtyPagesWriteCount
F	100	4	DirtyWriteIoCount
F	104	4	MappedPagesWriteCount
F	108	4	MappedWriteIoCount
F	112	4	PagedPoolPages
F	116	4	NonPagedPoolPages
F	120	4	PagedPoolAllocs
F	124	4	PagedPoolFrees
F	128	4	NonPagedPoolAllocs
F	132	4	NonPagedPoolFrees
F	136	4	FreeSystemPtes
F	140	4	ResidentSystemCodePage
F	144	4	TotalSystemDriverPages
F	148	4	TotalSystemCodePages
F	152	4	NonPagedPoolLookasideHits
F	156	4	PagedPoolLookasideHits
F	160	4	Spare3Count
F	164	4	ResidentSystemCachePage
F	168	4	ResidentPagedPoolPage
F	172	4	ResidentSystemDriverPage
F	176	4	CcFastReadNoWait
F	180	4	CcFastReadWait
F	184	4	CcFastReadResourceMiss
F	188	4	CcFastReadNotPossible
F	192	4	CcFastMdlReadNoWait
F	196	4	CcFastMdlReadWait
F	200	4	CcFastMdlReadResourceMiss
F	204	4	CcFastMdlReadNotPossible
F	208	4	CcMapDataNoWait
F	212	4	CcMapDataWait
F	216	4	CcMapDataNoWaitMiss
F	220	4	CcMapDataWaitMiss
F	224	4	CcPinMappedDataCount
F	228	4	CcPinReadNoWait
F	232	4	CcPinReadWait
F	236	4	CcPinReadNoWaitMiss
F	240	4	CcPinReadWaitMiss
F	244	4	CcCopyReadNoWait
F	248	4	CcCopyReadWait
F	252	4	CcCopyReadNoWaitMiss
F	256	4	CcCopyReadWaitMiss
F	260	4	CcMdlReadNoWait
F	264	4	CcMdlReadWait
F	268	4	CcMdlReadNoWaitMiss
F	272	4	CcMdlReadWaitMiss
F	276	4	CcReadAheadIos
F	280	4	CcLazyWriteIos
F	284	4	CcLazyWritePages
F	288	4	CcDataFlushes
F	292	4	CcDataPages
F	296	4	ContextSwitches
F	300	4	FirstLevelTbFills
F	304	4	SecondLevelTbFills
F	308	4	SystemCalls
S	_KSPECIAL_REGISTERS	84	windows_kernel
F	0	4	Cr0
F	4	4	Cr2
F	8	4	Cr3
F	12	4	Cr4
F	16	4	KernelDr0
F	20	4	KernelDr1
F	24	4	KernelDr2
F	28	4	KernelDr3
F	32	4	KernelDr6
F	36	4	KernelDr7
F	40	8	Gdtr
F	48	8	Idtr
F	56	2	Tr
F	58	2	Ldtr
F	60	24	Reserved
S	_SYSTEM_EXCEPTION_INFORMATION	16	windows_kernel
F	0	4	AlignmentFixupCount
F	4	4	ExceptionDispatchCount
F	8	4	FloatingEmulationCount
F	12	4	ByteWordEmulationCount
S	_CM_FLOPPY_DEVICE_DATA	36	windows_kernel
F	0	2	Version
F	2	2	Revision
F	4	8	Size
F	12	4	MaxDensity
F	16	4	MountDensity
F	20	1	StepRateHeadUnloadTime
F	21	1	HeadLoadTime
F	22	1	MotorOffTime
F	23	1	SectorLengthCode
F	24	1	SectorPerTrack
F	25	1	ReadWriteGapLength
F	26	1	DataTransferLength
F	27	1	FormatGapLength
F	28	1	FormatFillCharacter
F	29	1	HeadSettleTime
F	30	1	MotorSettleTime
F	31	1	MaximumTrackValue
F	32	1	DataTransferRate
S	_IMAGE_ALPHA64_RUNTIME_FUNCTION_ENTRY	40	windows_kernel
F	0	8	BeginAddress
F	8	8	EndAddress
F	16	8	ExceptionHandler
F	24	8	HandlerData
F	32	8	PrologEndAddress
S	_FILE_RENAME_INFORMATION	16	windows_kernel
F	0	1	ReplaceIfExists
F	1	3	__align0
F	4	4	RootDirectory
F	8	8	FileName
S	_IO_COMPLETION_CONTEXT	8	windows_kernel
F	0	4	Port
F	4	4	Key
S	_RTL_PROCESS_MODULES	288	windows_kernel
F	0	4	NumberOfModules
F	4	284	Modules
S	_RTL_USER_PROCESS_PARAMETERS	0	windows_kernel
S	_SYSTEM_FLAGS_INFORMATION	4	windows_kernel
F	0	4	Flags
S	_PROCESS_ACCESS_TOKEN	8	windows_kernel
F	0	4	Token
F	4	4	Thread
S	_SYSTEM_ALARM_ACE	12	windows_kernel
F	0	4	Header
F	4	4	Mask
F	8	4	SidStart
S	_SYSTEM_MEMORY_INFO	12	windows_kernel
F	0	4	StringOffset
F	4	2	ValidCount
F	6	2	TransitionCount
F	8	2	ModifiedCount
F	10	2	PageTableCount
S	_SYSTEM_INTERRUPT_INFORMATION	24	windows_kernel
F	0	4	ContextSwitches
F	4	4	DpcCount
F	8	4	DpcRate
F	12	4	TimeIncrement
F	16	4	DpcBypassCount
F	20	4	ApcBypassCount
S	_RTL_RANGE	32	windows_kernel
F	0	8	Start
F	8	8	End
F	16	4	UserData
F	20	4	Owner
F	24	1	Attributes
F	25	1	Flags
S	_IMAGE_BOUND_FORWARDER_REF	8	windows_kernel
F	0	4	TimeDateStamp
F	4	2	OffsetModuleName
F	6	2	Reserved
S	_SECURITY_TOKEN_AUDIT_DATA	12	windows_kernel
F	0	4	Length
F	4	4	GrantMask
F	8	4	DenyMask
S	_TOKEN_OWNER	4	windows_kernel
F	0	4	Owner
S	_FILE_ALL_INFORMATION	104	windows_kernel
F	0	40	BasicInformation
F	40	24	StandardInformation
F	64	8	InternalInformation
F	72	4	EaInformation
F	76	4	AccessInformation
F	80	8	PositionInformation
F	88	4	ModeInformation
F	92	4	AlignmentInformation
F	96	8	NameInformation
S	_IMAGE_DOS_HEADER	64	windows_kernel
F	0	2	e_magic
F	2	2	e_cblp
F	4	2	e_cp
F	6	2	e_crlc
F	8	2	e_cparhdr
F	10	2	e_minalloc
F	12	2	e_maxalloc
F	14	2	e_ss
F	16	2	e_sp
F	18	2	e_csum
F	20	2	e_ip
F	22	2	e_cs
F	24	2	e_lfarlc
F	26	2	e_ovno
F	28	8	e_res
F	36	2	e_oemid
F	38	2	e_oeminfo
F	40	20	e_res2
F	60	4	e_lfanew
S	_CM_ROM_BLOCK	8	windows_kernel
F	0	4	Address
F	4	4	Size
S	_SYSTEM_POWER_INFORMATION	16	windows_kernel
F	0	4	MaxIdlenessAllowed
F	4	4	Idleness
F	8	4	TimeRemaining
F	12	1	CoolingMode
S	_RTL_HEAP_PARAMETERS	48	windows_kernel
F	0	4	Length
F	4	4	SegmentReserve
F	8	4	SegmentCommit
F	12	4	DeCommitFreeBlockThreshold
F	16	4	DeCommitTotalFreeThreshold
F	20	4	MaximumAllocationSize
F	24	4	VirtualMemoryThreshold
F	28	4	InitialCommit
F	32	4	InitialReserve
F	40	8	Reserved
S	_FILE_MODE_INFORMATION	4	windows_kernel
F	0	4	Mode
S	_IMAGE_DEBUG_MISC	16	windows_kernel
F	0	4	DataType
F	4	4	Length
F	8	1	Unicode
F	9	3	Reserved
F	12	1	Data
S	_KPROCESS	28	windows_kernel
F	0	8	ReadyListHead
F	8	8	ThreadListHead
F	16	4	StackCount
F	20	4	ThreadQuantum
F	24	1	BasePriority
F	25	1	DisableBoost
F	26	1	DisableQuantum
S	_FILE_ALIGNMENT_INFORMATION	4	windows_kernel
F	0	4	AlignmentRequirement
S	_SYSTEM_CALL_COUNT_INFORMATION	8	windows_kernel
F	0	4	Length
F	4	4	NumberOfTables
S	_FILE_BASIC_INFORMATION	40	windows_kernel
F	0	8	CreationTime
F	8	8	LastAccessTime
F	16	8	LastWriteTime
F	24	8	ChangeTime
F	32	4	FileAttributes
S	_SYSTEM_QUERY_TIME_ADJUST_INFORMATION	12	windows_kernel
F	0	4	TimeAdjustment
F	4	4	TimeIncrement
F	8	1	Enable
S	_FILE_TRACKING_INFORMATION	12	windows_kernel
F	0	4	DestinationFile
F	4	4	ObjectInformationLength
F	8	1	ObjectInformation
S	_RTL_CRITICAL_SECTION	28	windows_kernel
F	0	16	Synchronization
F	16	4	LockCount
F	20	4	RecursionCount
F	24	4	OwningThread
S	_RTL_HEAP_INFORMATION	64	windows_kernel
F	0	4	BaseAddress
F	4	4	Flags
F	8	2	EntryOverhead
F	10	2	CreatorBackTraceIndex
F	12	4	BytesAllocated
F	16	4	BytesCommitted
F	20	4	NumberOfTags
F	24	4	NumberOfEntries
F	28	4	NumberOfPseudoTags
F	32	4	PseudoTagGranularity
F	36	20	Reserved
F	56	4	Tags
F	60	4	Entries
S	_RTL_HEAP_WALK_ENTRY	28	windows_kernel
F	0	4	DataAddress
F	4	4	DataSize
F	8	1	OverheadBytes
F	9	1	SegmentIndex
F	10	2	Flags
F	12	16	Block
F	12	16	Segment
S	_CM_SCSI_DEVICE_DATA	6	windows_kernel
F	0	2	Version
F	2	2	Revision
F	4	1	HostIdentifier
S	_SYSTEM_AUDIT_ACE	12	windows_kernel
F	0	4	Header
F	4	4	Mask
F	8	4	SidStart
S	_FILE_STANDARD_INFORMATION	24	windows_kernel
F	0	8	AllocationSize
F	8	8	EndOfFile
F	16	4	NumberOfLinks
F	20	1	DeletePending
F	21	1	Directory
S	_RTL_PROCESS_LOCKS	40	windows_kernel
F	0	4	NumberOfLocks
F	4	36	Locks
S	_RTL_TIME_ZONE_INFORMATION	172	windows_kernel
F	0	4	Bias
F	4	64	StandardName
F	68	16	StandardStart
F	84	4	StandardBias
F	88	64	DaylightName
F	152	16	DaylightStart
F	168	4	DaylightBias
S	_SYSTEM_OBJECT_INFORMATION	48	windows_kernel
F	0	4	NextEntryOffset
F	4	4	Object
F	8	4	CreatorUniqueProcess
F	12	2	CreatorBackTraceIndex
F	14	2	Flags
F	16	4	PointerCount
F	20	4	HandleCount
F	24	4	PagedPoolCharge
F	28	4	NonPagedPoolCharge
F	32	4	ExclusiveProcessId
F	36	4	SecurityDescriptor
F	40	8	NameInfo
S	_FILE_FS_SIZE_INFORMATION	24	windows_kernel
F	0	8	TotalAllocationUnits
F	8	8	AvailableAllocationUnits
F	16	4	SectorsPerAllocationUnit
F	20	4	BytesPerSector
S	_KTRAP_FRAME	80	windows_kernel
F	0	4	DbgEbp
F	4	4	DbgEip
F	8	4	DbgArgMark
F	12	4	DbgArgPointer
F	16	4	TempSegCs
F	20	4	TempEsp
F	24	4	Edx
F	28	4	Ecx
F	32	4	Eax
F	36	4	ExceptionList
F	40	4	Edi
F	44	4	Esi
F	48	4	Ebx
F	52	4	Ebp
F	56	4	ErrCode
F	60	4	Eip
F	64	4	SegCs
F	68	4	EFlags
F	72	4	HardwareEsp
F	76	4	HardwareSegSs
S	_SYSTEM_AUDIT_OBJECT_ACE	48	windows_kernel
F	0	4	Header
F	4	4	Mask
F	8	4	Flags
F	12	16	ObjectType
F	28	16	InheritedObjectType
F	44	4	SidStart
S	_FILE_PIPE_REMOTE_INFORMATION	16	windows_kernel
F	0	8	CollectDataTime
F	8	4	MaximumCollectionCount
S	_SYSTEM_REGISTRY_QUOTA_INFORMATION	12	windows_kernel
F	0	4	RegistryQuotaAllowed
F	4	4	RegistryQuotaUsed
F	8	4	PagedPoolSize
S	_PROCESSOR_POWER_INFORMATION	24	windows_kernel
F	0	4	Number
F	4	4	MaxMhz
F	8	4	CurrentMhz
F	12	4	MhzLimit
F	16	4	MaxIdleState
F	20	4	CurrentIdleState
S	_SYSTEM_POWER_POLICY	232	windows_kernel
F	0	4	Revision
F	4	12	PowerButton
F	16	12	SleepButton
F	28	12	LidClose
F	40	4	LidOpenWake
F	44	4	Reserved
F	48	12	Idle
F	60	4	IdleTimeout
F	64	1	IdleSensitivity
F	65	3	Spare2
F	68	4	MinSleep
F	72	4	MaxSleep
F	76	4	ReducedLatencySleep
F	80	4	WinLogonFlags
F	84	4	Spare3
F	88	4	DozeS4Timeout
F	92	4	BroadcastCapacityResolution
F	96	96	DischargePolicy
F	192	4	VideoTimeout
F	196	1	VideoDimDisplay
F	197	3	__align0
F	200	12	VideoReserved
F	212	4	SpindownTimeout
F	216	1	OptimizeForPower
F	217	1	FanThrottleTolerance
F	218	1	ForcedThrottle
F	219	1	MinThrottle
F	220	12	OverThrottled
S	_FILE_DIRECTORY_INFORMATION	72	windows_kernel
F	0	4	NextEntryOffset
F	4	4	FileIndex
F	8	8	CreationTime
F	16	8	LastAccessTime
F	24	8	LastWriteTime
F	32	8	ChangeTime
F	40	8	EndOfFile
F	48	8	AllocationSize
F	56	4	FileAttributes
F	60	4	FileNameLength
F	64	1	FileName
S	_IMAGE_FUNCTION_ENTRY	12	windows_kernel
F	0	4	StartingAddress
F	4	4	EndingAddress
F	8	4	EndOfPrologue
S	_PROCESS_BASIC_INFORMATION	24	windows_kernel
F	0	4	ExitStatus
F	4	4	PebBaseAddress
F	8	4	AffinityMask
F	12	4	BasePriority
F	16	4	UniqueProcessId
F	20	4	InheritedFromUniqueProcessId
S	_CM_PCCARD_DEVICE_DATA	32	windows_kernel
F	0	1	Flags
F	1	1	ErrorCode
F	2	2	Reserved
F	4	4	BusData
F	8	4	DeviceId
F	12	4	LegacyBaseAddress
F	16	16	IRQMap
S	_IMAGE_SECTION_HEADER	40	windows_kernel
F	0	8	Name
F	8	4	Misc
F	12	4	VirtualAddress
F	16	4	SizeOfRawData
F	20	4	PointerToRawData
F	24	4	PointerToRelocations
F	28	4	PointerToLinenumbers
F	32	2	NumberOfRelocations
F	34	2	NumberOfLinenumbers
F	36	4	Characteristics
S	_CM_PARTIAL_RESOURCE_DESCRIPTOR	16	windows_kernel
F	0	1	Type
F	1	1	ShareDisposition
F	2	2	Flags
F	4	12	u
S	_KGDTENTRY	8	windows_kernel
F	0	2	LimitLow
F	2	2	BaseLow
F	4	4	HighWord
S	_PROCESS_SESSION_INFORMATION	4	windows_kernel
F	0	4	SessionId
S	_SYSTEM_CONTEXT_SWITCH_INFORMATION	48	windows_kernel
F	0	4	ContextSwitches
F	4	4	FindAny
F	8	4	FindLast
F	12	4	FindIdeal
F	16	4	IdleAny
F	20	4	IdleCurrent
F	24	4	IdleLast
F	28	4	IdleIdeal
F	32	4	PreemptAny
F	36	4	PreemptCurrent
F	40	4	PreemptLast
F	44	4	SwitchToIdle
S	_SYSTEM_DEVICE_INFORMATION	24	windows_kernel
F	0	4	NumberOfDisks
F	4	4	NumberOfFloppies
F	8	4	NumberOfCdRoms
F	12	4	NumberOfTapes
F	16	4	NumberOfSerialPorts
F	20	4	NumberOfParallelPorts
S	_IMAGE_NT_HEADERS64	264	windows_kernel
F	0	4	Signature
F	4	20	FileHeader
F	24	240	OptionalHeader
S	_FILE_NAME_INFORMATION	8	windows_kernel
F	0	4	FileNameLength
F	4	1	FileName
S	_FILE_COMPRESSION_INFORMATION	16	windows_kernel
F	0	8	CompressedFileSize
F	8	2	CompressionFormat
F	10	1	CompressionUnitShift
F	11	1	ChunkShift
F	12	1	ClusterShift
F	13	3	Reserved
S	_KEY_WRITE_TIME_INFORMATION	8	windows_kernel
F	0	8	LastWriteTime
S	_KSWITCHFRAME	12	windows_kernel
F	0	4	ExceptionList
F	4	4	Eflags
F	8	4	RetAddr
S	_SECURITY_DESCRIPTOR	20	windows_kernel
F	0	1	Revision
F	1	1	Sbz1
F	2	2	Control
F	4	4	Owner
F	8	4	Group
F	12	4	Sacl
F	16	4	Dacl
S	_IMAGE_RESOURCE_DIR_STRING_U	4	windows_kernel
F	0	2	Length
F	2	2	NameString
S	_KIDTENTRY	8	windows_kernel
F	0	2	Offset
F	2	2	Selector
F	4	2	Access
F	6	2	ExtendedOffset
S	_CM_PNP_BIOS_DEVICE_NODE	12	windows_kernel
F	0	2	Size
F	2	1	Node
F	3	4	ProductId
F	7	3	DeviceType
F	10	2	DeviceAttributes
S	_FILE_POSITION_INFORMATION	8	windows_kernel
F	0	8	CurrentByteOffset
S	_PROCESS_DEVICEMAP_INFORMATION	36	windows_kernel
F	0	4	Set
F	0	36	Query
S	_TOKEN_PRIMARY_GROUP	4	windows_kernel
F	0	4	PrimaryGroup
S	_SECURITY_QUALITY_OF_SERVICE	12	windows_kernel
F	0	4	Length
F	4	4	ImpersonationLevel
F	8	1	ContextTrackingMode
F	9	1	EffectiveOnly
S	_FILE_OBJECT	72	windows_kernel
F	0	2	Type
F	2	1	DeletePending
F	2	1	ReadAccess
F	2	1	WriteAccess
F	2	1	DeleteAccess
F	2	1	SharedRead
F	2	1	SharedWrite
F	2	1	SharedDelete
F	2	1	Reserved
F	3	1	Flags
F	4	4	DeviceObject
F	8	4	FsContext
F	12	4	FsContext2
F	16	4	FinalStatus
F	20	8	CurrentByteOffset
F	28	4	RelatedFileObject
F	32	4	CompletionContext
F	36	4	LockCount
F	40	16	Lock
F	56	16	Event
S	_CM_MONITOR_DEVICE_DATA	54	windows_kernel
F	0	2	Version
F	2	2	Revision
F	4	2	HorizontalScreenSize
F	6	2	VerticalScreenSize
F	8	2	HorizontalResolution
F	10	2	VerticalResolution
F	12	2	HorizontalDisplayTimeLow
F	14	2	HorizontalDisplayTime
F	16	2	HorizontalDisplayTimeHigh
F	18	2	HorizontalBackPorchLow
F	20	2	HorizontalBackPorch
F	22	2	HorizontalBackPorchHigh
F	24	2	HorizontalFrontPorchLow
F	26	2	HorizontalFrontPorch
F	28	2	HorizontalFrontPorchHigh
F	30	2	HorizontalSyncLow
F	32	2	HorizontalSync
F	34	2	HorizontalSyncHigh
F	36	2	VerticalBackPorchLow
F	38	2	VerticalBackPorch
F	40	2	VerticalBackPorchHigh
F	42	2	VerticalFrontPorchLow
F	44	2	VerticalFrontPorch
F	46	2	VerticalFrontPorchHigh
F	48	2	VerticalSyncLow
F	50	2	VerticalSync
F	52	2	VerticalSyncHigh
S	_IMAGE_RESOURCE_DIRECTORY_STRING	4	windows_kernel
F	0	2	Length
F	2	1	NameString
S	_PORT_DATA_INFORMATION	12	windows_kernel
F	0	4	CountDataEntries
F	4	8	DataEntries
S	_PROCESS_WS_WATCH_INFORMATION	8	windows_kernel
F	0	4	FaultingPc
F	4	4	FaultingVa
S	_RTL_HEAP_USAGE	64	windows_kernel
F	0	4	Length
F	4	4	BytesAllocated
F	8	4	BytesCommitted
F	12	4	BytesReserved
F	16	4	BytesReservedMaximum
F	20	4	Entries
F	24	4	AddedEntries
F	28	4	RemovedEntries
F	32	32	Reserved
S	_KEY_FULL_INFORMATION	48	windows_kernel
F	0	8	LastWriteTime
F	8	4	TitleIndex
F	12	4	ClassOffset
F	16	4	ClassLength
F	20	4	SubKeys
F	24	4	MaxNameLen
F	28	4	MaxClassLen
F	32	4	Values
F	36	4	MaxValueNameLen
F	40	4	MaxValueDataLen
F	44	2	Class
S	_SYSTEM_BASIC_INFORMATION	44	windows_kernel
F	0	4	Reserved
F	4	4	TimerResolution
F	8	4	PageSize
F	12	4	NumberOfPhysicalPages
F	16	4	LowestPhysicalPageNumber
F	20	4	HighestPhysicalPageNumber
F	24	4	AllocationGranularity
F	28	4	MinimumUserModeAddress
F	32	4	MaximumUserModeAddress
F	36	4	ActiveProcessorsAffinityMask
F	40	1	NumberOfProcessors
S	_KiIoAccessMap	8228	windows_kernel
F	0	32	DirectionMap
F	32	8196	IoMap
S	_CM_FULL_RESOURCE_DESCRIPTOR	32	windows_kernel
F	0	4	InterfaceType
F	4	4	BusNumber
F	8	24	PartialResourceList
S	_TOKEN_PRIVILEGES	16	windows_kernel
F	0	4	PrivilegeCount
F	4	12	Privileges
S	_PORT_MESSAGE	24	windows_kernel
F	0	4	u1
F	4	4	u2
F	8	8	ClientId
F	8	8	DoNotUseThisField
F	16	4	MessageId
F	20	4	ClientViewSize
F	20	4	CallbackId
S	_FILE_FS_ATTRIBUTE_INFORMATION	16	windows_kernel
F	0	4	FileSystemAttributes
F	4	4	MaximumComponentNameLength
F	8	4	FileSystemNameLength
F	12	1	FileSystemName
S	_SYSTEM_VDM_INSTEMUL_INFO	136	windows_kernel
F	0	4	SegmentNotPresent
F	4	4	VdmOpcode0F
F	8	4	OpcodeESPrefix
F	12	4	OpcodeCSPrefix
F	16	4	OpcodeSSPrefix
F	20	4	OpcodeDSPrefix
F	24	4	OpcodeFSPrefix
F	28	4	OpcodeGSPrefix
F	32	4	OpcodeOPER32Prefix
F	36	4	OpcodeADDR32Prefix
F	40	4	OpcodeINSB
F	44	4	OpcodeINSW
F	48	4	OpcodeOUTSB
F	52	4	OpcodeOUTSW
F	56	4	OpcodePUSHF
F	60	4	OpcodePOPF
F	64	4	OpcodeINTnn
F	68	4	OpcodeINTO
F	72	4	OpcodeIRET
F	76	4	OpcodeINBimm
F	80	4	OpcodeINWimm
F	84	4	OpcodeOUTBimm
F	88	4	OpcodeOUTWimm
F	92	4	OpcodeINB
F	96	4	OpcodeINW
F	100	4	OpcodeOUTB
F	104	4	OpcodeOUTW
F	108	4	OpcodeLOCKPrefix
F	112	4	OpcodeREPNEPrefix
F	116	4	OpcodeREPPrefix
F	120	4	OpcodeHLT
F	124	4	OpcodeCLI
F	128	4	OpcodeSTI
F	132	4	BopCount
S	_IO_STACK_LOCATION	36	windows_kernel
F	0	1	MajorFunction
F	1	1	MinorFunction
F	2	1	Flags
F	3	1	Control
F	4	16	Parameters
F	20	4	DeviceObject
F	24	4	FileObject
F	32	4	Context
S	_SYSTEM_DPC_BEHAVIOR_INFORMATION	20	windows_kernel
F	0	4	Spare
F	4	4	DpcQueueDepth
F	8	4	MinimumDpcRate
F	12	4	AdjustDpcThreshold
F	16	4	IdealDpcRate
S	_RTL_GENERIC_TABLE	40	windows_kernel
F	0	4	TableRoot
F	4	8	InsertOrderList
F	12	4	OrderedPointer
F	16	4	WhichOrderedElement
F	20	4	NumberGenericTableElements
F	36	4	TableContext
S	_SYSTEM_LOOKASIDE_INFORMATION	32	windows_kernel
F	0	2	CurrentDepth
F	2	2	MaximumDepth
F	4	4	TotalAllocates
F	8	4	AllocateMisses
F	12	4	TotalFrees
F	16	4	FreeMisses
F	20	4	Type
F	24	4	Tag
F	28	4	Size
S	_SYSTEM_FILECACHE_INFORMATION	36	windows_kernel
F	0	4	CurrentSize
F	4	4	PeakSize
F	8	4	PageFaultCount
F	12	4	MinimumWorkingSet
F	16	4	MaximumWorkingSet
F	20	4	CurrentSizeIncludingTransitionInPages
F	24	4	PeakSizeIncludingTransitionInPages
F	28	8	spare
S	_IMAGE_OS2_HEADER	64	windows_kernel
F	0	2	ne_magic
F	2	1	ne_ver
F	3	1	ne_rev
F	4	2	ne_enttab
F	6	2	ne_cbenttab
F	8	4	ne_crc
F	12	2	ne_flags
F	14	2	ne_autodata
F	16	2	ne_heap
F	18	2	ne_stack
F	20	4	ne_csip
F	24	4	ne_sssp
F	28	2	ne_cseg
F	30	2	ne_cmod
F	32	2	ne_cbnrestab
F	34	2	ne_segtab
F	36	2	ne_rsrctab
F	38	2	ne_restab
F	40	2	ne_modtab
F	42	2	ne_imptab
F	44	4	ne_nrestab
F	48	2	ne_cmovent
F	50	2	ne_align
F	52	2	ne_cres
F	54	1	ne_exetyp
F	55	1	ne_flagsothers
F	56	2	ne_pretthunks
F	58	2	ne_psegrefbytes
F	60	2	ne_swaparea
F	62	2	ne_expver
S	_FILE_FS_DEVICE_INFORMATION	8	windows_kernel
F	0	4	DeviceType
F	4	4	Characteristics
S	_IMAGE_TLS_DIRECTORY32	24	windows_kernel
F	0	4	StartAddressOfRawData
F	4	4	EndAddressOfRawData
F	8	4	AddressOfIndex
F	12	4	AddressOfCallBacks
F	16	4	SizeOfZeroFill
F	20	4	Characteristics
S	_NT_TIB	28	windows_kernel
F	0	4	ExceptionList
F	4	4	StackBase
F	8	4	StackLimit
F	12	4	SubSystemTib
F	16	4	FiberData
F	16	4	Version
F	20	4	ArbitraryUserPointer
F	24	4	Self
S	_SYSTEM_POOL_ENTRY	12	windows_kernel
F	0	1	Allocated
F	1	1	Spare0
F	2	2	AllocatorBackTraceIndex
F	4	4	Size
F	8	4	Tag
F	8	4	TagUlong
F	8	4	ProcessChargedQuota
S	_KEY_NODE_INFORMATION	32	windows_kernel
F	0	8	LastWriteTime
F	8	4	TitleIndex
F	12	4	ClassOffset
F	16	4	ClassLength
F	20	4	NameLength
F	24	2	Name
S	_CM_PARTIAL_RESOURCE_LIST	24	windows_kernel
F	0	2	Version
F	2	2	Revision
F	4	4	Count
F	8	16	PartialDescriptors
S	_KDEVICE_QUEUE_ENTRY	16	windows_kernel
F	0	8	DeviceListEntry
F	8	4	SortKey
F	12	1	Inserted
S	_RTL_HEAP_TAG_INFO	12	windows_kernel
F	0	4	NumberOfAllocations
F	4	4	NumberOfFrees
F	8	4	BytesAllocated
S	_FILE_NOTIFY_INFORMATION	16	windows_kernel
F	0	4	NextEntryOffset
F	4	4	Action
F	8	4	FileNameLength
F	12	1	FileName
S	_FILE_FS_OBJECTID_INFORMATION	64	windows_kernel
F	0	16	ObjectId
F	16	48	ExtendedInfo
S	_RTL_PROCESS_MODULE_INFORMATION	284	windows_kernel
F	0	4	Section
F	4	4	MappedBase
F	8	4	ImageBase
F	12	4	ImageSize
F	16	4	Flags
F	20	2	LoadOrderIndex
F	22	2	InitOrderIndex
F	24	2	LoadCount
F	26	2	OffsetToFileName
F	28	256	FullPathName
S	_IMAGE_ROM_OPTIONAL_HEADER	56	windows_kernel
F	0	2	Magic
F	2	1	MajorLinkerVersion
F	3	1	MinorLinkerVersion
F	4	4	SizeOfCode
F	8	4	SizeOfInitializedData
F	12	4	SizeOfUninitializedData
F	16	4	AddressOfEntryPoint
F	20	4	BaseOfCode
F	24	4	BaseOfData
F	28	4	BaseOfBss
F	32	4	GprMask
F	36	16	CprMask
F	52	4	GpValue
S	_ACL_SIZE_INFORMATION	12	windows_kernel
F	0	4	AceCount
F	4	4	AclBytesInUse
F	8	4	AclBytesFree
S	_TIMER_BASIC_INFORMATION	16	windows_kernel
F	0	8	RemainingTime
F	8	1	TimerState
S	_IMAGE_BOUND_IMPORT_DESCRIPTOR	8	windows_kernel
F	0	4	TimeDateStamp
F	4	2	OffsetModuleName
F	6	2	NumberOfModuleForwarderRefs
S	_FILE_STREAM_INFORMATION	32	windows_kernel
F	0	4	NextEntryOffset
F	4	4	StreamNameLength
F	8	8	StreamSize
F	16	8	StreamAllocationSize
F	24	1	StreamName
S	_IMAGE_DATA_DIRECTORY	8	windows_kernel
F	0	4	VirtualAddress
F	4	4	Size
S	_SECURITY_SEED_AND_LENGTH	2	windows_kernel
F	0	1	Length
F	1	1	Seed
S	_RTL_HEAP_TAG	64	windows_kernel
F	0	4	NumberOfAllocations
F	4	4	NumberOfFrees
F	8	4	BytesAllocated
F	12	2	TagIndex
F	14	2	CreatorBackTraceIndex
F	16	48	TagName
S	_IO_STATUS_BLOCK	8	windows_kernel
F	0	4	Status
F	0	4	Pointer
F	4	4	Information
S	_FILE_INTERNAL_INFORMATION	8	windows_kernel
F	0	8	IndexNumber
S	_IO_COUNTERS	48	windows_kernel
F	0	8	ReadOperationCount
F	8	8	WriteOperationCount
F	16	8	OtherOperationCount
F	24	8	ReadTransferCount
F	32	8	WriteTransferCount
F	40	8	OtherTransferCount
S	_FILE_DISPOSITION_INFORMATION	1	windows_kernel
F	0	1	DeleteFile
S	_FILE_PIPE_INFORMATION	8	windows_kernel
F	0	4	ReadMode
F	4	4	CompletionMode
S	_IMAGE_IMPORT_BY_NAME	4	windows_kernel
F	0	2	Hint
F	2	1	Name
S	_CM_KEYBOARD_DEVICE_DATA	8	windows_kernel
F	0	2	Version
F	2	2	Revision
F	4	1	Type
F	5	1	Subtype
F	6	2	KeyboardFlags
S	_IMAGE_BASE_RELOCATION	8	windows_kernel
F	0	4	VirtualAddress
F	4	4	SizeOfBlock
S	_CM_SONIC_DEVICE_DATA	14	windows_kernel
F	0	2	Version
F	2	2	Revision
F	4	2	DataConfigurationRegister
F	6	8	EthernetAddress
S	_IO_RESOURCE_REQUIREMENTS_LIST	72	windows_kernel
F	0	4	ListSize
F	4	4	InterfaceType
F	8	4	BusNumber
F	12	4	SlotNumber
F	16	12	Reserved
F	28	4	AlternativeLists
F	32	40	List
S	_SYSTEM_MEMORY_INFORMATION	20	windows_kernel
F	0	4	InfoSize
F	4	4	StringStart
F	8	12	Memory
S	_TOKEN_GROUPS	12	windows_kernel
F	0	4	GroupCount
F	4	8	Groups
S	_IMAGE_THUNK_DATA64	8	windows_kernel
F	0	8	u1
S	_KWAIT_BLOCK	24	windows_kernel
F	0	8	WaitListEntry
F	8	4	Thread
F	12	4	Object
F	16	4	NextWaitBlock
F	20	2	WaitKey
F	22	2	WaitType
S	_IMAGE_RESOURCE_DIRECTORY	16	windows_kernel
F	0	4	Characteristics
F	4	4	TimeDateStamp
F	8	2	MajorVersion
F	10	2	MinorVersion
F	12	2	NumberOfNamedEntries
F	14	2	NumberOfIdEntries
S	_RTL_HANDLE_TABLE_ENTRY	4	windows_kernel
F	0	4	Flags
F	0	4	NextFree
S	_IMAGE_TLS_DIRECTORY64	40	windows_kernel
F	0	8	StartAddressOfRawData
F	8	8	EndAddressOfRawData
F	16	8	AddressOfIndex
F	24	8	AddressOfCallBacks
F	32	4	SizeOfZeroFill
F	36	4	Characteristics
S	_SECURITY_ADVANCED_QUALITY_OF_SERVICE	20	windows_kernel
F	0	4	Length
F	4	4	ImpersonationLevel
F	8	1	ContextTrackingMode
F	9	1	EffectiveOnly
F	10	2	__align0
F	12	4	ProxyData
F	16	4	AuditData
S	_SYSTEM_TIMEOFDAY_INFORMATION	48	windows_kernel
F	0	8	BootTime
F	8	8	CurrentTime
F	16	8	TimeZoneBias
F	24	4	TimeZoneId
F	28	4	Reserved
F	32	8	BootTimeBias
F	40	8	SleepTimeBias
S	_CM_EISA_FUNCTION_INFORMATION	320	windows_kernel
F	0	4	CompressedId
F	4	1	IdSlotFlags1
F	5	1	IdSlotFlags2
F	6	1	MinorRevision
F	7	1	MajorRevision
F	8	26	Selections
F	34	1	FunctionFlags
F	35	80	TypeString
F	115	63	EisaMemory
F	178	14	EisaIrq
F	192	8	EisaDma
F	200	60	EisaPort
F	260	60	InitializationData
S	_ACL_REVISION_INFORMATION	4	windows_kernel
F	0	4	AclRevision
S	_IMAGE_IMPORT_DESCRIPTOR	20	windows_kernel
F	0	4	Characteristics
F	0	4	OriginalFirstThunk
F	4	4	TimeDateStamp
F	8	4	ForwarderChain
F	12	4	Name
F	16	4	FirstThunk
S	_CM_VIDEO_DEVICE_DATA	8	windows_kernel
F	0	2	Version
F	2	2	Revision
F	4	4	VideoClock
S	_MODE_SENSE	6	windows_kernel
F	0	1	OperationCode
F	1	1	Reserved1
F	1	1	Dbd
F	1	1	Reserved2
F	1	1	LogicalUnitNumber
F	2	1	PageCode
F	2	1	Pc
F	3	1	Reserved3
F	4	1	AllocationLength
F	5	1	Control
S	_MODE_SENSE10	10	windows_kernel
F	0	1	OperationCode
F	1	1	Reserved1
F	1	1	Dbd
F	1	1	Reserved2
F	1	1	LogicalUnitNumber
F	2	1	PageCode
F	2	1	Pc
F	3	4	Reserved3
F	7	2	AllocationLength
F	9	1	Control
S	_MODE_SELECT	6	windows_kernel
F	0	1	OperationCode
F	1	1	SPBit
F	1	1	Reserved1
F	1	1	PFBit
F	1	1	LogicalUnitNumber
F	2	2	Reserved2
F	4	1	ParameterListLength
F	5	1	Control
S	_MODE_PARAMETER_HEADER10	8	windows_kernel
F	0	2	ModeDataLength
F	2	1	MediumType
F	3	1	DeviceSpecificParameter
F	4	2	Reserved
F	6	2	BlockDescriptorLength
S	_MODE_SELECT10	10	windows_kernel
F	0	1	OperationCode
F	1	1	SPBit
F	1	1	Reserved1
F	1	1	PFBit
F	1	1	LogicalUnitNumber
F	2	5	Reserved2
F	7	2	ParameterListLength
F	9	1	Control
